{
"type": "FeatureCollection",
"name": "Distrito Local 15",
"crs": { "type": "name", "properties": { "name": "urn:ogc:def:crs:EPSG::6369" } },
"xy_coordinate_resolution": 1e-15,
"features": [
{ "type": "Feature", "properties": { "fid": 1, "ID": 1952, "ENTIDAD": 9, "DISTRITO_F": 13, "DISTRITO_L": 15, "MUNICIPIO": 6, "SECCION": 1957, "TIPO": 2, "CONTROL": 40120, "GEOMETRY1_": null, "CONCENTRAD": null, "CONCENTR_1": null, "CONCENTR_2": null, "CONCENTR_3": null, "CONCENTR_4": null, "CONCENTR_5": null, "CONCENTR_6": null, "CONCENTR_7": null, "CONCENTR_8": null, "CONCENTR_9": null, "CONCENTR10": null, "CONCENTR11": null, "CONCENTR12": null, "CONCENTR13": null, "CONCENTR14": null, "CONCENTR15": null, "CONCENTR16": null, "CONCENTR17": null, "CONCENTR18": null, "CONCENTR19": null, "CONCENTR20": null, "CONCENTR21": null, "CONCENTR22": null, "CONCENTR23": null, "layer": "Ruta 01", "path": "D:/Atlas de Riesgos 2024/SHAPE/Secciones Electorares Distrito 15/Rutas/Ruta 01.gpkg|layername=Ruta 1" }, "geometry": { "type": "MultiPolygon", "coordinates": [ [ [ [ 485990.591129793901928, 2145213.212045560590923 ], [ 486048.587323515443131, 2145208.568844850175083 ], [ 486104.408635967643932, 2145204.112051911186427 ], [ 486164.695701562333852, 2145199.298711710609496 ], [ 486229.0078773216228, 2145196.195383451413363 ], [ 486285.981723404605873, 2145195.173429681453854 ], [ 486340.400688478606753, 2145193.385011641308665 ], [ 486398.907463162555359, 2145192.618545951787382 ], [ 486449.217667440185323, 2145194.297158340457827 ], [ 486471.564636118826456, 2145195.042770471889526 ], [ 486463.124841204204131, 2144956.707422337960452 ], [ 486462.909731846826617, 2144866.756550950463861 ], [ 486439.746609804104082, 2144865.929855570662767 ], [ 486398.305449688574299, 2144855.399450950790197 ], [ 486352.588601033960003, 2144833.577914310619235 ], [ 486332.318016578035895, 2144821.712206342257559 ], [ 486310.216057366866153, 2144807.587181122042239 ], [ 486272.600258141756058, 2144782.131261812523007 ], [ 486242.831184463691898, 2144751.723317443393171 ], [ 486245.972930981253739, 2144836.193565681111068 ], [ 486248.33795042015845, 2144960.407929197885096 ], [ 486182.492229211027734, 2144962.157091477885842 ], [ 486146.512476743257139, 2144962.157092328649014 ], [ 486091.317643367452547, 2144965.134832077659667 ], [ 486036.338431427837349, 2144967.916800837032497 ], [ 485978.495118311198894, 2144969.51872807694599 ], [ 485990.591129793901928, 2145213.212045560590923 ] ] ] ] } },
{ "type": "Feature", "properties": { "fid": 2, "ID": 1945, "ENTIDAD": 9, "DISTRITO_F": 13, "DISTRITO_L": 15, "MUNICIPIO": 6, "SECCION": 1950, "TIPO": 2, "CONTROL": 40089, "GEOMETRY1_": null, "CONCENTRAD": null, "CONCENTR_1": null, "CONCENTR_2": null, "CONCENTR_3": null, "CONCENTR_4": null, "CONCENTR_5": null, "CONCENTR_6": null, "CONCENTR_7": null, "CONCENTR_8": null, "CONCENTR_9": null, "CONCENTR10": null, "CONCENTR11": null, "CONCENTR12": null, "CONCENTR13": null, "CONCENTR14": null, "CONCENTR15": null, "CONCENTR16": null, "CONCENTR17": null, "CONCENTR18": null, "CONCENTR19": null, "CONCENTR20": null, "CONCENTR21": null, "CONCENTR22": null, "CONCENTR23": null, "layer": "Ruta 01", "path": "D:/Atlas de Riesgos 2024/SHAPE/Secciones Electorares Distrito 15/Rutas/Ruta 01.gpkg|layername=Ruta 1" }, "geometry": { "type": "MultiPolygon", "coordinates": [ [ [ [ 486479.074428580875974, 2145486.524901342578232 ], [ 486478.414021308650263, 2145460.892113233916461 ], [ 486471.564636118826456, 2145195.042770471889526 ], [ 486449.217667440185323, 2145194.297158340457827 ], [ 486398.907463162555359, 2145192.618545951787382 ], [ 486340.400688478606753, 2145193.385011641308665 ], [ 486285.981723404605873, 2145195.173429681453854 ], [ 486229.0078773216228, 2145196.195383451413363 ], [ 486164.695701562333852, 2145199.298711710609496 ], [ 486168.721477899060119, 2145216.699933190830052 ], [ 486179.098693375126459, 2145414.200149845331907 ], [ 486179.39625831390731, 2145418.640000544954091 ], [ 486179.552797940094024, 2145420.975667415186763 ], [ 486179.699775315122679, 2145423.168659654911608 ], [ 486179.953851048601791, 2145426.959624834824353 ], [ 486180.10693132475717, 2145429.243676095735282 ], [ 486180.487230408529285, 2145434.917970784474164 ], [ 486180.75844101945404, 2145438.964598814025521 ], [ 486234.973373924556654, 2145436.262878124602139 ], [ 486292.044270021549892, 2145439.258226374629885 ], [ 486343.702043914527167, 2145447.865022794809192 ], [ 486456.380856852047145, 2145480.044032073114067 ], [ 486479.074428580875974, 2145486.524901342578232 ] ] ] ] } },
{ "type": "Feature", "properties": { "fid": 3, "ID": 1946, "ENTIDAD": 9, "DISTRITO_F": 13, "DISTRITO_L": 15, "MUNICIPIO": 6, "SECCION": 1951, "TIPO": 2, "CONTROL": 40087, "GEOMETRY1_": null, "CONCENTRAD": null, "CONCENTR_1": null, "CONCENTR_2": null, "CONCENTR_3": null, "CONCENTR_4": null, "CONCENTR_5": null, "CONCENTR_6": null, "CONCENTR_7": null, "CONCENTR_8": null, "CONCENTR_9": null, "CONCENTR10": null, "CONCENTR11": null, "CONCENTR12": null, "CONCENTR13": null, "CONCENTR14": null, "CONCENTR15": null, "CONCENTR16": null, "CONCENTR17": null, "CONCENTR18": null, "CONCENTR19": null, "CONCENTR20": null, "CONCENTR21": null, "CONCENTR22": null, "CONCENTR23": null, "layer": "Ruta 01", "path": "D:/Atlas de Riesgos 2024/SHAPE/Secciones Electorares Distrito 15/Rutas/Ruta 01.gpkg|layername=Ruta 1" }, "geometry": { "type": "MultiPolygon", "coordinates": [ [ [ [ 486008.691170096280985, 2145451.150254864711314 ], [ 486085.948531313391868, 2145445.71909672440961 ], [ 486139.632443749113008, 2145441.894518944434822 ], [ 486180.75844101945404, 2145438.964598814025521 ], [ 486180.487230408529285, 2145434.917970784474164 ], [ 486180.10693132475717, 2145429.243676095735282 ], [ 486179.953851048601791, 2145426.959624834824353 ], [ 486179.699775315122679, 2145423.168659654911608 ], [ 486179.552797940094024, 2145420.975667415186763 ], [ 486179.39625831390731, 2145418.640000544954091 ], [ 486179.098693375126459, 2145414.200149845331907 ], [ 486168.721477899060119, 2145216.699933190830052 ], [ 486164.695701562333852, 2145199.298711710609496 ], [ 486104.408635967643932, 2145204.112051911186427 ], [ 486048.587323515443131, 2145208.568844850175083 ], [ 485990.591129793901928, 2145213.212045560590923 ], [ 485995.857851964596193, 2145229.760002480819821 ], [ 486007.340205742861144, 2145427.844486545305699 ], [ 486007.661870433250442, 2145433.393591304775327 ], [ 486008.041536150907632, 2145439.943283934611827 ], [ 486008.513222635840066, 2145448.080446035135537 ], [ 486008.691170096280985, 2145451.150254864711314 ] ] ] ] } },
{ "type": "Feature", "properties": { "fid": 4, "ID": 1947, "ENTIDAD": 9, "DISTRITO_F": 13, "DISTRITO_L": 15, "MUNICIPIO": 6, "SECCION": 1952, "TIPO": 2, "CONTROL": 40085, "GEOMETRY1_": null, "CONCENTRAD": null, "CONCENTR_1": null, "CONCENTR_2": null, "CONCENTR_3": null, "CONCENTR_4": null, "CONCENTR_5": null, "CONCENTR_6": null, "CONCENTR_7": null, "CONCENTR_8": null, "CONCENTR_9": null, "CONCENTR10": null, "CONCENTR11": null, "CONCENTR12": null, "CONCENTR13": null, "CONCENTR14": null, "CONCENTR15": null, "CONCENTR16": null, "CONCENTR17": null, "CONCENTR18": null, "CONCENTR19": null, "CONCENTR20": null, "CONCENTR21": null, "CONCENTR22": null, "CONCENTR23": null, "layer": "Ruta 01", "path": "D:/Atlas de Riesgos 2024/SHAPE/Secciones Electorares Distrito 15/Rutas/Ruta 01.gpkg|layername=Ruta 1" }, "geometry": { "type": "MultiPolygon", "coordinates": [ [ [ [ 485901.289939349750057, 2145457.818328244611621 ], [ 485944.873792523401789, 2145455.070039794780314 ], [ 485959.002072658506222, 2145454.184190223924816 ], [ 486008.691170096280985, 2145451.150254864711314 ], [ 486008.513222635840066, 2145448.080446035135537 ], [ 486008.041536150907632, 2145439.943283934611827 ], [ 486007.661870433250442, 2145433.393591304775327 ], [ 486007.340205742861144, 2145427.844486545305699 ], [ 485995.857851964596193, 2145229.760002480819821 ], [ 485990.591129793901928, 2145213.212045560590923 ], [ 485936.756935475917999, 2145217.630050831008703 ], [ 485884.47036483156262, 2145221.921047430951148 ], [ 485899.579718200024217, 2145435.514668604359031 ], [ 485900.007273487281054, 2145441.09058351488784 ], [ 485900.434828774421476, 2145446.666498424950987 ], [ 485901.061379688791931, 2145454.837592744734138 ], [ 485901.289939349750057, 2145457.818328244611621 ] ] ] ] } },
{ "type": "Feature", "properties": { "fid": 5, "ID": 1948, "ENTIDAD": 9, "DISTRITO_F": 13, "DISTRITO_L": 15, "MUNICIPIO": 6, "SECCION": 1953, "TIPO": 2, "CONTROL": 40082, "GEOMETRY1_": null, "CONCENTRAD": null, "CONCENTR_1": null, "CONCENTR_2": null, "CONCENTR_3": null, "CONCENTR_4": null, "CONCENTR_5": null, "CONCENTR_6": null, "CONCENTR_7": null, "CONCENTR_8": null, "CONCENTR_9": null, "CONCENTR10": null, "CONCENTR11": null, "CONCENTR12": null, "CONCENTR13": null, "CONCENTR14": null, "CONCENTR15": null, "CONCENTR16": null, "CONCENTR17": null, "CONCENTR18": null, "CONCENTR19": null, "CONCENTR20": null, "CONCENTR21": null, "CONCENTR22": null, "CONCENTR23": null, "layer": "Ruta 01", "path": "D:/Atlas de Riesgos 2024/SHAPE/Secciones Electorares Distrito 15/Rutas/Ruta 01.gpkg|layername=Ruta 1" }, "geometry": { "type": "MultiPolygon", "coordinates": [ [ [ [ 485668.253156858729199, 2145472.116746093146503 ], [ 485680.865790434298106, 2145471.342873813118786 ], [ 485692.34395816642791, 2145470.638608863577247 ], [ 485901.289939349750057, 2145457.818328244611621 ], [ 485901.061379688791931, 2145454.837592744734138 ], [ 485900.434828774421476, 2145446.666498424950987 ], [ 485900.007273487281054, 2145441.09058351488784 ], [ 485899.579718200024217, 2145435.514668604359031 ], [ 485884.47036483156262, 2145221.921047430951148 ], [ 485824.076529252401087, 2145227.441566460300237 ], [ 485771.546850704704411, 2145232.243233499582857 ], [ 485719.770455811289139, 2145236.976043909788132 ], [ 485635.442266274243593, 2145244.684369950089604 ], [ 485659.763917273026891, 2145413.088690505363047 ], [ 485663.269337127392646, 2145437.360391834750772 ], [ 485668.253156858729199, 2145472.116746093146503 ] ] ] ] } },
{ "type": "Feature", "properties": { "fid": 6, "ID": 1949, "ENTIDAD": 9, "DISTRITO_F": 13, "DISTRITO_L": 15, "MUNICIPIO": 6, "SECCION": 1954, "TIPO": 2, "CONTROL": 40116, "GEOMETRY1_": null, "CONCENTRAD": null, "CONCENTR_1": null, "CONCENTR_2": null, "CONCENTR_3": null, "CONCENTR_4": null, "CONCENTR_5": null, "CONCENTR_6": null, "CONCENTR_7": null, "CONCENTR_8": null, "CONCENTR_9": null, "CONCENTR10": null, "CONCENTR11": null, "CONCENTR12": null, "CONCENTR13": null, "CONCENTR14": null, "CONCENTR15": null, "CONCENTR16": null, "CONCENTR17": null, "CONCENTR18": null, "CONCENTR19": null, "CONCENTR20": null, "CONCENTR21": null, "CONCENTR22": null, "CONCENTR23": null, "layer": "Ruta 01", "path": "D:/Atlas de Riesgos 2024/SHAPE/Secciones Electorares Distrito 15/Rutas/Ruta 01.gpkg|layername=Ruta 1" }, "geometry": { "type": "MultiPolygon", "coordinates": [ [ [ [ 485635.442266274243593, 2145244.684369950089604 ], [ 485719.770455811289139, 2145236.976043909788132 ], [ 485682.061672942480072, 2144984.013731757178903 ], [ 485599.839891533832997, 2144988.406601807102561 ], [ 485613.229916197597049, 2145084.792465404141694 ], [ 485621.380030279804487, 2145143.459704962559044 ], [ 485635.442266274243593, 2145244.684369950089604 ] ] ] ] } },
{ "type": "Feature", "properties": { "fid": 7, "ID": 1950, "ENTIDAD": 9, "DISTRITO_F": 13, "DISTRITO_L": 15, "MUNICIPIO": 6, "SECCION": 1955, "TIPO": 2, "CONTROL": 40117, "GEOMETRY1_": null, "CONCENTRAD": null, "CONCENTR_1": null, "CONCENTR_2": null, "CONCENTR_3": null, "CONCENTR_4": null, "CONCENTR_5": null, "CONCENTR_6": null, "CONCENTR_7": null, "CONCENTR_8": null, "CONCENTR_9": null, "CONCENTR10": null, "CONCENTR11": null, "CONCENTR12": null, "CONCENTR13": null, "CONCENTR14": null, "CONCENTR15": null, "CONCENTR16": null, "CONCENTR17": null, "CONCENTR18": null, "CONCENTR19": null, "CONCENTR20": null, "CONCENTR21": null, "CONCENTR22": null, "CONCENTR23": null, "layer": "Ruta 01", "path": "D:/Atlas de Riesgos 2024/SHAPE/Secciones Electorares Distrito 15/Rutas/Ruta 01.gpkg|layername=Ruta 1" }, "geometry": { "type": "MultiPolygon", "coordinates": [ [ [ [ 485719.770455811289139, 2145236.976043909788132 ], [ 485771.546850704704411, 2145232.243233499582857 ], [ 485824.076529252401087, 2145227.441566460300237 ], [ 485884.47036483156262, 2145221.921047430951148 ], [ 485877.088078571017832, 2145211.459653470665216 ], [ 485853.734522247279529, 2144974.841752007137984 ], [ 485793.968840624263976, 2144978.034858096856624 ], [ 485734.203159004915506, 2144981.227964196819812 ], [ 485682.061672942480072, 2144984.013731757178903 ], [ 485719.770455811289139, 2145236.976043909788132 ] ] ] ] } },
{ "type": "Feature", "properties": { "fid": 8, "ID": 1951, "ENTIDAD": 9, "DISTRITO_F": 13, "DISTRITO_L": 15, "MUNICIPIO": 6, "SECCION": 1956, "TIPO": 2, "CONTROL": 40118, "GEOMETRY1_": null, "CONCENTRAD": null, "CONCENTR_1": null, "CONCENTR_2": null, "CONCENTR_3": null, "CONCENTR_4": null, "CONCENTR_5": null, "CONCENTR_6": null, "CONCENTR_7": null, "CONCENTR_8": null, "CONCENTR_9": null, "CONCENTR10": null, "CONCENTR11": null, "CONCENTR12": null, "CONCENTR13": null, "CONCENTR14": null, "CONCENTR15": null, "CONCENTR16": null, "CONCENTR17": null, "CONCENTR18": null, "CONCENTR19": null, "CONCENTR20": null, "CONCENTR21": null, "CONCENTR22": null, "CONCENTR23": null, "layer": "Ruta 01", "path": "D:/Atlas de Riesgos 2024/SHAPE/Secciones Electorares Distrito 15/Rutas/Ruta 01.gpkg|layername=Ruta 1" }, "geometry": { "type": "MultiPolygon", "coordinates": [ [ [ [ 485884.47036483156262, 2145221.921047430951148 ], [ 485936.756935475917999, 2145217.630050831008703 ], [ 485990.591129793901928, 2145213.212045560590923 ], [ 485978.495118311198894, 2144969.51872807694599 ], [ 485921.175607824290637, 2144971.238571467343718 ], [ 485853.734522247279529, 2144974.841752007137984 ], [ 485877.088078571017832, 2145211.459653470665216 ], [ 485884.47036483156262, 2145221.921047430951148 ] ] ] ] } },
{ "type": "Feature", "properties": { "fid": 1, "ID": 1953, "ENTIDAD": 9, "DISTRITO_F": 13, "DISTRITO_L": 15, "MUNICIPIO": 6, "SECCION": 1958, "TIPO": 2, "CONTROL": 40122, "GEOMETRY1_": null, "CONCENTRAD": null, "CONCENTR_1": null, "CONCENTR_2": null, "CONCENTR_3": null, "CONCENTR_4": null, "CONCENTR_5": null, "CONCENTR_6": null, "CONCENTR_7": null, "CONCENTR_8": null, "CONCENTR_9": null, "CONCENTR10": null, "CONCENTR11": null, "CONCENTR12": null, "CONCENTR13": null, "CONCENTR14": null, "CONCENTR15": null, "CONCENTR16": null, "CONCENTR17": null, "CONCENTR18": null, "CONCENTR19": null, "CONCENTR20": null, "CONCENTR21": null, "CONCENTR22": null, "CONCENTR23": null, "layer": "Ruta 02", "path": "D:/Atlas de Riesgos 2024/SHAPE/Secciones Electorares Distrito 15/Rutas/Ruta 02.gpkg|layername=Ruta 02" }, "geometry": { "type": "MultiPolygon", "coordinates": [ [ [ [ 486592.253738581435755, 2145224.902865750715137 ], [ 486593.801975012000185, 2145185.043722011614591 ], [ 486593.801972240791656, 2145064.926874394528568 ], [ 486594.047337226977106, 2144953.150552627630532 ], [ 486532.73669617890846, 2144954.782035597134382 ], [ 486463.124841204204131, 2144956.707422337960452 ], [ 486471.564636118826456, 2145195.042770471889526 ], [ 486532.941936185525265, 2145210.373058230616152 ], [ 486580.79039413650753, 2145222.32422958035022 ], [ 486592.253738581435755, 2145224.902865750715137 ] ] ] ] } },
{ "type": "Feature", "properties": { "fid": 2, "ID": 1942, "ENTIDAD": 9, "DISTRITO_F": 13, "DISTRITO_L": 15, "MUNICIPIO": 6, "SECCION": 1947, "TIPO": 2, "CONTROL": 40107, "GEOMETRY1_": null, "CONCENTRAD": null, "CONCENTR_1": null, "CONCENTR_2": null, "CONCENTR_3": null, "CONCENTR_4": null, "CONCENTR_5": null, "CONCENTR_6": null, "CONCENTR_7": null, "CONCENTR_8": null, "CONCENTR_9": null, "CONCENTR10": null, "CONCENTR11": null, "CONCENTR12": null, "CONCENTR13": null, "CONCENTR14": null, "CONCENTR15": null, "CONCENTR16": null, "CONCENTR17": null, "CONCENTR18": null, "CONCENTR19": null, "CONCENTR20": null, "CONCENTR21": null, "CONCENTR22": null, "CONCENTR23": null, "layer": "Ruta 02", "path": "D:/Atlas de Riesgos 2024/SHAPE/Secciones Electorares Distrito 15/Rutas/Ruta 02.gpkg|layername=Ruta 02" }, "geometry": { "type": "MultiPolygon", "coordinates": [ [ [ [ 487058.394227101642173, 2145622.492711570113897 ], [ 487059.266722464759368, 2145610.515725589357316 ], [ 487059.426720762159675, 2145608.319384549744427 ], [ 487059.736735269718338, 2145604.063729380257428 ], [ 487060.55437804129906, 2145592.839720129966736 ], [ 487060.826334440149367, 2145589.106499200221151 ], [ 487064.376347924408037, 2145540.374478922691196 ], [ 487075.364040477317758, 2145389.543374035507441 ], [ 487075.364038494764827, 2145300.451822877861559 ], [ 487064.637636080617085, 2145300.470322518143803 ], [ 487038.267262984474655, 2145300.534455738496035 ], [ 487015.891085653391201, 2145300.59170023817569 ], [ 487013.369273524906021, 2145300.598151728045195 ], [ 486980.016876134672202, 2145300.683476468548179 ], [ 486935.562902973208111, 2145300.797202127985656 ], [ 486860.348964876611717, 2145300.989620367996395 ], [ 486816.490324024693109, 2145501.189559353515506 ], [ 486810.017222041264176, 2145535.690728571731597 ], [ 486808.757396759930998, 2145543.866813721135259 ], [ 486807.197975016781129, 2145554.113268351182342 ], [ 486805.776565304491669, 2145564.076562671456486 ], [ 486804.355155591736548, 2145574.039856990799308 ], [ 487058.394227101642173, 2145622.492711570113897 ] ] ] ] } },
{ "type": "Feature", "properties": { "fid": 3, "ID": 1943, "ENTIDAD": 9, "DISTRITO_F": 13, "DISTRITO_L": 15, "MUNICIPIO": 6, "SECCION": 1948, "TIPO": 2, "CONTROL": 43095, "GEOMETRY1_": null, "CONCENTRAD": null, "CONCENTR_1": null, "CONCENTR_2": null, "CONCENTR_3": null, "CONCENTR_4": null, "CONCENTR_5": null, "CONCENTR_6": null, "CONCENTR_7": null, "CONCENTR_8": null, "CONCENTR_9": null, "CONCENTR10": null, "CONCENTR11": null, "CONCENTR12": null, "CONCENTR13": null, "CONCENTR14": null, "CONCENTR15": null, "CONCENTR16": null, "CONCENTR17": null, "CONCENTR18": null, "CONCENTR19": null, "CONCENTR20": null, "CONCENTR21": null, "CONCENTR22": null, "CONCENTR23": null, "layer": "Ruta 02", "path": "D:/Atlas de Riesgos 2024/SHAPE/Secciones Electorares Distrito 15/Rutas/Ruta 02.gpkg|layername=Ruta 02" }, "geometry": { "type": "MultiPolygon", "coordinates": [ [ [ [ 486804.355155591736548, 2145574.039856990799308 ], [ 486805.776565304491669, 2145564.076562671456486 ], [ 486807.197975016781129, 2145554.113268351182342 ], [ 486808.757396759930998, 2145543.866813721135259 ], [ 486810.017222041264176, 2145535.690728571731597 ], [ 486816.490324024693109, 2145501.189559353515506 ], [ 486860.348964876611717, 2145300.989620367996395 ], [ 486870.118418607919011, 2145263.742372539360076 ], [ 486874.281207361782435, 2145248.541262421291322 ], [ 486769.69497978372965, 2145248.470528359524906 ], [ 486708.59002164111007, 2145248.063866170123219 ], [ 486690.506601667380892, 2145247.050617850385606 ], [ 486639.116703148698434, 2145236.459244280587882 ], [ 486592.253738581435755, 2145224.902865750715137 ], [ 486580.79039413650753, 2145222.32422958035022 ], [ 486570.614376065554097, 2145490.622616533655673 ], [ 486570.342059443471953, 2145496.738833102863282 ], [ 486570.185590189241339, 2145500.253124072682112 ], [ 486569.829032392182853, 2145508.261392862536013 ], [ 486569.520409513497725, 2145515.193045972846448 ], [ 486646.472943141416181, 2145539.963173911441118 ], [ 486786.568044773594011, 2145570.200756121426821 ], [ 486804.355155591736548, 2145574.039856990799308 ] ] ] ] } },
{ "type": "Feature", "properties": { "fid": 4, "ID": 1944, "ENTIDAD": 9, "DISTRITO_F": 13, "DISTRITO_L": 15, "MUNICIPIO": 6, "SECCION": 1949, "TIPO": 2, "CONTROL": 43094, "GEOMETRY1_": null, "CONCENTRAD": null, "CONCENTR_1": null, "CONCENTR_2": null, "CONCENTR_3": null, "CONCENTR_4": null, "CONCENTR_5": null, "CONCENTR_6": null, "CONCENTR_7": null, "CONCENTR_8": null, "CONCENTR_9": null, "CONCENTR10": null, "CONCENTR11": null, "CONCENTR12": null, "CONCENTR13": null, "CONCENTR14": null, "CONCENTR15": null, "CONCENTR16": null, "CONCENTR17": null, "CONCENTR18": null, "CONCENTR19": null, "CONCENTR20": null, "CONCENTR21": null, "CONCENTR22": null, "CONCENTR23": null, "layer": "Ruta 02", "path": "D:/Atlas de Riesgos 2024/SHAPE/Secciones Electorares Distrito 15/Rutas/Ruta 02.gpkg|layername=Ruta 02" }, "geometry": { "type": "MultiPolygon", "coordinates": [ [ [ [ 486569.520409513497725, 2145515.193045972846448 ], [ 486569.829032392182853, 2145508.261392862536013 ], [ 486570.185590189241339, 2145500.253124072682112 ], [ 486570.342059443471953, 2145496.738833102863282 ], [ 486570.614376065554097, 2145490.622616533655673 ], [ 486580.79039413650753, 2145222.32422958035022 ], [ 486532.941936185525265, 2145210.373058230616152 ], [ 486471.564636118826456, 2145195.042770471889526 ], [ 486478.414021308650263, 2145460.892113233916461 ], [ 486479.074428580875974, 2145486.524901342578232 ], [ 486485.250497835688293, 2145488.482494644355029 ], [ 486569.520409513497725, 2145515.193045972846448 ] ] ] ] } },
{ "type": "Feature", "properties": { "fid": 5, "ID": 1954, "ENTIDAD": 9, "DISTRITO_F": 13, "DISTRITO_L": 15, "MUNICIPIO": 6, "SECCION": 1959, "TIPO": 2, "CONTROL": 40123, "GEOMETRY1_": null, "CONCENTRAD": null, "CONCENTR_1": null, "CONCENTR_2": null, "CONCENTR_3": null, "CONCENTR_4": null, "CONCENTR_5": null, "CONCENTR_6": null, "CONCENTR_7": null, "CONCENTR_8": null, "CONCENTR_9": null, "CONCENTR10": null, "CONCENTR11": null, "CONCENTR12": null, "CONCENTR13": null, "CONCENTR14": null, "CONCENTR15": null, "CONCENTR16": null, "CONCENTR17": null, "CONCENTR18": null, "CONCENTR19": null, "CONCENTR20": null, "CONCENTR21": null, "CONCENTR22": null, "CONCENTR23": null, "layer": "Ruta 02", "path": "D:/Atlas de Riesgos 2024/SHAPE/Secciones Electorares Distrito 15/Rutas/Ruta 02.gpkg|layername=Ruta 02" }, "geometry": { "type": "MultiPolygon", "coordinates": [ [ [ [ 486874.281207361782435, 2145248.541262421291322 ], [ 486896.85084784089122, 2145179.204755381681025 ], [ 486907.366069428855553, 2145147.484207362402231 ], [ 486915.930337035679258, 2145121.648968453984708 ], [ 486933.25185025803512, 2145069.396347105503082 ], [ 486714.022727632487658, 2145069.396352044772357 ], [ 486703.425545398029499, 2145010.667609706521034 ], [ 486698.515544283436611, 2144952.672682398464531 ], [ 486685.261280455219094, 2144952.733311547897756 ], [ 486634.399563524348196, 2144952.965968927834183 ], [ 486607.038251035613939, 2144953.091128127649426 ], [ 486594.047337226977106, 2144953.150552627630532 ], [ 486593.801972240791656, 2145064.926874394528568 ], [ 486593.801975012000185, 2145185.043722011614591 ], [ 486592.253738581435755, 2145224.902865750715137 ], [ 486639.116703148698434, 2145236.459244280587882 ], [ 486690.506601667380892, 2145247.050617850385606 ], [ 486708.59002164111007, 2145248.063866170123219 ], [ 486769.69497978372965, 2145248.470528359524906 ], [ 486874.281207361782435, 2145248.541262421291322 ] ] ] ] } },
{ "type": "Feature", "properties": { "fid": 6, "ID": 1959, "ENTIDAD": 9, "DISTRITO_F": 13, "DISTRITO_L": 15, "MUNICIPIO": 6, "SECCION": 1964, "TIPO": 2, "CONTROL": 40125, "GEOMETRY1_": null, "CONCENTRAD": null, "CONCENTR_1": null, "CONCENTR_2": null, "CONCENTR_3": null, "CONCENTR_4": null, "CONCENTR_5": null, "CONCENTR_6": null, "CONCENTR_7": null, "CONCENTR_8": null, "CONCENTR_9": null, "CONCENTR10": null, "CONCENTR11": null, "CONCENTR12": null, "CONCENTR13": null, "CONCENTR14": null, "CONCENTR15": null, "CONCENTR16": null, "CONCENTR17": null, "CONCENTR18": null, "CONCENTR19": null, "CONCENTR20": null, "CONCENTR21": null, "CONCENTR22": null, "CONCENTR23": null, "layer": "Ruta 02", "path": "D:/Atlas de Riesgos 2024/SHAPE/Secciones Electorares Distrito 15/Rutas/Ruta 02.gpkg|layername=Ruta 02" }, "geometry": { "type": "MultiPolygon", "coordinates": [ [ [ [ 486933.25185025803512, 2145069.396347105503082 ], [ 486951.255035664129537, 2145010.224766526836902 ], [ 486968.813735166098922, 2144952.514090388081968 ], [ 486992.113990599114913, 2144875.932479380164295 ], [ 486893.253993946244009, 2144872.106041040271521 ], [ 486831.952555353112984, 2144869.733330310322344 ], [ 486769.728410204581451, 2144867.324905660469085 ], [ 486695.468530943850055, 2144864.450630360748619 ], [ 486680.555337216996122, 2144872.122593299951404 ], [ 486603.14564596011769, 2144869.535492590162903 ], [ 486532.071772800642066, 2144869.24692593049258 ], [ 486462.909731846826617, 2144866.756550950463861 ], [ 486463.124841204204131, 2144956.707422337960452 ], [ 486532.73669617890846, 2144954.782035597134382 ], [ 486594.047337226977106, 2144953.150552627630532 ], [ 486607.038251035613939, 2144953.091128127649426 ], [ 486634.399563524348196, 2144952.965968927834183 ], [ 486685.261280455219094, 2144952.733311547897756 ], [ 486698.515544283436611, 2144952.672682398464531 ], [ 486703.425545398029499, 2145010.667609706521034 ], [ 486714.022727632487658, 2145069.396352044772357 ], [ 486933.25185025803512, 2145069.396347105503082 ] ] ] ] } },
{ "type": "Feature", "properties": { "fid": 1, "ID": 1691, "ENTIDAD": 9, "DISTRITO_F": 13, "DISTRITO_L": 15, "MUNICIPIO": 6, "SECCION": 1696, "TIPO": 2, "CONTROL": 40690, "GEOMETRY1_": null, "CONCENTRAD": null, "CONCENTR_1": null, "CONCENTR_2": null, "CONCENTR_3": null, "CONCENTR_4": null, "CONCENTR_5": null, "CONCENTR_6": null, "CONCENTR_7": null, "CONCENTR_8": null, "CONCENTR_9": null, "CONCENTR10": null, "CONCENTR11": null, "CONCENTR12": null, "CONCENTR13": null, "CONCENTR14": null, "CONCENTR15": null, "CONCENTR16": null, "CONCENTR17": null, "CONCENTR18": null, "CONCENTR19": null, "CONCENTR20": null, "CONCENTR21": null, "CONCENTR22": null, "CONCENTR23": null, "layer": "Ruta 03", "path": "D:/Atlas de Riesgos 2024/SHAPE/Secciones Electorares Distrito 15/Rutas/Ruta 03.gpkg|layername=Ruta 03" }, "geometry": { "type": "MultiPolygon", "coordinates": [ [ [ [ 486992.113990599114913, 2144875.932479380164295 ], [ 486996.400012567872182, 2144850.120816589798778 ], [ 487003.263884475629311, 2144808.784596591256559 ], [ 487013.645971173536964, 2144746.260670504067093 ], [ 487016.819657474930864, 2144727.147814534138888 ], [ 487024.012330296507571, 2144683.831460425164551 ], [ 487036.986020374693908, 2144605.700149947311729 ], [ 487070.31948736164486, 2144441.761232961434871 ], [ 487114.328541378141381, 2144267.16907142708078 ], [ 487126.675687554467004, 2144225.505794257856905 ], [ 487056.624185846711043, 2144240.750229468103498 ], [ 487006.185858814569656, 2144251.726493936963379 ], [ 486976.139842182281427, 2144258.265034056734294 ], [ 486951.138872309296858, 2144263.705683526583016 ], [ 486967.407171129598282, 2144350.385176164098084 ], [ 486970.254268496006262, 2144373.794639983680099 ], [ 486970.760210970940534, 2144377.954610843677074 ], [ 486973.101365862006787, 2144397.204103802796453 ], [ 486980.24818801303627, 2144440.087557852268219 ], [ 486978.450742343149614, 2144492.775292171165347 ], [ 486983.111287060601171, 2144539.314404359087348 ], [ 486989.239743482321501, 2144569.712674448266625 ], [ 486917.629449629050214, 2144587.506749897263944 ], [ 486898.620536864909809, 2144592.385466157924384 ], [ 486903.139756119519006, 2144620.445706468075514 ], [ 486910.88458077510586, 2144666.26816184585914 ], [ 486912.42948712623911, 2144678.360270406119525 ], [ 486912.777488886320498, 2144695.252687494270504 ], [ 486833.829596928320825, 2144710.070232884027064 ], [ 486820.725775847327895, 2144712.171285805292428 ], [ 486814.722402736952063, 2144690.340839165262878 ], [ 486781.612893348268699, 2144698.345337064471096 ], [ 486774.336077294428833, 2144664.871985505800694 ], [ 486692.21414802147774, 2144683.575492175295949 ], [ 486692.400733487214893, 2144734.503208623733371 ], [ 486679.693572069518268, 2144736.692488403525203 ], [ 486678.94086954643717, 2144845.409068200737238 ], [ 486680.555337216996122, 2144872.122593299951404 ], [ 486695.468530943850055, 2144864.450630360748619 ], [ 486769.728410204581451, 2144867.324905660469085 ], [ 486831.952555353112984, 2144869.733330310322344 ], [ 486893.253993946244009, 2144872.106041040271521 ], [ 486992.113990599114913, 2144875.932479380164295 ] ] ] ] } },
{ "type": "Feature", "properties": { "fid": 2, "ID": 1728, "ENTIDAD": 9, "DISTRITO_F": 13, "DISTRITO_L": 15, "MUNICIPIO": 6, "SECCION": 1733, "TIPO": 2, "CONTROL": 40689, "GEOMETRY1_": null, "CONCENTRAD": null, "CONCENTR_1": null, "CONCENTR_2": null, "CONCENTR_3": null, "CONCENTR_4": null, "CONCENTR_5": null, "CONCENTR_6": null, "CONCENTR_7": null, "CONCENTR_8": null, "CONCENTR_9": null, "CONCENTR10": null, "CONCENTR11": null, "CONCENTR12": null, "CONCENTR13": null, "CONCENTR14": null, "CONCENTR15": null, "CONCENTR16": null, "CONCENTR17": null, "CONCENTR18": null, "CONCENTR19": null, "CONCENTR20": null, "CONCENTR21": null, "CONCENTR22": null, "CONCENTR23": null, "layer": "Ruta 03", "path": "D:/Atlas de Riesgos 2024/SHAPE/Secciones Electorares Distrito 15/Rutas/Ruta 03.gpkg|layername=Ruta 03" }, "geometry": { "type": "MultiPolygon", "coordinates": [ [ [ [ 486679.693572069518268, 2144736.692488403525203 ], [ 486692.400733487214893, 2144734.503208623733371 ], [ 486692.21414802147774, 2144683.575492175295949 ], [ 486774.336077294428833, 2144664.871985505800694 ], [ 486781.612893348268699, 2144698.345337064471096 ], [ 486814.722402736952063, 2144690.340839165262878 ], [ 486820.725775847327895, 2144712.171285805292428 ], [ 486833.829596928320825, 2144710.070232884027064 ], [ 486912.777488886320498, 2144695.252687494270504 ], [ 486912.42948712623911, 2144678.360270406119525 ], [ 486910.88458077510586, 2144666.26816184585914 ], [ 486903.139756119519006, 2144620.445706468075514 ], [ 486898.620536864909809, 2144592.385466157924384 ], [ 486917.629449629050214, 2144587.506749897263944 ], [ 486989.239743482321501, 2144569.712674448266625 ], [ 486983.111287060601171, 2144539.314404359087348 ], [ 486978.450742343149614, 2144492.775292171165347 ], [ 486980.24818801303627, 2144440.087557852268219 ], [ 486973.101365862006787, 2144397.204103802796453 ], [ 486879.716589803923853, 2144411.123246572446078 ], [ 486883.356257213454228, 2144427.40898308204487 ], [ 486840.359190721879713, 2144435.260622632224113 ], [ 486791.879333443357609, 2144444.113467631861567 ], [ 486745.284217292675748, 2144452.658617171924561 ], [ 486688.766990801843349, 2144464.448636441957206 ], [ 486674.906020204303786, 2144467.340163871645927 ], [ 486677.628499114071019, 2144589.350164937321097 ], [ 486678.915850545861758, 2144673.671560496091843 ], [ 486679.452246981381904, 2144709.073673135135323 ], [ 486679.693572069518268, 2144736.692488403525203 ] ] ] ] } },
{ "type": "Feature", "properties": { "fid": 3, "ID": 1729, "ENTIDAD": 9, "DISTRITO_F": 13, "DISTRITO_L": 15, "MUNICIPIO": 6, "SECCION": 1734, "TIPO": 2, "CONTROL": 40644, "GEOMETRY1_": null, "CONCENTRAD": null, "CONCENTR_1": null, "CONCENTR_2": null, "CONCENTR_3": null, "CONCENTR_4": null, "CONCENTR_5": null, "CONCENTR_6": null, "CONCENTR_7": null, "CONCENTR_8": null, "CONCENTR_9": null, "CONCENTR10": null, "CONCENTR11": null, "CONCENTR12": null, "CONCENTR13": null, "CONCENTR14": null, "CONCENTR15": null, "CONCENTR16": null, "CONCENTR17": null, "CONCENTR18": null, "CONCENTR19": null, "CONCENTR20": null, "CONCENTR21": null, "CONCENTR22": null, "CONCENTR23": null, "layer": "Ruta 03", "path": "D:/Atlas de Riesgos 2024/SHAPE/Secciones Electorares Distrito 15/Rutas/Ruta 03.gpkg|layername=Ruta 03" }, "geometry": { "type": "MultiPolygon", "coordinates": [ [ [ [ 486674.906020204303786, 2144467.340163871645927 ], [ 486688.766990801843349, 2144464.448636441957206 ], [ 486745.284217292675748, 2144452.658617171924561 ], [ 486791.879333443357609, 2144444.113467631861567 ], [ 486840.359190721879713, 2144435.260622632224113 ], [ 486883.356257213454228, 2144427.40898308204487 ], [ 486879.716589803923853, 2144411.123246572446078 ], [ 486973.101365862006787, 2144397.204103802796453 ], [ 486970.760210970940534, 2144377.954610843677074 ], [ 486970.254268496006262, 2144373.794639983680099 ], [ 486967.407171129598282, 2144350.385176164098084 ], [ 486951.138872309296858, 2144263.705683526583016 ], [ 486941.528261735627893, 2144219.088582857046276 ], [ 486937.952148521493655, 2144205.499353329185396 ], [ 486928.085321972204838, 2144184.150007118470967 ], [ 486910.697061689978, 2144160.925385219976306 ], [ 486901.203983642801177, 2144146.685768260620534 ], [ 486894.084174885414541, 2144126.189349750988185 ], [ 486874.459279169444926, 2144042.645968652796 ], [ 486867.831010949914344, 2144043.047667863313109 ], [ 486796.188683915301226, 2144047.389475512783974 ], [ 486803.888832579948939, 2144109.033664540853351 ], [ 486815.327868136984762, 2144168.336028299760073 ], [ 486827.218444047670346, 2144207.018026888836175 ], [ 486850.351287445984781, 2144261.912630256265402 ], [ 486865.147875299793668, 2144297.025167326442897 ], [ 486845.058590028318577, 2144299.853831635788083 ], [ 486687.161200563888997, 2144329.572374565526843 ], [ 486670.849581789865624, 2144332.841249965131283 ], [ 486671.789121439331211, 2144348.813418414443731 ], [ 486674.906020204303786, 2144467.340163871645927 ] ] ] ] } },
{ "type": "Feature", "properties": { "fid": 4, "ID": 1961, "ENTIDAD": 9, "DISTRITO_F": 13, "DISTRITO_L": 15, "MUNICIPIO": 6, "SECCION": 1966, "TIPO": 2, "CONTROL": 40666, "GEOMETRY1_": null, "CONCENTRAD": null, "CONCENTR_1": null, "CONCENTR_2": null, "CONCENTR_3": null, "CONCENTR_4": null, "CONCENTR_5": null, "CONCENTR_6": null, "CONCENTR_7": null, "CONCENTR_8": null, "CONCENTR_9": null, "CONCENTR10": null, "CONCENTR11": null, "CONCENTR12": null, "CONCENTR13": null, "CONCENTR14": null, "CONCENTR15": null, "CONCENTR16": null, "CONCENTR17": null, "CONCENTR18": null, "CONCENTR19": null, "CONCENTR20": null, "CONCENTR21": null, "CONCENTR22": null, "CONCENTR23": null, "layer": "Ruta 03", "path": "D:/Atlas de Riesgos 2024/SHAPE/Secciones Electorares Distrito 15/Rutas/Ruta 03.gpkg|layername=Ruta 03" }, "geometry": { "type": "MultiPolygon", "coordinates": [ [ [ [ 486459.919625379669014, 2144715.252793054562062 ], [ 486530.069081573688891, 2144713.650550074875355 ], [ 486602.34589947637869, 2144712.091633385047317 ], [ 486598.218041949265171, 2144591.789839557837695 ], [ 486595.50772258604411, 2144469.051619181409478 ], [ 486524.842869290732779, 2144470.476311261765659 ], [ 486455.009683191950899, 2144470.449654101394117 ], [ 486456.666443327558227, 2144546.416812779847533 ], [ 486458.0340475331177, 2144595.242650667671114 ], [ 486459.919625379669014, 2144715.252793054562062 ] ] ] ] } },
{ "type": "Feature", "properties": { "fid": 5, "ID": 1962, "ENTIDAD": 9, "DISTRITO_F": 13, "DISTRITO_L": 15, "MUNICIPIO": 6, "SECCION": 1967, "TIPO": 2, "CONTROL": 40663, "GEOMETRY1_": null, "CONCENTRAD": null, "CONCENTR_1": null, "CONCENTR_2": null, "CONCENTR_3": null, "CONCENTR_4": null, "CONCENTR_5": null, "CONCENTR_6": null, "CONCENTR_7": null, "CONCENTR_8": null, "CONCENTR_9": null, "CONCENTR10": null, "CONCENTR11": null, "CONCENTR12": null, "CONCENTR13": null, "CONCENTR14": null, "CONCENTR15": null, "CONCENTR16": null, "CONCENTR17": null, "CONCENTR18": null, "CONCENTR19": null, "CONCENTR20": null, "CONCENTR21": null, "CONCENTR22": null, "CONCENTR23": null, "layer": "Ruta 03", "path": "D:/Atlas de Riesgos 2024/SHAPE/Secciones Electorares Distrito 15/Rutas/Ruta 03.gpkg|layername=Ruta 03" }, "geometry": { "type": "MultiPolygon", "coordinates": [ [ [ [ 486680.555337216996122, 2144872.122593299951404 ], [ 486678.94086954643717, 2144845.409068200737238 ], [ 486679.693572069518268, 2144736.692488403525203 ], [ 486679.452246981381904, 2144709.073673135135323 ], [ 486678.915850545861758, 2144673.671560496091843 ], [ 486677.628499114071019, 2144589.350164937321097 ], [ 486674.906020204303786, 2144467.340163871645927 ], [ 486595.50772258604411, 2144469.051619181409478 ], [ 486598.218041949265171, 2144591.789839557837695 ], [ 486602.34589947637869, 2144712.091633385047317 ], [ 486530.069081573688891, 2144713.650550074875355 ], [ 486459.919625379669014, 2144715.252793054562062 ], [ 486462.400364928878844, 2144840.94777018064633 ], [ 486462.909731846826617, 2144866.756550950463861 ], [ 486532.071772800642066, 2144869.24692593049258 ], [ 486603.14564596011769, 2144869.535492590162903 ], [ 486680.555337216996122, 2144872.122593299951404 ] ] ] ] } },
{ "type": "Feature", "properties": { "fid": 1, "ID": 1768, "ENTIDAD": 9, "DISTRITO_F": 13, "DISTRITO_L": 15, "MUNICIPIO": 6, "SECCION": 1773, "TIPO": 2, "CONTROL": 40656, "GEOMETRY1_": null, "CONCENTRAD": null, "CONCENTR_1": null, "CONCENTR_2": null, "CONCENTR_3": null, "CONCENTR_4": null, "CONCENTR_5": null, "CONCENTR_6": null, "CONCENTR_7": null, "CONCENTR_8": null, "CONCENTR_9": null, "CONCENTR10": null, "CONCENTR11": null, "CONCENTR12": null, "CONCENTR13": null, "CONCENTR14": null, "CONCENTR15": null, "CONCENTR16": null, "CONCENTR17": null, "CONCENTR18": null, "CONCENTR19": null, "CONCENTR20": null, "CONCENTR21": null, "CONCENTR22": null, "CONCENTR23": null, "layer": "Ruta 04", "path": "D:/Atlas de Riesgos 2024/SHAPE/Secciones Electorares Distrito 15/Rutas/Ruta 04.gpkg|layername=Ruta 04" }, "geometry": { "type": "MultiPolygon", "coordinates": [ [ [ [ 486075.260443582665175, 2144122.524047750979662 ], [ 486088.293605376558844, 2144121.196224921382964 ], [ 486115.418865970510524, 2144118.407549930736423 ], [ 486180.126283537771087, 2144111.699679681099951 ], [ 486233.752596266451292, 2144106.140528021845967 ], [ 486243.623710749554448, 2144105.117242631968111 ], [ 486288.12134318012977, 2144100.504412211012095 ], [ 486335.070322838262655, 2144095.637463802006096 ], [ 486365.371857339981943, 2144092.496266561094671 ], [ 486380.25946319574723, 2144090.952948471531272 ], [ 486419.912189528811723, 2144086.848975721746683 ], [ 486414.814008992223535, 2143911.772855566814542 ], [ 486398.997882417752407, 2143913.49460317613557 ], [ 486352.907382661360316, 2143920.559300356544554 ], [ 486305.356795998057351, 2143927.575373035855591 ], [ 486260.112029473704752, 2143934.191414526198059 ], [ 486206.210129498620518, 2143942.302625295706093 ], [ 486179.822820234054234, 2143790.629244859330356 ], [ 486128.204899538657628, 2143797.281517489813268 ], [ 486082.898113484319765, 2143804.375814399681985 ], [ 486048.337711448606569, 2143809.922986759338528 ], [ 486011.764229724940378, 2143816.071478839498013 ], [ 486030.909414219262544, 2143907.390206026379019 ], [ 486053.874110718374141, 2144016.92724682437256 ], [ 486075.260443582665175, 2144122.524047750979662 ] ] ] ] } },
{ "type": "Feature", "properties": { "fid": 2, "ID": 1769, "ENTIDAD": 9, "DISTRITO_F": 13, "DISTRITO_L": 15, "MUNICIPIO": 6, "SECCION": 1774, "TIPO": 2, "CONTROL": 40592, "GEOMETRY1_": null, "CONCENTRAD": null, "CONCENTR_1": null, "CONCENTR_2": null, "CONCENTR_3": null, "CONCENTR_4": null, "CONCENTR_5": null, "CONCENTR_6": null, "CONCENTR_7": null, "CONCENTR_8": null, "CONCENTR_9": null, "CONCENTR10": null, "CONCENTR11": null, "CONCENTR12": null, "CONCENTR13": null, "CONCENTR14": null, "CONCENTR15": null, "CONCENTR16": null, "CONCENTR17": null, "CONCENTR18": null, "CONCENTR19": null, "CONCENTR20": null, "CONCENTR21": null, "CONCENTR22": null, "CONCENTR23": null, "layer": "Ruta 04", "path": "D:/Atlas de Riesgos 2024/SHAPE/Secciones Electorares Distrito 15/Rutas/Ruta 04.gpkg|layername=Ruta 04" }, "geometry": { "type": "MultiPolygon", "coordinates": [ [ [ [ 486206.210129498620518, 2143942.302625295706093 ], [ 486260.112029473704752, 2143934.191414526198059 ], [ 486305.356795998057351, 2143927.575373035855591 ], [ 486280.457425696309656, 2143778.469171930104494 ], [ 486249.630740512860939, 2143593.868121265433729 ], [ 486244.906787113170139, 2143565.579424135852605 ], [ 486242.333590337482747, 2143550.170215336605906 ], [ 486195.782954941329081, 2143558.569115146063268 ], [ 486141.837000245053787, 2143568.079791215714067 ], [ 486088.908460884762462, 2143576.865291284862906 ], [ 486045.503985269519035, 2143583.913729235995561 ], [ 486004.032444811717141, 2143591.70054860599339 ], [ 485989.916043512697797, 2143517.045127768069506 ], [ 485949.497985439666081, 2143519.307016207370907 ], [ 485966.441233859630302, 2143600.058875025250018 ], [ 485977.323452346317936, 2143651.923744683619589 ], [ 485987.201744386635255, 2143699.003880952019244 ], [ 486011.764229724940378, 2143816.071478839498013 ], [ 486048.337711448606569, 2143809.922986759338528 ], [ 486082.898113484319765, 2143804.375814399681985 ], [ 486128.204899538657628, 2143797.281517489813268 ], [ 486179.822820234054234, 2143790.629244859330356 ], [ 486206.210129498620518, 2143942.302625295706093 ] ] ] ] } },
{ "type": "Feature", "properties": { "fid": 3, "ID": 1770, "ENTIDAD": 9, "DISTRITO_F": 13, "DISTRITO_L": 15, "MUNICIPIO": 6, "SECCION": 1775, "TIPO": 2, "CONTROL": 40594, "GEOMETRY1_": null, "CONCENTRAD": null, "CONCENTR_1": null, "CONCENTR_2": null, "CONCENTR_3": null, "CONCENTR_4": null, "CONCENTR_5": null, "CONCENTR_6": null, "CONCENTR_7": null, "CONCENTR_8": null, "CONCENTR_9": null, "CONCENTR10": null, "CONCENTR11": null, "CONCENTR12": null, "CONCENTR13": null, "CONCENTR14": null, "CONCENTR15": null, "CONCENTR16": null, "CONCENTR17": null, "CONCENTR18": null, "CONCENTR19": null, "CONCENTR20": null, "CONCENTR21": null, "CONCENTR22": null, "CONCENTR23": null, "layer": "Ruta 04", "path": "D:/Atlas de Riesgos 2024/SHAPE/Secciones Electorares Distrito 15/Rutas/Ruta 04.gpkg|layername=Ruta 04" }, "geometry": { "type": "MultiPolygon", "coordinates": [ [ [ [ 486305.356795998057351, 2143927.575373035855591 ], [ 486352.907382661360316, 2143920.559300356544554 ], [ 486398.997882417752407, 2143913.49460317613557 ], [ 486414.814008992223535, 2143911.772855566814542 ], [ 486410.282086704683024, 2143757.845090101007372 ], [ 486404.251017017988488, 2143532.116382326930761 ], [ 486364.31416538573103, 2143536.315991077106446 ], [ 486362.72249770979397, 2143500.719781798310578 ], [ 486324.317799273761921, 2143506.95644339825958 ], [ 486285.91310083924327, 2143513.193105007521808 ], [ 486237.472375615383498, 2143521.059549067169428 ], [ 486242.333590337482747, 2143550.170215336605906 ], [ 486244.906787113170139, 2143565.579424135852605 ], [ 486249.630740512860939, 2143593.868121265433729 ], [ 486280.457425696309656, 2143778.469171930104494 ], [ 486305.356795998057351, 2143927.575373035855591 ] ] ] ] } },
{ "type": "Feature", "properties": { "fid": 4, "ID": 1824, "ENTIDAD": 9, "DISTRITO_F": 13, "DISTRITO_L": 15, "MUNICIPIO": 6, "SECCION": 1829, "TIPO": 2, "CONTROL": 40598, "GEOMETRY1_": null, "CONCENTRAD": null, "CONCENTR_1": null, "CONCENTR_2": null, "CONCENTR_3": null, "CONCENTR_4": null, "CONCENTR_5": null, "CONCENTR_6": null, "CONCENTR_7": null, "CONCENTR_8": null, "CONCENTR_9": null, "CONCENTR10": null, "CONCENTR11": null, "CONCENTR12": null, "CONCENTR13": null, "CONCENTR14": null, "CONCENTR15": null, "CONCENTR16": null, "CONCENTR17": null, "CONCENTR18": null, "CONCENTR19": null, "CONCENTR20": null, "CONCENTR21": null, "CONCENTR22": null, "CONCENTR23": null, "layer": "Ruta 04", "path": "D:/Atlas de Riesgos 2024/SHAPE/Secciones Electorares Distrito 15/Rutas/Ruta 04.gpkg|layername=Ruta 04" }, "geometry": { "type": "MultiPolygon", "coordinates": [ [ [ [ 486440.080316393927205, 2143942.496672366280109 ], [ 486481.327276466181502, 2143941.201254895422608 ], [ 486516.914389516285155, 2143940.083592695649713 ], [ 486524.649081625742838, 2143926.506822956260294 ], [ 486524.17273694043979, 2143900.041145276278257 ], [ 486523.948086770717055, 2143887.559597438201308 ], [ 486520.765710379171651, 2143738.797621320467442 ], [ 486514.678576145728584, 2143539.129873977042735 ], [ 486464.55773532652529, 2143538.007126827258617 ], [ 486427.818804804119281, 2143538.008557467255741 ], [ 486434.995032524107955, 2143754.511820351239294 ], [ 486440.080316393927205, 2143942.496672366280109 ] ] ] ] } },
{ "type": "Feature", "properties": { "fid": 5, "ID": 1960, "ENTIDAD": 9, "DISTRITO_F": 13, "DISTRITO_L": 15, "MUNICIPIO": 6, "SECCION": 1965, "TIPO": 2, "CONTROL": 40658, "GEOMETRY1_": null, "CONCENTRAD": null, "CONCENTR_1": null, "CONCENTR_2": null, "CONCENTR_3": null, "CONCENTR_4": null, "CONCENTR_5": null, "CONCENTR_6": null, "CONCENTR_7": null, "CONCENTR_8": null, "CONCENTR_9": null, "CONCENTR10": null, "CONCENTR11": null, "CONCENTR12": null, "CONCENTR13": null, "CONCENTR14": null, "CONCENTR15": null, "CONCENTR16": null, "CONCENTR17": null, "CONCENTR18": null, "CONCENTR19": null, "CONCENTR20": null, "CONCENTR21": null, "CONCENTR22": null, "CONCENTR23": null, "layer": "Ruta 04", "path": "D:/Atlas de Riesgos 2024/SHAPE/Secciones Electorares Distrito 15/Rutas/Ruta 04.gpkg|layername=Ruta 04" }, "geometry": { "type": "MultiPolygon", "coordinates": [ [ [ [ 486462.909731846826617, 2144866.756550950463861 ], [ 486462.400364928878844, 2144840.94777018064633 ], [ 486459.919625379669014, 2144715.252793054562062 ], [ 486458.0340475331177, 2144595.242650667671114 ], [ 486452.863255091826431, 2144595.493547547608614 ], [ 486437.166038126102649, 2144596.255206977482885 ], [ 486432.479510006844066, 2144596.455909467767924 ], [ 486408.242193728103302, 2144596.601428127847612 ], [ 486347.467519334109966, 2144597.56102969776839 ], [ 486280.69281282852171, 2144599.721628768835217 ], [ 486213.38573593669571, 2144606.601461737882346 ], [ 486205.764202498656232, 2144607.380501317325979 ], [ 486200.123000784427859, 2144607.957120117265731 ], [ 486194.147800602484494, 2144608.567878757603467 ], [ 486203.714793366671074, 2144656.033812765963376 ], [ 486226.430693136586342, 2144714.954047554172575 ], [ 486242.831184463691898, 2144751.723317443393171 ], [ 486272.600258141756058, 2144782.131261812523007 ], [ 486310.216057366866153, 2144807.587181122042239 ], [ 486332.318016578035895, 2144821.712206342257559 ], [ 486352.588601033960003, 2144833.577914310619235 ], [ 486398.305449688574299, 2144855.399450950790197 ], [ 486439.746609804104082, 2144865.929855570662767 ], [ 486462.909731846826617, 2144866.756550950463861 ] ] ] ] } },
{ "type": "Feature", "properties": { "fid": 6, "ID": 1964, "ENTIDAD": 9, "DISTRITO_F": 13, "DISTRITO_L": 15, "MUNICIPIO": 6, "SECCION": 1969, "TIPO": 2, "CONTROL": 40657, "GEOMETRY1_": null, "CONCENTRAD": null, "CONCENTR_1": null, "CONCENTR_2": null, "CONCENTR_3": null, "CONCENTR_4": null, "CONCENTR_5": null, "CONCENTR_6": null, "CONCENTR_7": null, "CONCENTR_8": null, "CONCENTR_9": null, "CONCENTR10": null, "CONCENTR11": null, "CONCENTR12": null, "CONCENTR13": null, "CONCENTR14": null, "CONCENTR15": null, "CONCENTR16": null, "CONCENTR17": null, "CONCENTR18": null, "CONCENTR19": null, "CONCENTR20": null, "CONCENTR21": null, "CONCENTR22": null, "CONCENTR23": null, "layer": "Ruta 04", "path": "D:/Atlas de Riesgos 2024/SHAPE/Secciones Electorares Distrito 15/Rutas/Ruta 04.gpkg|layername=Ruta 04" }, "geometry": { "type": "MultiPolygon", "coordinates": [ [ [ [ 486194.147800602484494, 2144608.567878757603467 ], [ 486200.123000784427859, 2144607.957120117265731 ], [ 486205.764202498656232, 2144607.380501317325979 ], [ 486213.38573593669571, 2144606.601461737882346 ], [ 486280.69281282852171, 2144599.721628768835217 ], [ 486347.467519334109966, 2144597.56102969776839 ], [ 486408.242193728103302, 2144596.601428127847612 ], [ 486432.479510006844066, 2144596.455909467767924 ], [ 486437.166038126102649, 2144596.255206977482885 ], [ 486452.863255091826431, 2144595.493547547608614 ], [ 486458.0340475331177, 2144595.242650667671114 ], [ 486456.666443327558227, 2144546.416812779847533 ], [ 486455.009683191950899, 2144470.449654101394117 ], [ 486450.103911594487727, 2144348.682336335536093 ], [ 486446.027575363172218, 2144225.018092977814376 ], [ 486445.161971233668737, 2144084.303119821939617 ], [ 486419.912189528811723, 2144086.848975721746683 ], [ 486380.25946319574723, 2144090.952948471531272 ], [ 486365.371857339981943, 2144092.496266561094671 ], [ 486335.070322838262655, 2144095.637463802006096 ], [ 486288.12134318012977, 2144100.504412211012095 ], [ 486243.623710749554448, 2144105.117242631968111 ], [ 486233.752596266451292, 2144106.140528021845967 ], [ 486180.126283537771087, 2144111.699679681099951 ], [ 486115.418865970510524, 2144118.407549930736423 ], [ 486088.293605376558844, 2144121.196224921382964 ], [ 486121.843398305587471, 2144269.111759667284787 ], [ 486128.855670576333068, 2144306.783839665353298 ], [ 486131.165082661027554, 2144319.19071056554094 ], [ 486142.532705277670175, 2144371.860695353709161 ], [ 486167.783050405152608, 2144492.758891980163753 ], [ 486194.147800602484494, 2144608.567878757603467 ] ] ] ] } },
{ "type": "Feature", "properties": { "fid": 1, "ID": 1766, "ENTIDAD": 9, "DISTRITO_F": 13, "DISTRITO_L": 15, "MUNICIPIO": 6, "SECCION": 1771, "TIPO": 2, "CONTROL": 40642, "GEOMETRY1_": null, "CONCENTRAD": null, "CONCENTR_1": null, "CONCENTR_2": null, "CONCENTR_3": null, "CONCENTR_4": null, "CONCENTR_5": null, "CONCENTR_6": null, "CONCENTR_7": null, "CONCENTR_8": null, "CONCENTR_9": null, "CONCENTR10": null, "CONCENTR11": null, "CONCENTR12": null, "CONCENTR13": null, "CONCENTR14": null, "CONCENTR15": null, "CONCENTR16": null, "CONCENTR17": null, "CONCENTR18": null, "CONCENTR19": null, "CONCENTR20": null, "CONCENTR21": null, "CONCENTR22": null, "CONCENTR23": null, "layer": "Ruta 05", "path": "D:/Atlas de Riesgos 2024/SHAPE/Secciones Electorares Distrito 15/Rutas/Ruta 05.gpkg|layername=Ruta 05" }, "geometry": { "type": "MultiPolygon", "coordinates": [ [ [ [ 486951.138872309296858, 2144263.705683526583016 ], [ 486976.139842182281427, 2144258.265034056734294 ], [ 487006.185858814569656, 2144251.726493936963379 ], [ 487056.624185846711043, 2144240.750229468103498 ], [ 487126.675687554467004, 2144225.505794257856905 ], [ 487157.894502795767039, 2144130.159361109603196 ], [ 487158.580673520336859, 2144127.659928251057863 ], [ 487176.017160401854198, 2144060.664456712082028 ], [ 487181.844543041253928, 2144009.786287284456193 ], [ 487170.162497153389268, 2143927.830891425721347 ], [ 487163.278584418585524, 2143879.5367999272421 ], [ 487151.325673386745621, 2143721.23739008186385 ], [ 487140.245876521337777, 2143723.243534671608359 ], [ 486935.119124591350555, 2143765.541777890641242 ], [ 486809.270747224160004, 2143810.460800390224904 ], [ 486803.632755885017104, 2143812.347710939589888 ], [ 486810.463742191961501, 2143836.347668149042875 ], [ 486736.560197864368092, 2143853.651915157213807 ], [ 486753.278119302995037, 2143912.473530225921422 ], [ 486763.277062358625699, 2143947.586271745618433 ], [ 486780.120365042705089, 2144006.733976693823934 ], [ 486796.188683915301226, 2144047.389475512783974 ], [ 486867.831010941939894, 2144043.04766786377877 ], [ 486874.459279169444926, 2144042.645968652796 ], [ 486894.084174885414541, 2144126.189349750988185 ], [ 486901.203983642801177, 2144146.685768260620534 ], [ 486910.697061689978, 2144160.925385219976306 ], [ 486928.085321972204838, 2144184.150007118470967 ], [ 486937.952148521493655, 2144205.499353329185396 ], [ 486941.528261735627893, 2144219.088582857046276 ], [ 486951.138872309296858, 2144263.705683526583016 ] ] ] ] } },
{ "type": "Feature", "properties": { "fid": 2, "ID": 1767, "ENTIDAD": 9, "DISTRITO_F": 13, "DISTRITO_L": 15, "MUNICIPIO": 6, "SECCION": 1772, "TIPO": 2, "CONTROL": 40688, "GEOMETRY1_": null, "CONCENTRAD": null, "CONCENTR_1": null, "CONCENTR_2": null, "CONCENTR_3": null, "CONCENTR_4": null, "CONCENTR_5": null, "CONCENTR_6": null, "CONCENTR_7": null, "CONCENTR_8": null, "CONCENTR_9": null, "CONCENTR10": null, "CONCENTR11": null, "CONCENTR12": null, "CONCENTR13": null, "CONCENTR14": null, "CONCENTR15": null, "CONCENTR16": null, "CONCENTR17": null, "CONCENTR18": null, "CONCENTR19": null, "CONCENTR20": null, "CONCENTR21": null, "CONCENTR22": null, "CONCENTR23": null, "layer": "Ruta 05", "path": "D:/Atlas de Riesgos 2024/SHAPE/Secciones Electorares Distrito 15/Rutas/Ruta 05.gpkg|layername=Ruta 05" }, "geometry": { "type": "MultiPolygon", "coordinates": [ [ [ [ 486670.849581789865624, 2144332.841249965131283 ], [ 486687.161200563888997, 2144329.572374565526843 ], [ 486845.058590028318577, 2144299.853831635788083 ], [ 486865.147875299793668, 2144297.025167326442897 ], [ 486850.351287445984781, 2144261.912630256265402 ], [ 486827.218444047670346, 2144207.018026888836175 ], [ 486815.327868136984762, 2144168.336028299760073 ], [ 486803.888832579948939, 2144109.033664540853351 ], [ 486796.188683915301226, 2144047.389475512783974 ], [ 486780.120365042705089, 2144006.733976693823934 ], [ 486763.277062358625699, 2143947.586271745618433 ], [ 486753.278119302995037, 2143912.473530225921422 ], [ 486736.560197864368092, 2143853.651915157213807 ], [ 486729.496783876908012, 2143837.383179518394172 ], [ 486720.240677655267064, 2143816.064148048870265 ], [ 486669.650423353305086, 2143738.745686171110719 ], [ 486670.439354897593148, 2143888.874019806738943 ], [ 486670.621874470147304, 2143923.606259046588093 ], [ 486659.673662619024981, 2143923.90240216627717 ], [ 486622.318773101491388, 2143924.91283142613247 ], [ 486586.748820513195824, 2143925.874979126267135 ], [ 486524.649081625742838, 2143926.506822956260294 ], [ 486516.914389516285155, 2143940.083592695649713 ], [ 486481.327276466181502, 2143941.201254895422608 ], [ 486440.080316393927205, 2143942.496672366280109 ], [ 486434.995032524107955, 2143754.511820351239294 ], [ 486410.282086704683024, 2143757.845090101007372 ], [ 486414.814008992223535, 2143911.772855566814542 ], [ 486419.912189528811723, 2144086.848975721746683 ], [ 486445.161971233668737, 2144084.303119821939617 ], [ 486481.016070343612228, 2144080.591795411892235 ], [ 486515.662868237064686, 2144077.005440982058644 ], [ 486518.629558195127174, 2144076.698353392072022 ], [ 486554.016832202207297, 2144073.03535091271624 ], [ 486583.12541668897029, 2144070.022267252206802 ], [ 486625.385938884806819, 2144065.647802092134953 ], [ 486665.946699322317727, 2144061.44928242219612 ], [ 486669.205385470937472, 2144220.801185857504606 ], [ 486670.849581789865624, 2144332.841249965131283 ] ] ] ] } },
{ "type": "Feature", "properties": { "fid": 3, "ID": 1771, "ENTIDAD": 9, "DISTRITO_F": 13, "DISTRITO_L": 15, "MUNICIPIO": 6, "SECCION": 1776, "TIPO": 2, "CONTROL": 40621, "GEOMETRY1_": null, "CONCENTRAD": null, "CONCENTR_1": null, "CONCENTR_2": null, "CONCENTR_3": null, "CONCENTR_4": null, "CONCENTR_5": null, "CONCENTR_6": null, "CONCENTR_7": null, "CONCENTR_8": null, "CONCENTR_9": null, "CONCENTR10": null, "CONCENTR11": null, "CONCENTR12": null, "CONCENTR13": null, "CONCENTR14": null, "CONCENTR15": null, "CONCENTR16": null, "CONCENTR17": null, "CONCENTR18": null, "CONCENTR19": null, "CONCENTR20": null, "CONCENTR21": null, "CONCENTR22": null, "CONCENTR23": null, "layer": "Ruta 05", "path": "D:/Atlas de Riesgos 2024/SHAPE/Secciones Electorares Distrito 15/Rutas/Ruta 05.gpkg|layername=Ruta 05" }, "geometry": { "type": "MultiPolygon", "coordinates": [ [ [ [ 486524.649081625742838, 2143926.506822956260294 ], [ 486586.748820513195824, 2143925.874979126267135 ], [ 486622.318773101491388, 2143924.91283142613247 ], [ 486659.673662619024981, 2143923.90240216627717 ], [ 486670.621874470147304, 2143923.606259046588093 ], [ 486670.439354897593148, 2143888.874019806738943 ], [ 486669.650423353305086, 2143738.745686171110719 ], [ 486678.410605214943644, 2143738.665051741525531 ], [ 486799.173148406029213, 2143734.072137000970542 ], [ 486797.876548744621687, 2143669.43517195340246 ], [ 486795.618650185759179, 2143556.876365516800433 ], [ 486715.677761493599974, 2143554.461083056870848 ], [ 486712.728809369029477, 2143538.590444787871093 ], [ 486669.694533833768219, 2143538.791540527250618 ], [ 486669.493439350393601, 2143550.253941496368498 ], [ 486625.283314696804155, 2143550.398140816017985 ], [ 486577.380342722346541, 2143550.554385036695749 ], [ 486556.284593473304994, 2143545.765080116223544 ], [ 486540.85820730146952, 2143542.262873756699264 ], [ 486527.35476684832247, 2143539.946449296548963 ], [ 486514.678576145728584, 2143539.129873977042735 ], [ 486520.765710379171651, 2143738.797621320467442 ], [ 486523.948086770717055, 2143887.559597438201308 ], [ 486524.17273694043979, 2143900.041145276278257 ], [ 486524.649081625742838, 2143926.506822956260294 ] ] ] ] } },
{ "type": "Feature", "properties": { "fid": 4, "ID": 1963, "ENTIDAD": 9, "DISTRITO_F": 13, "DISTRITO_L": 15, "MUNICIPIO": 6, "SECCION": 1968, "TIPO": 2, "CONTROL": 40667, "GEOMETRY1_": null, "CONCENTRAD": null, "CONCENTR_1": null, "CONCENTR_2": null, "CONCENTR_3": null, "CONCENTR_4": null, "CONCENTR_5": null, "CONCENTR_6": null, "CONCENTR_7": null, "CONCENTR_8": null, "CONCENTR_9": null, "CONCENTR10": null, "CONCENTR11": null, "CONCENTR12": null, "CONCENTR13": null, "CONCENTR14": null, "CONCENTR15": null, "CONCENTR16": null, "CONCENTR17": null, "CONCENTR18": null, "CONCENTR19": null, "CONCENTR20": null, "CONCENTR21": null, "CONCENTR22": null, "CONCENTR23": null, "layer": "Ruta 05", "path": "D:/Atlas de Riesgos 2024/SHAPE/Secciones Electorares Distrito 15/Rutas/Ruta 05.gpkg|layername=Ruta 05" }, "geometry": { "type": "MultiPolygon", "coordinates": [ [ [ [ 486524.842869290732779, 2144470.476311261765659 ], [ 486595.50772258604411, 2144469.051619181409478 ], [ 486674.906020204303786, 2144467.340163871645927 ], [ 486671.789121439331211, 2144348.813418414443731 ], [ 486670.849581789865624, 2144332.841249965131283 ], [ 486669.205385470937472, 2144220.801185857504606 ], [ 486665.946699322317727, 2144061.44928242219612 ], [ 486625.385938884806819, 2144065.647802092134953 ], [ 486583.12541668897029, 2144070.022267252206802 ], [ 486554.016832202207297, 2144073.03535091271624 ], [ 486518.629558195127174, 2144076.698353392072022 ], [ 486515.662868237064686, 2144077.005440982058644 ], [ 486481.016070343612228, 2144080.591795411892235 ], [ 486445.161971233668737, 2144084.303119821939617 ], [ 486446.027575363172218, 2144225.018092977814376 ], [ 486450.103911594487727, 2144348.682336335536093 ], [ 486455.009683191950899, 2144470.449654101394117 ], [ 486524.842869290732779, 2144470.476311261765659 ] ] ] ] } },
{ "type": "Feature", "properties": { "fid": 1, "ID": 1773, "ENTIDAD": 9, "DISTRITO_F": 13, "DISTRITO_L": 15, "MUNICIPIO": 6, "SECCION": 1778, "TIPO": 2, "CONTROL": 40632, "GEOMETRY1_": null, "CONCENTRAD": null, "CONCENTR_1": null, "CONCENTR_2": null, "CONCENTR_3": null, "CONCENTR_4": null, "CONCENTR_5": null, "CONCENTR_6": null, "CONCENTR_7": null, "CONCENTR_8": null, "CONCENTR_9": null, "CONCENTR10": null, "CONCENTR11": null, "CONCENTR12": null, "CONCENTR13": null, "CONCENTR14": null, "CONCENTR15": null, "CONCENTR16": null, "CONCENTR17": null, "CONCENTR18": null, "CONCENTR19": null, "CONCENTR20": null, "CONCENTR21": null, "CONCENTR22": null, "CONCENTR23": null, "layer": "Ruta 06", "path": "D:/Atlas de Riesgos 2024/SHAPE/Secciones Electorares Distrito 15/Rutas/Ruta 06.gpkg|layername=Ruta 06" }, "geometry": { "type": "MultiPolygon", "coordinates": [ [ [ [ 486935.119124591350555, 2143765.541777890641242 ], [ 487140.245876521337777, 2143723.243534671608359 ], [ 487151.325673386745621, 2143721.23739008186385 ], [ 487147.100691674335394, 2143667.119545362889767 ], [ 487143.628389310208149, 2143556.946871136780828 ], [ 487087.353201651654672, 2143553.96453961590305 ], [ 487030.242762055946514, 2143562.170287776738405 ], [ 487020.80596005555708, 2143563.526187345385551 ], [ 486934.840768142486922, 2143560.987619735766202 ], [ 486935.074410559260286, 2143732.6830412321724 ], [ 486935.112308094045147, 2143760.532578570768237 ], [ 486935.119124591350555, 2143765.541777890641242 ] ] ] ] } },
{ "type": "Feature", "properties": { "fid": 2, "ID": 1772, "ENTIDAD": 9, "DISTRITO_F": 13, "DISTRITO_L": 15, "MUNICIPIO": 6, "SECCION": 1777, "TIPO": 2, "CONTROL": 40626, "GEOMETRY1_": null, "CONCENTRAD": null, "CONCENTR_1": null, "CONCENTR_2": null, "CONCENTR_3": null, "CONCENTR_4": null, "CONCENTR_5": null, "CONCENTR_6": null, "CONCENTR_7": null, "CONCENTR_8": null, "CONCENTR_9": null, "CONCENTR10": null, "CONCENTR11": null, "CONCENTR12": null, "CONCENTR13": null, "CONCENTR14": null, "CONCENTR15": null, "CONCENTR16": null, "CONCENTR17": null, "CONCENTR18": null, "CONCENTR19": null, "CONCENTR20": null, "CONCENTR21": null, "CONCENTR22": null, "CONCENTR23": null, "layer": "Ruta 06", "path": "D:/Atlas de Riesgos 2024/SHAPE/Secciones Electorares Distrito 15/Rutas/Ruta 06.gpkg|layername=Ruta 06" }, "geometry": { "type": "MultiPolygon", "coordinates": [ [ [ [ 486736.560197864368092, 2143853.651915157213807 ], [ 486810.463742191961501, 2143836.347668149042875 ], [ 486803.632755885017104, 2143812.347710939589888 ], [ 486809.270747224160004, 2143810.460800390224904 ], [ 486935.119124591350555, 2143765.541777890641242 ], [ 486935.112308094045147, 2143760.532578570768237 ], [ 486935.074410559260286, 2143732.6830412321724 ], [ 486934.840768142486922, 2143560.987619735766202 ], [ 486872.301989665895235, 2143559.140838336665183 ], [ 486842.450887239887379, 2143558.259329906199127 ], [ 486795.618650185759179, 2143556.876365516800433 ], [ 486797.876548744621687, 2143669.43517195340246 ], [ 486799.173148406029213, 2143734.072137000970542 ], [ 486678.410605214943644, 2143738.665051741525531 ], [ 486669.650423353305086, 2143738.745686171110719 ], [ 486720.240677655267064, 2143816.064148048870265 ], [ 486729.496783876908012, 2143837.383179518394172 ], [ 486736.560197864368092, 2143853.651915157213807 ] ] ] ] } },
{ "type": "Feature", "properties": { "fid": 3, "ID": 1808, "ENTIDAD": 9, "DISTRITO_F": 13, "DISTRITO_L": 15, "MUNICIPIO": 6, "SECCION": 1813, "TIPO": 2, "CONTROL": 40584, "GEOMETRY1_": null, "CONCENTRAD": null, "CONCENTR_1": null, "CONCENTR_2": null, "CONCENTR_3": null, "CONCENTR_4": null, "CONCENTR_5": null, "CONCENTR_6": null, "CONCENTR_7": null, "CONCENTR_8": null, "CONCENTR_9": null, "CONCENTR10": null, "CONCENTR11": null, "CONCENTR12": null, "CONCENTR13": null, "CONCENTR14": null, "CONCENTR15": null, "CONCENTR16": null, "CONCENTR17": null, "CONCENTR18": null, "CONCENTR19": null, "CONCENTR20": null, "CONCENTR21": null, "CONCENTR22": null, "CONCENTR23": null, "layer": "Ruta 06", "path": "D:/Atlas de Riesgos 2024/SHAPE/Secciones Electorares Distrito 15/Rutas/Ruta 06.gpkg|layername=Ruta 06" }, "geometry": { "type": "MultiPolygon", "coordinates": [ [ [ [ 487020.80596005555708, 2143563.526187345385551 ], [ 487030.242762055946514, 2143562.170287776738405 ], [ 487087.353201651654672, 2143553.96453961590305 ], [ 487143.628389310208149, 2143556.946871136780828 ], [ 487140.029204915394075, 2143497.835246328730136 ], [ 487138.609176067402586, 2143474.513236939441413 ], [ 487132.071240922959987, 2143367.130528191570193 ], [ 487119.777930907381233, 2143164.836246877443045 ], [ 487119.278020673431456, 2143156.609904157929122 ], [ 487039.965420480526518, 2143172.18254997767508 ], [ 486989.889258839190006, 2143181.66488431673497 ], [ 486938.489718286029529, 2143191.39781137695536 ], [ 486939.736924694734626, 2143200.67221066635102 ], [ 486959.125118552125059, 2143344.845500651746988 ], [ 486982.378305614052806, 2143517.759414507076144 ], [ 487019.172550557006616, 2143519.167344568762928 ], [ 487024.754932210431434, 2143533.670252907089889 ], [ 487027.434925381443463, 2143543.637946326751262 ], [ 487020.80596005555708, 2143563.526187345385551 ] ] ] ] } },
{ "type": "Feature", "properties": { "fid": 4, "ID": 1809, "ENTIDAD": 9, "DISTRITO_F": 13, "DISTRITO_L": 15, "MUNICIPIO": 6, "SECCION": 1814, "TIPO": 2, "CONTROL": 40564, "GEOMETRY1_": null, "CONCENTRAD": null, "CONCENTR_1": null, "CONCENTR_2": null, "CONCENTR_3": null, "CONCENTR_4": null, "CONCENTR_5": null, "CONCENTR_6": null, "CONCENTR_7": null, "CONCENTR_8": null, "CONCENTR_9": null, "CONCENTR10": null, "CONCENTR11": null, "CONCENTR12": null, "CONCENTR13": null, "CONCENTR14": null, "CONCENTR15": null, "CONCENTR16": null, "CONCENTR17": null, "CONCENTR18": null, "CONCENTR19": null, "CONCENTR20": null, "CONCENTR21": null, "CONCENTR22": null, "CONCENTR23": null, "layer": "Ruta 06", "path": "D:/Atlas de Riesgos 2024/SHAPE/Secciones Electorares Distrito 15/Rutas/Ruta 06.gpkg|layername=Ruta 06" }, "geometry": { "type": "MultiPolygon", "coordinates": [ [ [ [ 486410.282086704683024, 2143757.845090101007372 ], [ 486434.995032524107955, 2143754.511820351239294 ], [ 486427.818804804119281, 2143538.008557467255741 ], [ 486464.55773532652529, 2143538.007126827258617 ], [ 486514.678576145728584, 2143539.129873977042735 ], [ 486527.35476684832247, 2143539.946449296548963 ], [ 486540.85820730146952, 2143542.262873756699264 ], [ 486556.284593473304994, 2143545.765080116223544 ], [ 486577.380342722346541, 2143550.554385036695749 ], [ 486625.283314696804155, 2143550.398140816017985 ], [ 486669.493439350393601, 2143550.253941496368498 ], [ 486669.694533833768219, 2143538.791540527250618 ], [ 486712.728809369029477, 2143538.590444787871093 ], [ 486715.677761493599974, 2143554.461083056870848 ], [ 486795.618650185759179, 2143556.876365516800433 ], [ 486842.450887239887379, 2143558.259329906199127 ], [ 486872.301989665895235, 2143559.140838336665183 ], [ 486934.840768142486922, 2143560.987619735766202 ], [ 487020.80596005555708, 2143563.526187345385551 ], [ 487027.434925381443463, 2143543.637946326751262 ], [ 487024.754932210431434, 2143533.670252907089889 ], [ 487019.172550557006616, 2143519.167344568762928 ], [ 486982.378305614052806, 2143517.759414507076144 ], [ 486929.80654342455091, 2143515.082729377783835 ], [ 486868.638935474213213, 2143512.401053667068481 ], [ 486828.783381535846274, 2143511.272185868117958 ], [ 486792.589208024379332, 2143510.225928868167102 ], [ 486753.767249978496693, 2143508.924416297581047 ], [ 486751.209652357210871, 2143391.786562911700457 ], [ 486747.729665698076133, 2143232.403334124945104 ], [ 486699.119590088434052, 2143241.318160324823111 ], [ 486655.034760003793053, 2143249.423575615044683 ], [ 486612.697406216349918, 2143257.126599474810064 ], [ 486536.445960387180094, 2143273.737061073537916 ], [ 486460.498944525199477, 2143288.117451653815806 ], [ 486421.658389674150385, 2143295.029179513454437 ], [ 486398.920501626213081, 2143298.203735204413533 ], [ 486404.251017017988488, 2143532.116382326930761 ], [ 486410.282086704683024, 2143757.845090101007372 ] ] ] ] } },
{ "type": "Feature", "properties": { "fid": 5, "ID": 1814, "ENTIDAD": 9, "DISTRITO_F": 13, "DISTRITO_L": 15, "MUNICIPIO": 6, "SECCION": 1819, "TIPO": 2, "CONTROL": 40558, "GEOMETRY1_": null, "CONCENTRAD": null, "CONCENTR_1": null, "CONCENTR_2": null, "CONCENTR_3": null, "CONCENTR_4": null, "CONCENTR_5": null, "CONCENTR_6": null, "CONCENTR_7": null, "CONCENTR_8": null, "CONCENTR_9": null, "CONCENTR10": null, "CONCENTR11": null, "CONCENTR12": null, "CONCENTR13": null, "CONCENTR14": null, "CONCENTR15": null, "CONCENTR16": null, "CONCENTR17": null, "CONCENTR18": null, "CONCENTR19": null, "CONCENTR20": null, "CONCENTR21": null, "CONCENTR22": null, "CONCENTR23": null, "layer": "Ruta 06", "path": "D:/Atlas de Riesgos 2024/SHAPE/Secciones Electorares Distrito 15/Rutas/Ruta 06.gpkg|layername=Ruta 06" }, "geometry": { "type": "MultiPolygon", "coordinates": [ [ [ [ 486982.378305614052806, 2143517.759414507076144 ], [ 486959.125118552125059, 2143344.845500651746988 ], [ 486939.736924694734626, 2143200.67221066635102 ], [ 486938.489718286029529, 2143191.39781137695536 ], [ 486886.016238965850789, 2143204.16074993647635 ], [ 486880.414753222721629, 2143064.305214289110154 ], [ 486759.813452783913817, 2143084.899201069492847 ], [ 486696.083942451339681, 2143098.328139358200133 ], [ 486652.027740691439249, 2143108.531756458804011 ], [ 486608.251234901312273, 2143118.165310138836503 ], [ 486533.110776874120347, 2143133.959826508536935 ], [ 486536.445960387180094, 2143273.737061073537916 ], [ 486612.697406216349918, 2143257.126599474810064 ], [ 486655.034760003793053, 2143249.423575615044683 ], [ 486699.119590088434052, 2143241.318160324823111 ], [ 486747.729665698076133, 2143232.403334124945104 ], [ 486751.209652357210871, 2143391.786562911700457 ], [ 486753.767249978496693, 2143508.924416297581047 ], [ 486792.589208024379332, 2143510.225928868167102 ], [ 486828.783381535846274, 2143511.272185868117958 ], [ 486868.638935474213213, 2143512.401053667068481 ], [ 486929.80654342455091, 2143515.082729377783835 ], [ 486982.378305614052806, 2143517.759414507076144 ] ] ] ] } },
{ "type": "Feature", "properties": { "fid": 1, "ID": 1810, "ENTIDAD": 9, "DISTRITO_F": 13, "DISTRITO_L": 15, "MUNICIPIO": 6, "SECCION": 1815, "TIPO": 2, "CONTROL": 40570, "GEOMETRY1_": null, "CONCENTRAD": null, "CONCENTR_1": null, "CONCENTR_2": null, "CONCENTR_3": null, "CONCENTR_4": null, "CONCENTR_5": null, "CONCENTR_6": null, "CONCENTR_7": null, "CONCENTR_8": null, "CONCENTR_9": null, "CONCENTR10": null, "CONCENTR11": null, "CONCENTR12": null, "CONCENTR13": null, "CONCENTR14": null, "CONCENTR15": null, "CONCENTR16": null, "CONCENTR17": null, "CONCENTR18": null, "CONCENTR19": null, "CONCENTR20": null, "CONCENTR21": null, "CONCENTR22": null, "CONCENTR23": null, "layer": "Ruta 07", "path": "D:/Atlas de Riesgos 2024/SHAPE/Secciones Electorares Distrito 15/Rutas/Ruta 07.gpkg|layername=Ruta 07" }, "geometry": { "type": "MultiPolygon", "coordinates": [ [ [ [ 486004.032444811717141, 2143591.70054860599339 ], [ 486045.503985269519035, 2143583.913729235995561 ], [ 486088.908460884762462, 2143576.865291284862906 ], [ 486141.837000245053787, 2143568.079791215714067 ], [ 486195.782954941329081, 2143558.569115146063268 ], [ 486242.333590337482747, 2143550.170215336605906 ], [ 486237.472375615383498, 2143521.059549067169428 ], [ 486285.91310083924327, 2143513.193105007521808 ], [ 486324.317799273761921, 2143506.95644339825958 ], [ 486362.72249770979397, 2143500.719781798310578 ], [ 486364.31416538573103, 2143536.315991077106446 ], [ 486404.251017017988488, 2143532.116382326930761 ], [ 486398.920501626213081, 2143298.203735204413533 ], [ 486361.156647423864342, 2143303.501014973036945 ], [ 486357.97918993368512, 2143303.946729042567313 ], [ 486300.547909732325934, 2143314.606474763248116 ], [ 486254.011644118640106, 2143323.244010912254453 ], [ 486236.810435376828536, 2143326.436705043073744 ], [ 486204.226988964888733, 2143332.484476442914456 ], [ 486176.824935961398296, 2143337.570536112878472 ], [ 486158.53593807836296, 2143340.965133382473141 ], [ 486113.800122163374908, 2143349.266917322296649 ], [ 486103.792242737137713, 2143351.123876532074064 ], [ 486061.654591283411719, 2143358.935882581863552 ], [ 486052.365297039737925, 2143360.658048401586711 ], [ 486010.541313186171465, 2143368.411902821622789 ], [ 486007.150763208512217, 2143369.040485481265932 ], [ 485957.849253814376425, 2143378.180617331992835 ], [ 485921.012676189362537, 2143385.00984387146309 ], [ 485949.497985439666081, 2143519.307016207370907 ], [ 485989.916043512697797, 2143517.045127768069506 ], [ 486004.032444811717141, 2143591.70054860599339 ] ] ] ] } },
{ "type": "Feature", "properties": { "fid": 2, "ID": 1811, "ENTIDAD": 9, "DISTRITO_F": 13, "DISTRITO_L": 15, "MUNICIPIO": 6, "SECCION": 1816, "TIPO": 2, "CONTROL": 40537, "GEOMETRY1_": null, "CONCENTRAD": null, "CONCENTR_1": null, "CONCENTR_2": null, "CONCENTR_3": null, "CONCENTR_4": null, "CONCENTR_5": null, "CONCENTR_6": null, "CONCENTR_7": null, "CONCENTR_8": null, "CONCENTR_9": null, "CONCENTR10": null, "CONCENTR11": null, "CONCENTR12": null, "CONCENTR13": null, "CONCENTR14": null, "CONCENTR15": null, "CONCENTR16": null, "CONCENTR17": null, "CONCENTR18": null, "CONCENTR19": null, "CONCENTR20": null, "CONCENTR21": null, "CONCENTR22": null, "CONCENTR23": null, "layer": "Ruta 07", "path": "D:/Atlas de Riesgos 2024/SHAPE/Secciones Electorares Distrito 15/Rutas/Ruta 07.gpkg|layername=Ruta 07" }, "geometry": { "type": "MultiPolygon", "coordinates": [ [ [ [ 485921.012676189362537, 2143385.00984387146309 ], [ 485957.849253814376425, 2143378.180617331992835 ], [ 486007.150763208512217, 2143369.040485481265932 ], [ 486010.541313186171465, 2143368.411902821622789 ], [ 486052.365297039737925, 2143360.658048401586711 ], [ 486061.654591283411719, 2143358.935882581863552 ], [ 486103.792242738476489, 2143351.123876532074064 ], [ 486113.800122163374908, 2143349.266917322296649 ], [ 486109.533958631684072, 2143213.497465196065605 ], [ 486105.010928772331681, 2143069.553314650431275 ], [ 486053.16315289872, 2143077.64038189034909 ], [ 486002.704763230925892, 2143085.510736669879407 ], [ 485949.578487899503671, 2143093.797220609150827 ], [ 485899.312181356654037, 2143102.793770958669484 ], [ 485869.636155000538565, 2143110.939640558790416 ], [ 485880.427718275517691, 2143169.69397847680375 ], [ 485895.234621733950917, 2143244.256597024854273 ], [ 485921.012676189362537, 2143385.00984387146309 ] ] ] ] } },
{ "type": "Feature", "properties": { "fid": 3, "ID": 1812, "ENTIDAD": 9, "DISTRITO_F": 13, "DISTRITO_L": 15, "MUNICIPIO": 6, "SECCION": 1817, "TIPO": 2, "CONTROL": 40541, "GEOMETRY1_": null, "CONCENTRAD": null, "CONCENTR_1": null, "CONCENTR_2": null, "CONCENTR_3": null, "CONCENTR_4": null, "CONCENTR_5": null, "CONCENTR_6": null, "CONCENTR_7": null, "CONCENTR_8": null, "CONCENTR_9": null, "CONCENTR10": null, "CONCENTR11": null, "CONCENTR12": null, "CONCENTR13": null, "CONCENTR14": null, "CONCENTR15": null, "CONCENTR16": null, "CONCENTR17": null, "CONCENTR18": null, "CONCENTR19": null, "CONCENTR20": null, "CONCENTR21": null, "CONCENTR22": null, "CONCENTR23": null, "layer": "Ruta 07", "path": "D:/Atlas de Riesgos 2024/SHAPE/Secciones Electorares Distrito 15/Rutas/Ruta 07.gpkg|layername=Ruta 07" }, "geometry": { "type": "MultiPolygon", "coordinates": [ [ [ [ 486113.800122163374908, 2143349.266917322296649 ], [ 486158.53593807836296, 2143340.965133382473141 ], [ 486176.824935961398296, 2143337.570536112878472 ], [ 486204.226988964888733, 2143332.484476442914456 ], [ 486236.810435376828536, 2143326.436705043073744 ], [ 486254.011644118640106, 2143323.244010912254453 ], [ 486300.547909732325934, 2143314.606474763248116 ], [ 486357.979189935023896, 2143303.946729042567313 ], [ 486361.156647423864342, 2143303.501014973036945 ], [ 486398.920501626213081, 2143298.203735204413533 ], [ 486395.256433143513277, 2143165.181413097307086 ], [ 486391.365582416183315, 2143024.268705961760134 ], [ 486353.559781108342577, 2143032.55547145055607 ], [ 486290.615767028415576, 2143045.729386860039085 ], [ 486230.016114273923449, 2143055.017678319942206 ], [ 486166.795432896935381, 2143062.817077450454235 ], [ 486105.010928772331681, 2143069.553314650431275 ], [ 486109.533958631684072, 2143213.497465196065605 ], [ 486113.800122163374908, 2143349.266917322296649 ] ] ] ] } },
{ "type": "Feature", "properties": { "fid": 4, "ID": 1813, "ENTIDAD": 9, "DISTRITO_F": 13, "DISTRITO_L": 15, "MUNICIPIO": 6, "SECCION": 1818, "TIPO": 2, "CONTROL": 40549, "GEOMETRY1_": null, "CONCENTRAD": null, "CONCENTR_1": null, "CONCENTR_2": null, "CONCENTR_3": null, "CONCENTR_4": null, "CONCENTR_5": null, "CONCENTR_6": null, "CONCENTR_7": null, "CONCENTR_8": null, "CONCENTR_9": null, "CONCENTR10": null, "CONCENTR11": null, "CONCENTR12": null, "CONCENTR13": null, "CONCENTR14": null, "CONCENTR15": null, "CONCENTR16": null, "CONCENTR17": null, "CONCENTR18": null, "CONCENTR19": null, "CONCENTR20": null, "CONCENTR21": null, "CONCENTR22": null, "CONCENTR23": null, "layer": "Ruta 07", "path": "D:/Atlas de Riesgos 2024/SHAPE/Secciones Electorares Distrito 15/Rutas/Ruta 07.gpkg|layername=Ruta 07" }, "geometry": { "type": "MultiPolygon", "coordinates": [ [ [ [ 486398.920501626213081, 2143298.203735204413533 ], [ 486421.658389674150385, 2143295.029179513454437 ], [ 486460.498944525199477, 2143288.117451653815806 ], [ 486536.445960387180094, 2143273.737061073537916 ], [ 486533.110776874120347, 2143133.959826508536935 ], [ 486608.251234901312273, 2143118.165310138836503 ], [ 486652.027740691439249, 2143108.531756458804011 ], [ 486696.083942451339681, 2143098.328139358200133 ], [ 486691.148533074650913, 2142947.451238373760134 ], [ 486649.631538257293869, 2142958.481497212778777 ], [ 486604.400751451728866, 2142969.862531743012369 ], [ 486530.292610367410816, 2142988.245496802031994 ], [ 486453.295178899425082, 2143008.555146831553429 ], [ 486414.881235890672542, 2143018.687611311674118 ], [ 486391.365582416183315, 2143024.268705961760134 ], [ 486395.256433143513277, 2143165.181413097307086 ], [ 486398.920501626213081, 2143298.203735204413533 ] ] ] ] } },
{ "type": "Feature", "properties": { "fid": 5, "ID": 1820, "ENTIDAD": 9, "DISTRITO_F": 13, "DISTRITO_L": 15, "MUNICIPIO": 6, "SECCION": 1825, "TIPO": 2, "CONTROL": 40491, "GEOMETRY1_": null, "CONCENTRAD": null, "CONCENTR_1": null, "CONCENTR_2": null, "CONCENTR_3": null, "CONCENTR_4": null, "CONCENTR_5": null, "CONCENTR_6": null, "CONCENTR_7": null, "CONCENTR_8": null, "CONCENTR_9": null, "CONCENTR10": null, "CONCENTR11": null, "CONCENTR12": null, "CONCENTR13": null, "CONCENTR14": null, "CONCENTR15": null, "CONCENTR16": null, "CONCENTR17": null, "CONCENTR18": null, "CONCENTR19": null, "CONCENTR20": null, "CONCENTR21": null, "CONCENTR22": null, "CONCENTR23": null, "layer": "Ruta 07", "path": "D:/Atlas de Riesgos 2024/SHAPE/Secciones Electorares Distrito 15/Rutas/Ruta 07.gpkg|layername=Ruta 07" }, "geometry": { "type": "MultiPolygon", "coordinates": [ [ [ [ 486049.052050949947443, 2142775.752562517765909 ], [ 486097.188187990512233, 2142768.653900728095323 ], [ 486143.419714865332935, 2142762.027061118278652 ], [ 486158.781478356104344, 2142760.048125338740647 ], [ 486190.147592356835958, 2142756.007474318612367 ], [ 486221.513706358440686, 2142751.966823298949748 ], [ 486242.158385881630238, 2142749.307330788578838 ], [ 486284.245934365084395, 2142743.885521268472075 ], [ 486293.731451962667052, 2142742.663576268125325 ], [ 486345.935523525520694, 2142735.938534249551594 ], [ 486383.395383879542351, 2142731.112873589154333 ], [ 486378.594120332272723, 2142548.023307314142585 ], [ 486340.049912101298105, 2142552.687604334205389 ], [ 486327.042136345582549, 2142554.041436404455453 ], [ 486288.824522180075292, 2142558.019075054675341 ], [ 486260.38291712931823, 2142561.543904053978622 ], [ 486236.771651976043358, 2142564.469936113804579 ], [ 486203.391000942792743, 2142568.742346493527293 ], [ 486184.758442095480859, 2142571.070032753515989 ], [ 486137.266040142218117, 2142576.96860963338986 ], [ 486090.476560672395863, 2142582.856654833070934 ], [ 486045.665862721973099, 2142586.443831332959235 ], [ 486049.052050949947443, 2142775.752562517765909 ] ] ] ] } },
{ "type": "Feature", "properties": { "fid": 6, "ID": 1821, "ENTIDAD": 9, "DISTRITO_F": 13, "DISTRITO_L": 15, "MUNICIPIO": 6, "SECCION": 1826, "TIPO": 2, "CONTROL": 40490, "GEOMETRY1_": null, "CONCENTRAD": null, "CONCENTR_1": null, "CONCENTR_2": null, "CONCENTR_3": null, "CONCENTR_4": null, "CONCENTR_5": null, "CONCENTR_6": null, "CONCENTR_7": null, "CONCENTR_8": null, "CONCENTR_9": null, "CONCENTR10": null, "CONCENTR11": null, "CONCENTR12": null, "CONCENTR13": null, "CONCENTR14": null, "CONCENTR15": null, "CONCENTR16": null, "CONCENTR17": null, "CONCENTR18": null, "CONCENTR19": null, "CONCENTR20": null, "CONCENTR21": null, "CONCENTR22": null, "CONCENTR23": null, "layer": "Ruta 07", "path": "D:/Atlas de Riesgos 2024/SHAPE/Secciones Electorares Distrito 15/Rutas/Ruta 07.gpkg|layername=Ruta 07" }, "geometry": { "type": "MultiPolygon", "coordinates": [ [ [ [ 485869.636155000538565, 2143110.939640558790416 ], [ 485899.312181356654037, 2143102.793770958669484 ], [ 485869.713553719513584, 2142954.006891493219882 ], [ 485892.97011817980092, 2142950.464803573209792 ], [ 485945.292274730920326, 2142941.668328032828867 ], [ 485998.489667267771438, 2142932.000180453527719 ], [ 486049.411516882537398, 2142923.298081923276186 ], [ 486101.694023247633595, 2142915.71985629433766 ], [ 486097.188187990512233, 2142768.653900728095323 ], [ 486049.052050949947443, 2142775.752562517765909 ], [ 486045.665862721973099, 2142586.443831332959235 ], [ 485998.104542699060403, 2142590.836612633429468 ], [ 485945.52878449234413, 2142594.884501382708549 ], [ 485911.927040868962649, 2142596.15966573311016 ], [ 485787.347659458580893, 2142583.314024692866951 ], [ 485762.141654140781611, 2142578.724291692953557 ], [ 485777.811063448491041, 2142662.19095370080322 ], [ 485808.805252199352253, 2142809.607052117120475 ], [ 485840.186500644020271, 2142958.366372843272984 ], [ 485854.706758554908447, 2143036.124611651524901 ], [ 485869.636155000538565, 2143110.939640558790416 ] ] ] ] } },
{ "type": "Feature", "properties": { "fid": 7, "ID": 1825, "ENTIDAD": 9, "DISTRITO_F": 13, "DISTRITO_L": 15, "MUNICIPIO": 6, "SECCION": 1830, "TIPO": 2, "CONTROL": 40532, "GEOMETRY1_": null, "CONCENTRAD": null, "CONCENTR_1": null, "CONCENTR_2": null, "CONCENTR_3": null, "CONCENTR_4": null, "CONCENTR_5": null, "CONCENTR_6": null, "CONCENTR_7": null, "CONCENTR_8": null, "CONCENTR_9": null, "CONCENTR10": null, "CONCENTR11": null, "CONCENTR12": null, "CONCENTR13": null, "CONCENTR14": null, "CONCENTR15": null, "CONCENTR16": null, "CONCENTR17": null, "CONCENTR18": null, "CONCENTR19": null, "CONCENTR20": null, "CONCENTR21": null, "CONCENTR22": null, "CONCENTR23": null, "layer": "Ruta 07", "path": "D:/Atlas de Riesgos 2024/SHAPE/Secciones Electorares Distrito 15/Rutas/Ruta 07.gpkg|layername=Ruta 07" }, "geometry": { "type": "MultiPolygon", "coordinates": [ [ [ [ 485899.312181356654037, 2143102.793770958669484 ], [ 485949.578487899503671, 2143093.797220609150827 ], [ 486002.704763230925892, 2143085.510736669879407 ], [ 486053.16315289872, 2143077.64038189034909 ], [ 486105.010928772331681, 2143069.553314650431275 ], [ 486166.795432896935381, 2143062.817077450454235 ], [ 486230.016114273923449, 2143055.017678319942206 ], [ 486290.615767028415576, 2143045.729386860039085 ], [ 486353.559781108342577, 2143032.55547145055607 ], [ 486391.365582416183315, 2143024.268705961760134 ], [ 486387.302276214642916, 2142874.814221635460854 ], [ 486383.395383879542351, 2142731.112873589154333 ], [ 486345.935523525520694, 2142735.938534249551594 ], [ 486293.731451962667052, 2142742.663576268125325 ], [ 486284.245934365084395, 2142743.885521268472075 ], [ 486242.158385881630238, 2142749.307330788578838 ], [ 486221.513706358440686, 2142751.966823298949748 ], [ 486190.147592356835958, 2142756.007474318612367 ], [ 486158.781478356104344, 2142760.048125338740647 ], [ 486143.419714865332935, 2142762.027061118278652 ], [ 486097.188187990512233, 2142768.653900728095323 ], [ 486101.694023247633595, 2142915.71985629433766 ], [ 486049.411516882537398, 2142923.298081923276186 ], [ 485998.489667267771438, 2142932.000180453527719 ], [ 485945.292274730920326, 2142941.668328032828867 ], [ 485892.97011817980092, 2142950.464803573209792 ], [ 485869.713553719513584, 2142954.006891493219882 ], [ 485899.312181356654037, 2143102.793770958669484 ] ] ] ] } },
{ "type": "Feature", "properties": { "fid": 1, "ID": 1816, "ENTIDAD": 9, "DISTRITO_F": 13, "DISTRITO_L": 15, "MUNICIPIO": 6, "SECCION": 1821, "TIPO": 2, "CONTROL": 40501, "GEOMETRY1_": null, "CONCENTRAD": null, "CONCENTR_1": null, "CONCENTR_2": null, "CONCENTR_3": null, "CONCENTR_4": null, "CONCENTR_5": null, "CONCENTR_6": null, "CONCENTR_7": null, "CONCENTR_8": null, "CONCENTR_9": null, "CONCENTR10": null, "CONCENTR11": null, "CONCENTR12": null, "CONCENTR13": null, "CONCENTR14": null, "CONCENTR15": null, "CONCENTR16": null, "CONCENTR17": null, "CONCENTR18": null, "CONCENTR19": null, "CONCENTR20": null, "CONCENTR21": null, "CONCENTR22": null, "CONCENTR23": null, "layer": "Ruta 08", "path": "D:/Atlas de Riesgos 2024/SHAPE/Secciones Electorares Distrito 15/Rutas/Ruta 08.gpkg|layername=Ruta 08" }, "geometry": { "type": "MultiPolygon", "coordinates": [ [ [ [ 486981.539172103162855, 2142905.217859583906829 ], [ 487034.349791738088243, 2142901.415927254594862 ], [ 487108.565875243861228, 2142898.362414035014808 ], [ 487124.039833094459027, 2142898.26731471484527 ], [ 487139.352837748592719, 2142897.429685174953192 ], [ 487142.794678643695079, 2142631.872512062545866 ], [ 487147.951007272815332, 2142397.901498837396502 ], [ 487114.591545112605672, 2142403.664574817288667 ], [ 487063.464554912061431, 2142412.850813377648592 ], [ 487023.457287743571214, 2142421.175501197576523 ], [ 486981.368615188170224, 2142429.568810797296464 ], [ 486965.7520971299964, 2142432.895125877577811 ], [ 486927.991366586298682, 2142440.746958617586643 ], [ 486914.632218405313324, 2142443.163749417290092 ], [ 486920.334934554237407, 2142655.091604501474649 ], [ 486975.609583465207834, 2142648.209542831405997 ], [ 486978.479591668059584, 2142772.605352118145674 ], [ 486981.539172103162855, 2142905.217859583906829 ] ] ] ] } },
{ "type": "Feature", "properties": { "fid": 2, "ID": 1817, "ENTIDAD": 9, "DISTRITO_F": 13, "DISTRITO_L": 15, "MUNICIPIO": 6, "SECCION": 1822, "TIPO": 2, "CONTROL": 40498, "GEOMETRY1_": null, "CONCENTRAD": null, "CONCENTR_1": null, "CONCENTR_2": null, "CONCENTR_3": null, "CONCENTR_4": null, "CONCENTR_5": null, "CONCENTR_6": null, "CONCENTR_7": null, "CONCENTR_8": null, "CONCENTR_9": null, "CONCENTR10": null, "CONCENTR11": null, "CONCENTR12": null, "CONCENTR13": null, "CONCENTR14": null, "CONCENTR15": null, "CONCENTR16": null, "CONCENTR17": null, "CONCENTR18": null, "CONCENTR19": null, "CONCENTR20": null, "CONCENTR21": null, "CONCENTR22": null, "CONCENTR23": null, "layer": "Ruta 08", "path": "D:/Atlas de Riesgos 2024/SHAPE/Secciones Electorares Distrito 15/Rutas/Ruta 08.gpkg|layername=Ruta 08" }, "geometry": { "type": "MultiPolygon", "coordinates": [ [ [ [ 486755.485392547852825, 2142931.737633893731982 ], [ 486818.098869312962051, 2142920.294661453459412 ], [ 486878.982222375227138, 2142912.992768733762205 ], [ 486928.398761033022311, 2142909.876219473779202 ], [ 486981.539172103162855, 2142905.217859583906829 ], [ 486978.479591668059584, 2142772.605352118145674 ], [ 486975.609583465207834, 2142648.209542831405997 ], [ 486920.334934554237407, 2142655.091604501474649 ], [ 486914.632218405313324, 2142443.163749417290092 ], [ 486869.427958818268962, 2142451.534909996204078 ], [ 486806.40801461628871, 2142464.337370846420527 ], [ 486776.156624495924916, 2142470.328321015927941 ], [ 486780.529906399722677, 2142674.319509160704911 ], [ 486748.405960878939368, 2142679.061727730557323 ], [ 486751.879889319068752, 2142803.051626537926495 ], [ 486755.485392547852825, 2142931.737633893731982 ] ] ] ] } },
{ "type": "Feature", "properties": { "fid": 3, "ID": 1815, "ENTIDAD": 9, "DISTRITO_F": 13, "DISTRITO_L": 15, "MUNICIPIO": 6, "SECCION": 1820, "TIPO": 2, "CONTROL": 40517, "GEOMETRY1_": null, "CONCENTRAD": null, "CONCENTR_1": null, "CONCENTR_2": null, "CONCENTR_3": null, "CONCENTR_4": null, "CONCENTR_5": null, "CONCENTR_6": null, "CONCENTR_7": null, "CONCENTR_8": null, "CONCENTR_9": null, "CONCENTR10": null, "CONCENTR11": null, "CONCENTR12": null, "CONCENTR13": null, "CONCENTR14": null, "CONCENTR15": null, "CONCENTR16": null, "CONCENTR17": null, "CONCENTR18": null, "CONCENTR19": null, "CONCENTR20": null, "CONCENTR21": null, "CONCENTR22": null, "CONCENTR23": null, "layer": "Ruta 08", "path": "D:/Atlas de Riesgos 2024/SHAPE/Secciones Electorares Distrito 15/Rutas/Ruta 08.gpkg|layername=Ruta 08" }, "geometry": { "type": "MultiPolygon", "coordinates": [ [ [ [ 486886.016238965850789, 2143204.16074993647635 ], [ 486938.489718286029529, 2143191.39781137695536 ], [ 486989.889258839190006, 2143181.66488431673497 ], [ 487039.965420480526518, 2143172.18254997767508 ], [ 487119.278020673431456, 2143156.609904157929122 ], [ 487151.78988501324784, 2143153.036512076854706 ], [ 487147.985432393848896, 2143038.907108700834215 ], [ 487139.352837748592719, 2142897.429685174953192 ], [ 487124.039833094459027, 2142898.26731471484527 ], [ 487108.565875243861228, 2142898.362414035014808 ], [ 487034.349791738088243, 2142901.415927254594862 ], [ 486981.539172103162855, 2142905.217859583906829 ], [ 486928.398761033022311, 2142909.876219473779202 ], [ 486878.982222375227138, 2142912.992768733762205 ], [ 486818.098869312962051, 2142920.294661453459412 ], [ 486755.485392547852825, 2142931.737633893731982 ], [ 486691.148533074650913, 2142947.451238373760134 ], [ 486696.083942451339681, 2143098.328139358200133 ], [ 486759.813452783913817, 2143084.899201069492847 ], [ 486880.414753222721629, 2143064.305214289110154 ], [ 486886.016238965850789, 2143204.16074993647635 ] ] ] ] } },
{ "type": "Feature", "properties": { "fid": 4, "ID": 1818, "ENTIDAD": 9, "DISTRITO_F": 13, "DISTRITO_L": 15, "MUNICIPIO": 6, "SECCION": 1823, "TIPO": 2, "CONTROL": 40493, "GEOMETRY1_": null, "CONCENTRAD": null, "CONCENTR_1": null, "CONCENTR_2": null, "CONCENTR_3": null, "CONCENTR_4": null, "CONCENTR_5": null, "CONCENTR_6": null, "CONCENTR_7": null, "CONCENTR_8": null, "CONCENTR_9": null, "CONCENTR10": null, "CONCENTR11": null, "CONCENTR12": null, "CONCENTR13": null, "CONCENTR14": null, "CONCENTR15": null, "CONCENTR16": null, "CONCENTR17": null, "CONCENTR18": null, "CONCENTR19": null, "CONCENTR20": null, "CONCENTR21": null, "CONCENTR22": null, "CONCENTR23": null, "layer": "Ruta 08", "path": "D:/Atlas de Riesgos 2024/SHAPE/Secciones Electorares Distrito 15/Rutas/Ruta 08.gpkg|layername=Ruta 08" }, "geometry": { "type": "MultiPolygon", "coordinates": [ [ [ [ 486383.395383879542351, 2142731.112873589154333 ], [ 486407.65328497858718, 2142729.054678378626704 ], [ 486447.67754075571429, 2142725.21192972920835 ], [ 486523.691776515857782, 2142714.380130479577929 ], [ 486600.9888366778614, 2142702.146337720565498 ], [ 486644.70602538815001, 2142693.876631510909647 ], [ 486688.016542563564144, 2142687.234812610317022 ], [ 486734.230542859586421, 2142680.947629920206964 ], [ 486748.405960878939368, 2142679.061727730557323 ], [ 486780.529906399722677, 2142674.319509160704911 ], [ 486776.156624495924916, 2142470.328321015927941 ], [ 486770.423842300719116, 2142471.454038666561246 ], [ 486727.77983107289765, 2142479.827651246450841 ], [ 486700.602444462070707, 2142485.164515846408904 ], [ 486682.729174409643747, 2142488.674200116191059 ], [ 486641.815800005628262, 2142496.70815394539386 ], [ 486632.341011729498859, 2142498.568670525215566 ], [ 486615.874638677400071, 2142501.802089495584369 ], [ 486597.310603131365497, 2142505.471793555188924 ], [ 486549.902703432482667, 2142514.754329414572567 ], [ 486514.594342125870753, 2142521.66775801545009 ], [ 486441.856993154797237, 2142536.442244584672153 ], [ 486401.604140120267402, 2142544.618446284439415 ], [ 486378.594120332272723, 2142548.023307314142585 ], [ 486383.395383879542351, 2142731.112873589154333 ] ] ] ] } },
{ "type": "Feature", "properties": { "fid": 5, "ID": 1819, "ENTIDAD": 9, "DISTRITO_F": 13, "DISTRITO_L": 15, "MUNICIPIO": 6, "SECCION": 1824, "TIPO": 2, "CONTROL": 40527, "GEOMETRY1_": null, "CONCENTRAD": null, "CONCENTR_1": null, "CONCENTR_2": null, "CONCENTR_3": null, "CONCENTR_4": null, "CONCENTR_5": null, "CONCENTR_6": null, "CONCENTR_7": null, "CONCENTR_8": null, "CONCENTR_9": null, "CONCENTR10": null, "CONCENTR11": null, "CONCENTR12": null, "CONCENTR13": null, "CONCENTR14": null, "CONCENTR15": null, "CONCENTR16": null, "CONCENTR17": null, "CONCENTR18": null, "CONCENTR19": null, "CONCENTR20": null, "CONCENTR21": null, "CONCENTR22": null, "CONCENTR23": null, "layer": "Ruta 08", "path": "D:/Atlas de Riesgos 2024/SHAPE/Secciones Electorares Distrito 15/Rutas/Ruta 08.gpkg|layername=Ruta 08" }, "geometry": { "type": "MultiPolygon", "coordinates": [ [ [ [ 486391.365582416183315, 2143024.268705961760134 ], [ 486414.881235890672542, 2143018.687611311674118 ], [ 486453.295178899425082, 2143008.555146831553429 ], [ 486530.292610367410816, 2142988.245496802031994 ], [ 486604.400751451728866, 2142969.862531743012369 ], [ 486649.631538257293869, 2142958.481497212778777 ], [ 486691.148533074650913, 2142947.451238373760134 ], [ 486755.485392547852825, 2142931.737633893731982 ], [ 486751.879889319068752, 2142803.051626537926495 ], [ 486748.405960878939368, 2142679.061727730557323 ], [ 486734.230542859586421, 2142680.947629920206964 ], [ 486688.016542563564144, 2142687.234812610317022 ], [ 486644.70602538815001, 2142693.876631510909647 ], [ 486600.9888366778614, 2142702.146337720565498 ], [ 486523.691776515857782, 2142714.380130479577929 ], [ 486447.67754075571429, 2142725.21192972920835 ], [ 486407.65328497858718, 2142729.054678378626704 ], [ 486383.395383879542351, 2142731.112873589154333 ], [ 486387.302276214642916, 2142874.814221635460854 ], [ 486391.365582416183315, 2143024.268705961760134 ] ] ] ] } },
{ "type": "Feature", "properties": { "fid": 1, "ID": 1805, "ENTIDAD": 9, "DISTRITO_F": 13, "DISTRITO_L": 15, "MUNICIPIO": 6, "SECCION": 1810, "TIPO": 2, "CONTROL": 40294, "GEOMETRY1_": null, "CONCENTRAD": null, "CONCENTR_1": null, "CONCENTR_2": null, "CONCENTR_3": null, "CONCENTR_4": null, "CONCENTR_5": null, "CONCENTR_6": null, "CONCENTR_7": null, "CONCENTR_8": null, "CONCENTR_9": null, "CONCENTR10": null, "CONCENTR11": null, "CONCENTR12": null, "CONCENTR13": null, "CONCENTR14": null, "CONCENTR15": null, "CONCENTR16": null, "CONCENTR17": null, "CONCENTR18": null, "CONCENTR19": null, "CONCENTR20": null, "CONCENTR21": null, "CONCENTR22": null, "CONCENTR23": null, "layer": "Ruta 09", "path": "D:/Atlas de Riesgos 2024/SHAPE/Secciones Electorares Distrito 15/Rutas/Ruta 09.gpkg|layername=Ruta 09" }, "geometry": { "type": "MultiPolygon", "coordinates": [ [ [ [ 487624.647612302389462, 2143486.299615098163486 ], [ 487657.887909279379528, 2143481.285440417937934 ], [ 487687.618586681608576, 2143476.800678748637438 ], [ 487696.177541957236826, 2143475.509592298418283 ], [ 487703.692404166678898, 2143474.12197978887707 ], [ 487734.108063438266981, 2143468.5057557891123 ], [ 487765.617099615861662, 2143462.687640738207847 ], [ 487745.815027280303184, 2143335.817253852263093 ], [ 487747.546017301734537, 2143327.738312082830817 ], [ 487734.344655122316908, 2143260.749642855022103 ], [ 487699.952148312528152, 2143266.100714764557779 ], [ 487685.692663724417798, 2143181.436239947099239 ], [ 487677.063282129180152, 2143125.363200508058071 ], [ 487646.713644386851229, 2143123.69223334826529 ], [ 487638.666527237044647, 2143123.249181327410042 ], [ 487629.386403355980292, 2143123.804851378314197 ], [ 487600.85160388238728, 2143125.51344209862873 ], [ 487566.67948016844457, 2143130.13613208848983 ], [ 487527.694785356055945, 2143132.904298088047653 ], [ 487532.077794006559998, 2143161.938821706920862 ], [ 487537.378913934109733, 2143193.455890126060694 ], [ 487540.801828347961418, 2143213.806349905673414 ], [ 487543.423453162191436, 2143229.392854245379567 ], [ 487547.90038917993661, 2143238.257607905194163 ], [ 487568.53891558124451, 2143365.29654419189319 ], [ 487603.005767112364992, 2143359.695729792118073 ], [ 487624.647612302389462, 2143486.299615098163486 ] ] ] ] } },
{ "type": "Feature", "properties": { "fid": 2, "ID": 1806, "ENTIDAD": 9, "DISTRITO_F": 13, "DISTRITO_L": 15, "MUNICIPIO": 6, "SECCION": 1811, "TIPO": 2, "CONTROL": 40302, "GEOMETRY1_": null, "CONCENTRAD": null, "CONCENTR_1": null, "CONCENTR_2": null, "CONCENTR_3": null, "CONCENTR_4": null, "CONCENTR_5": null, "CONCENTR_6": null, "CONCENTR_7": null, "CONCENTR_8": null, "CONCENTR_9": null, "CONCENTR10": null, "CONCENTR11": null, "CONCENTR12": null, "CONCENTR13": null, "CONCENTR14": null, "CONCENTR15": null, "CONCENTR16": null, "CONCENTR17": null, "CONCENTR18": null, "CONCENTR19": null, "CONCENTR20": null, "CONCENTR21": null, "CONCENTR22": null, "CONCENTR23": null, "layer": "Ruta 09", "path": "D:/Atlas de Riesgos 2024/SHAPE/Secciones Electorares Distrito 15/Rutas/Ruta 09.gpkg|layername=Ruta 09" }, "geometry": { "type": "MultiPolygon", "coordinates": [ [ [ [ 487422.903065107704606, 2143574.031932426616549 ], [ 487457.94258423341671, 2143568.233933916781098 ], [ 487492.985742523916997, 2143562.43533323565498 ], [ 487529.075543970277067, 2143556.463544245809317 ], [ 487547.568905981024727, 2143553.542780906893313 ], [ 487554.571703989116941, 2143552.436788626480848 ], [ 487588.658431377320085, 2143546.700398466549814 ], [ 487623.121828887204174, 2143540.901680596638471 ], [ 487656.166258119221311, 2143535.433810157235712 ], [ 487696.005938861751929, 2143528.841527656652033 ], [ 487703.694192326802295, 2143527.569350316654891 ], [ 487696.177541957236826, 2143475.509592298418283 ], [ 487687.618586681608576, 2143476.800678748637438 ], [ 487657.887909279379528, 2143481.285440417937934 ], [ 487624.647612302389462, 2143486.299615098163486 ], [ 487603.005767112364992, 2143359.695729792118073 ], [ 487568.53891558124451, 2143365.29654419189319 ], [ 487547.90038917993661, 2143238.257607905194163 ], [ 487543.423453162191436, 2143229.392854245379567 ], [ 487540.801828347961418, 2143213.806349905673414 ], [ 487537.378913934109733, 2143193.455890126060694 ], [ 487532.077794006559998, 2143161.938821706920862 ], [ 487527.694785356055945, 2143132.904298088047653 ], [ 487349.657901454775129, 2143138.837983678095043 ], [ 487344.230789950990584, 2143139.014305267017335 ], [ 487307.649168145726435, 2143141.548129037953913 ], [ 487331.152253531152382, 2143291.981559424195439 ], [ 487336.685744912188966, 2143299.306163523811847 ], [ 487353.270930743718054, 2143401.821982889901847 ], [ 487391.829872985137627, 2143395.259545200970024 ], [ 487414.109151659649797, 2143521.751053828280419 ], [ 487422.903065107704606, 2143574.031932426616549 ] ] ] ] } },
{ "type": "Feature", "properties": { "fid": 3, "ID": 1807, "ENTIDAD": 9, "DISTRITO_F": 13, "DISTRITO_L": 15, "MUNICIPIO": 6, "SECCION": 1812, "TIPO": 2, "CONTROL": 43119, "GEOMETRY1_": null, "CONCENTRAD": null, "CONCENTR_1": null, "CONCENTR_2": null, "CONCENTR_3": null, "CONCENTR_4": null, "CONCENTR_5": null, "CONCENTR_6": null, "CONCENTR_7": null, "CONCENTR_8": null, "CONCENTR_9": null, "CONCENTR10": null, "CONCENTR11": null, "CONCENTR12": null, "CONCENTR13": null, "CONCENTR14": null, "CONCENTR15": null, "CONCENTR16": null, "CONCENTR17": null, "CONCENTR18": null, "CONCENTR19": null, "CONCENTR20": null, "CONCENTR21": null, "CONCENTR22": null, "CONCENTR23": null, "layer": "Ruta 09", "path": "D:/Atlas de Riesgos 2024/SHAPE/Secciones Electorares Distrito 15/Rutas/Ruta 09.gpkg|layername=Ruta 09" }, "geometry": { "type": "MultiPolygon", "coordinates": [ [ [ [ 487355.376288751198445, 2143584.034191495273262 ], [ 487389.747256989823654, 2143579.169014415703714 ], [ 487422.903065107704606, 2143574.031932426616549 ], [ 487414.109151659649797, 2143521.751053828280419 ], [ 487391.829872985137627, 2143395.259545200970024 ], [ 487353.270930743718054, 2143401.821982889901847 ], [ 487336.685744912188966, 2143299.306163523811847 ], [ 487331.152253531152382, 2143291.981559424195439 ], [ 487307.649168145726435, 2143141.548129037953913 ], [ 487280.688177646545228, 2143143.640539248008281 ], [ 487151.78988501324784, 2143153.036512076854706 ], [ 487119.278020673431456, 2143156.609904157929122 ], [ 487119.777930907381233, 2143164.836246877443045 ], [ 487132.071240922959987, 2143367.130528191570193 ], [ 487138.609176067402586, 2143474.513236939441413 ], [ 487140.029204915394075, 2143497.835246328730136 ], [ 487143.628389310208149, 2143556.946871136780828 ], [ 487172.588905663287733, 2143560.4360894667916 ], [ 487212.841881931759417, 2143565.285844956990331 ], [ 487248.091783459880389, 2143569.532820435706526 ], [ 487283.493910828081425, 2143573.798136386554688 ], [ 487355.376288751198445, 2143584.034191495273262 ] ] ] ] } },
{ "type": "Feature", "properties": { "fid": 1, "ID": 1801, "ENTIDAD": 9, "DISTRITO_F": 13, "DISTRITO_L": 15, "MUNICIPIO": 6, "SECCION": 1806, "TIPO": 2, "CONTROL": 40281, "GEOMETRY1_": null, "CONCENTRAD": null, "CONCENTR_1": null, "CONCENTR_2": null, "CONCENTR_3": null, "CONCENTR_4": null, "CONCENTR_5": null, "CONCENTR_6": null, "CONCENTR_7": null, "CONCENTR_8": null, "CONCENTR_9": null, "CONCENTR10": null, "CONCENTR11": null, "CONCENTR12": null, "CONCENTR13": null, "CONCENTR14": null, "CONCENTR15": null, "CONCENTR16": null, "CONCENTR17": null, "CONCENTR18": null, "CONCENTR19": null, "CONCENTR20": null, "CONCENTR21": null, "CONCENTR22": null, "CONCENTR23": null, "layer": "Ruta 10", "path": "D:/Atlas de Riesgos 2024/SHAPE/Secciones Electorares Distrito 15/Rutas/Ruta 10.gpkg|layername=Ruta 10" }, "geometry": { "type": "MultiPolygon", "coordinates": [ [ [ [ 488083.205033536127303, 2143463.020573229528964 ], [ 488093.711872581159696, 2143461.379692428745329 ], [ 488133.161139226984233, 2143454.676523258909583 ], [ 488168.645617255358957, 2143448.647045919205993 ], [ 488202.421252662374172, 2143442.907932950183749 ], [ 488236.891548173327465, 2143437.05078421998769 ], [ 488293.818292674492113, 2143427.377864270005375 ], [ 488305.698457945254631, 2143371.403921100776643 ], [ 488311.579626750433818, 2143343.694524732418358 ], [ 488329.640329246409237, 2143258.600697174668312 ], [ 488341.222726226318628, 2143204.029702975880355 ], [ 488351.737255943531636, 2143154.490014327224344 ], [ 488322.091973388392944, 2143158.393493227194995 ], [ 488289.28815809939988, 2143163.100720557384193 ], [ 488256.558097403612919, 2143167.476882567629218 ], [ 488221.410542742058169, 2143173.687694896943867 ], [ 488183.837306447967421, 2143178.988485456909984 ], [ 488147.641102106019389, 2143185.17633447656408 ], [ 488112.508280645939521, 2143192.311663966625929 ], [ 488075.103742939943913, 2143199.433759746141732 ], [ 488089.983640042191837, 2143286.787927633151412 ], [ 488097.345064531429671, 2143330.004026942886412 ], [ 488061.746065363113303, 2143335.856511692050844 ], [ 488074.219633943983354, 2143410.854872451163828 ], [ 488083.205033536127303, 2143463.020573229528964 ] ] ] ] } },
{ "type": "Feature", "properties": { "fid": 2, "ID": 1802, "ENTIDAD": 9, "DISTRITO_F": 13, "DISTRITO_L": 15, "MUNICIPIO": 6, "SECCION": 1807, "TIPO": 2, "CONTROL": 40283, "GEOMETRY1_": null, "CONCENTRAD": null, "CONCENTR_1": null, "CONCENTR_2": null, "CONCENTR_3": null, "CONCENTR_4": null, "CONCENTR_5": null, "CONCENTR_6": null, "CONCENTR_7": null, "CONCENTR_8": null, "CONCENTR_9": null, "CONCENTR10": null, "CONCENTR11": null, "CONCENTR12": null, "CONCENTR13": null, "CONCENTR14": null, "CONCENTR15": null, "CONCENTR16": null, "CONCENTR17": null, "CONCENTR18": null, "CONCENTR19": null, "CONCENTR20": null, "CONCENTR21": null, "CONCENTR22": null, "CONCENTR23": null, "layer": "Ruta 10", "path": "D:/Atlas de Riesgos 2024/SHAPE/Secciones Electorares Distrito 15/Rutas/Ruta 10.gpkg|layername=Ruta 10" }, "geometry": { "type": "MultiPolygon", "coordinates": [ [ [ [ 488004.443576412682887, 2143211.070316535886377 ], [ 488037.773306339746341, 2143205.402163916267455 ], [ 488075.103742939943913, 2143199.433759746141732 ], [ 488112.508280645939521, 2143192.311663966625929 ], [ 488147.641102106019389, 2143185.17633447656408 ], [ 488183.837306447967421, 2143178.988485456909984 ], [ 488221.410542742058169, 2143173.687694896943867 ], [ 488256.558097403612919, 2143167.476882567629218 ], [ 488289.28815809939988, 2143163.100720557384193 ], [ 488322.091973388392944, 2143158.393493227194995 ], [ 488351.737255943531636, 2143154.490014327224344 ], [ 488363.397017233422957, 2143103.639288479462266 ], [ 488367.714043060725089, 2143084.811810679733753 ], [ 488384.661903694621287, 2143036.284244430717081 ], [ 488385.660510812478606, 2143033.300946420989931 ], [ 488357.912529820634518, 2143037.779669881332666 ], [ 488333.374722347827628, 2143041.572757690679282 ], [ 488308.565594904706813, 2143045.817752989940345 ], [ 488285.947394977731165, 2143049.395359620451927 ], [ 488273.015489579760469, 2143051.372541280463338 ], [ 488238.879889156087302, 2143056.303124350495636 ], [ 488230.97898001561407, 2143057.494384960737079 ], [ 488201.925632754340768, 2143061.874907219782472 ], [ 488165.88602592627285, 2143068.106982159428298 ], [ 488156.410389240074437, 2143069.631153350230306 ], [ 488128.547330339206383, 2143073.939540279097855 ], [ 488093.15894407016458, 2143078.446910160128027 ], [ 488057.437931324937381, 2143082.481748159509152 ], [ 488019.386182761925738, 2143086.669911499135196 ], [ 487984.415484078926966, 2143091.314819518942386 ], [ 487990.829776519793086, 2143129.668286548461765 ], [ 488004.443576412682887, 2143211.070316535886377 ] ] ] ] } },
{ "type": "Feature", "properties": { "fid": 3, "ID": 1803, "ENTIDAD": 9, "DISTRITO_F": 13, "DISTRITO_L": 15, "MUNICIPIO": 6, "SECCION": 1808, "TIPO": 2, "CONTROL": 40287, "GEOMETRY1_": null, "CONCENTRAD": null, "CONCENTR_1": null, "CONCENTR_2": null, "CONCENTR_3": null, "CONCENTR_4": null, "CONCENTR_5": null, "CONCENTR_6": null, "CONCENTR_7": null, "CONCENTR_8": null, "CONCENTR_9": null, "CONCENTR10": null, "CONCENTR11": null, "CONCENTR12": null, "CONCENTR13": null, "CONCENTR14": null, "CONCENTR15": null, "CONCENTR16": null, "CONCENTR17": null, "CONCENTR18": null, "CONCENTR19": null, "CONCENTR20": null, "CONCENTR21": null, "CONCENTR22": null, "CONCENTR23": null, "layer": "Ruta 10", "path": "D:/Atlas de Riesgos 2024/SHAPE/Secciones Electorares Distrito 15/Rutas/Ruta 10.gpkg|layername=Ruta 10" }, "geometry": { "type": "MultiPolygon", "coordinates": [ [ [ [ 487703.694192326802295, 2143527.569350316654891 ], [ 487727.134403119503986, 2143523.577837337739766 ], [ 487759.647263326332904, 2143518.041389527264982 ], [ 487795.996806191920768, 2143511.851612767670304 ], [ 487830.935661521623842, 2143505.902054727543145 ], [ 487863.671999241923913, 2143500.327552088070661 ], [ 487881.69502211449435, 2143497.258504187688231 ], [ 487916.890103123907465, 2143491.265314798336476 ], [ 487951.451639214763418, 2143485.380008529406041 ], [ 487985.214752718689851, 2143479.630661528557539 ], [ 488020.17367247515358, 2143473.677686828188598 ], [ 488055.175253141787834, 2143467.717447629198432 ], [ 488083.205033536127303, 2143463.020573229528964 ], [ 488074.219633943983354, 2143410.854872451163828 ], [ 488061.746065363113303, 2143335.856511692050844 ], [ 488097.345064531429671, 2143330.004026942886412 ], [ 488089.983640042191837, 2143286.787927633151412 ], [ 488075.103742939943913, 2143199.433759746141732 ], [ 488037.773306339746341, 2143205.402163916267455 ], [ 488004.443576412682887, 2143211.070316535886377 ], [ 487969.334470775793307, 2143216.748635245952755 ], [ 487940.89076808874961, 2143221.397685865405947 ], [ 487905.988510750583373, 2143225.722684245090932 ], [ 487871.990994290681556, 2143232.121202324982733 ], [ 487836.255187756381929, 2143236.410375434905291 ], [ 487798.785390578617807, 2143244.057721745688468 ], [ 487768.349526504345704, 2143254.177066355012357 ], [ 487734.344655122316908, 2143260.749642855022103 ], [ 487747.546017301734537, 2143327.738312082830817 ], [ 487745.815027280303184, 2143335.817253852263093 ], [ 487765.617099615861662, 2143462.687640738207847 ], [ 487734.108063438266981, 2143468.5057557891123 ], [ 487703.692404166678898, 2143474.12197978887707 ], [ 487696.177541957236826, 2143475.509592298418283 ], [ 487703.694192326802295, 2143527.569350316654891 ] ] ] ] } },
{ "type": "Feature", "properties": { "fid": 4, "ID": 1804, "ENTIDAD": 9, "DISTRITO_F": 13, "DISTRITO_L": 15, "MUNICIPIO": 6, "SECCION": 1809, "TIPO": 2, "CONTROL": 40290, "GEOMETRY1_": null, "CONCENTRAD": null, "CONCENTR_1": null, "CONCENTR_2": null, "CONCENTR_3": null, "CONCENTR_4": null, "CONCENTR_5": null, "CONCENTR_6": null, "CONCENTR_7": null, "CONCENTR_8": null, "CONCENTR_9": null, "CONCENTR10": null, "CONCENTR11": null, "CONCENTR12": null, "CONCENTR13": null, "CONCENTR14": null, "CONCENTR15": null, "CONCENTR16": null, "CONCENTR17": null, "CONCENTR18": null, "CONCENTR19": null, "CONCENTR20": null, "CONCENTR21": null, "CONCENTR22": null, "CONCENTR23": null, "layer": "Ruta 10", "path": "D:/Atlas de Riesgos 2024/SHAPE/Secciones Electorares Distrito 15/Rutas/Ruta 10.gpkg|layername=Ruta 10" }, "geometry": { "type": "MultiPolygon", "coordinates": [ [ [ [ 487699.952148312528152, 2143266.100714764557779 ], [ 487734.344655122316908, 2143260.749642855022103 ], [ 487768.349526504345704, 2143254.177066355012357 ], [ 487798.785390578617807, 2143244.057721745688468 ], [ 487836.255187756381929, 2143236.410375434905291 ], [ 487871.990994290681556, 2143232.121202324982733 ], [ 487905.988510750583373, 2143225.722684245090932 ], [ 487940.89076808874961, 2143221.397685865405947 ], [ 487969.334470775793307, 2143216.748635245952755 ], [ 488004.443576412682887, 2143211.070316535886377 ], [ 487990.829776519793086, 2143129.668286548461765 ], [ 487984.415484078926966, 2143091.314819518942386 ], [ 487950.171636497892905, 2143096.111054889392108 ], [ 487919.666170815995429, 2143100.352853389456868 ], [ 487885.815713502117433, 2143105.567549009341747 ], [ 487850.870795913448092, 2143108.110827688127756 ], [ 487814.734215972712263, 2143112.052372708451003 ], [ 487780.473546680470463, 2143116.906013948842883 ], [ 487746.613551387854386, 2143119.130147058982402 ], [ 487712.425840527459513, 2143122.060276947915554 ], [ 487677.063282129180152, 2143125.363200508058071 ], [ 487685.692663724417798, 2143181.436239947099239 ], [ 487699.952148312528152, 2143266.100714764557779 ] ] ] ] } },
{ "type": "Feature", "properties": { "fid": 1, "ID": 1764, "ENTIDAD": 9, "DISTRITO_F": 13, "DISTRITO_L": 15, "MUNICIPIO": 6, "SECCION": 1769, "TIPO": 2, "CONTROL": 40230, "GEOMETRY1_": null, "CONCENTRAD": null, "CONCENTR_1": null, "CONCENTR_2": null, "CONCENTR_3": null, "CONCENTR_4": null, "CONCENTR_5": null, "CONCENTR_6": null, "CONCENTR_7": null, "CONCENTR_8": null, "CONCENTR_9": null, "CONCENTR10": null, "CONCENTR11": null, "CONCENTR12": null, "CONCENTR13": null, "CONCENTR14": null, "CONCENTR15": null, "CONCENTR16": null, "CONCENTR17": null, "CONCENTR18": null, "CONCENTR19": null, "CONCENTR20": null, "CONCENTR21": null, "CONCENTR22": null, "CONCENTR23": null, "layer": "Ruta 11", "path": "D:/Atlas de Riesgos 2024/SHAPE/Secciones Electorares Distrito 15/Rutas/Ruta 11.gpkg|layername=Ruta 11" }, "geometry": { "type": "MultiPolygon", "coordinates": [ [ [ [ 487762.573240558151156, 2144071.322155122645199 ], [ 487851.911774742009584, 2144061.504057152662426 ], [ 487929.126160723564681, 2144047.012507003266364 ], [ 487978.986067795194685, 2144034.195996633265167 ], [ 488020.237047482747585, 2144028.168412193655968 ], [ 488054.860102757927962, 2144021.797610902693123 ], [ 488089.541316964896396, 2144015.346719544380903 ], [ 488172.49735160212731, 2144001.750381174497306 ], [ 488176.679534548311494, 2143991.521086703985929 ], [ 488189.826482073171064, 2143959.364674774929881 ], [ 488194.239603350113612, 2143939.336218755692244 ], [ 488223.66465841315221, 2143806.322430659085512 ], [ 488215.843564038106706, 2143794.136340250261128 ], [ 488203.734771220537368, 2143795.620125810150057 ], [ 488191.625978404190391, 2143797.103911379352212 ], [ 488151.956713791936636, 2143801.964898189529777 ], [ 488140.314584607025608, 2143803.391499799676239 ], [ 488112.61127619742183, 2143806.78620393993333 ], [ 488076.41549853887409, 2143811.221557099372149 ], [ 488042.577176017337479, 2143815.368032749276608 ], [ 488037.454479449545033, 2143815.999544519465417 ], [ 488007.446345029980876, 2143819.672889628913254 ], [ 487972.462068591965362, 2143823.959788029082119 ], [ 487937.927206863008905, 2143828.191616108175367 ], [ 487894.629363184911199, 2143833.497241258621216 ], [ 487865.350225128873717, 2143837.085044218692929 ], [ 487873.828650218667462, 2143889.314266627654433 ], [ 487877.822898655838799, 2143915.983458806294948 ], [ 487893.903989239712246, 2144012.983383973594755 ], [ 487858.142263034591451, 2144018.731690723914653 ], [ 487824.072060990554746, 2144024.208054883405566 ], [ 487791.248580748389941, 2144029.428556422702968 ], [ 487757.492519720399287, 2144037.39949759375304 ], [ 487760.080491018889006, 2144052.277096562553197 ], [ 487762.573240558151156, 2144071.322155122645199 ] ] ] ] } },
{ "type": "Feature", "properties": { "fid": 2, "ID": 1777, "ENTIDAD": 9, "DISTRITO_F": 13, "DISTRITO_L": 15, "MUNICIPIO": 6, "SECCION": 1782, "TIPO": 2, "CONTROL": 40417, "GEOMETRY1_": null, "CONCENTRAD": null, "CONCENTR_1": null, "CONCENTR_2": null, "CONCENTR_3": null, "CONCENTR_4": null, "CONCENTR_5": null, "CONCENTR_6": null, "CONCENTR_7": null, "CONCENTR_8": null, "CONCENTR_9": null, "CONCENTR10": null, "CONCENTR11": null, "CONCENTR12": null, "CONCENTR13": null, "CONCENTR14": null, "CONCENTR15": null, "CONCENTR16": null, "CONCENTR17": null, "CONCENTR18": null, "CONCENTR19": null, "CONCENTR20": null, "CONCENTR21": null, "CONCENTR22": null, "CONCENTR23": null, "layer": "Ruta 11", "path": "D:/Atlas de Riesgos 2024/SHAPE/Secciones Electorares Distrito 15/Rutas/Ruta 11.gpkg|layername=Ruta 11" }, "geometry": { "type": "MultiPolygon", "coordinates": [ [ [ [ 487865.350225128873717, 2143837.085044218692929 ], [ 487894.629363184911199, 2143833.497241258621216 ], [ 487937.927206863008905, 2143828.191616108175367 ], [ 487972.462068591965362, 2143823.959788029082119 ], [ 488007.446345029980876, 2143819.672889628913254 ], [ 487993.336706003989093, 2143730.536604321561754 ], [ 487978.362667494162451, 2143645.634251654148102 ], [ 487961.693315468728542, 2143546.14484118623659 ], [ 487927.057295860606246, 2143552.143502046354115 ], [ 487916.890103123907465, 2143491.265314798336476 ], [ 487881.69502211449435, 2143497.258504187688231 ], [ 487863.671999241923913, 2143500.327552088070661 ], [ 487830.935661521623842, 2143505.902054727543145 ], [ 487795.996806191920768, 2143511.851612767670304 ], [ 487808.665439173462801, 2143586.838776686228812 ], [ 487820.597617821593303, 2143593.688929605297744 ], [ 487837.203356106707361, 2143824.977805738802999 ], [ 487865.350225128873717, 2143837.085044218692929 ] ] ] ] } },
{ "type": "Feature", "properties": { "fid": 3, "ID": 1778, "ENTIDAD": 9, "DISTRITO_F": 13, "DISTRITO_L": 15, "MUNICIPIO": 6, "SECCION": 1783, "TIPO": 2, "CONTROL": 40421, "GEOMETRY1_": null, "CONCENTRAD": null, "CONCENTR_1": null, "CONCENTR_2": null, "CONCENTR_3": null, "CONCENTR_4": null, "CONCENTR_5": null, "CONCENTR_6": null, "CONCENTR_7": null, "CONCENTR_8": null, "CONCENTR_9": null, "CONCENTR10": null, "CONCENTR11": null, "CONCENTR12": null, "CONCENTR13": null, "CONCENTR14": null, "CONCENTR15": null, "CONCENTR16": null, "CONCENTR17": null, "CONCENTR18": null, "CONCENTR19": null, "CONCENTR20": null, "CONCENTR21": null, "CONCENTR22": null, "CONCENTR23": null, "layer": "Ruta 11", "path": "D:/Atlas de Riesgos 2024/SHAPE/Secciones Electorares Distrito 15/Rutas/Ruta 11.gpkg|layername=Ruta 11" }, "geometry": { "type": "MultiPolygon", "coordinates": [ [ [ [ 488007.446345029980876, 2143819.672889628913254 ], [ 488037.454479449545033, 2143815.999544519465417 ], [ 488042.577176017337479, 2143815.368032749276608 ], [ 488076.41549853887409, 2143811.221557099372149 ], [ 488112.61127619742183, 2143806.78620393993333 ], [ 488096.155881009122822, 2143711.235263791400939 ], [ 488082.072127208055463, 2143627.494448714423925 ], [ 488120.617411914921831, 2143619.728203824255615 ], [ 488107.598247702931985, 2143543.105867897160351 ], [ 488093.711872581159696, 2143461.379692428745329 ], [ 488083.205033536127303, 2143463.020573229528964 ], [ 488055.175253141787834, 2143467.717447629198432 ], [ 488020.17367247515358, 2143473.677686828188598 ], [ 487985.214752718689851, 2143479.630661528557539 ], [ 487951.451639214763418, 2143485.380008529406041 ], [ 487916.890103123907465, 2143491.265314798336476 ], [ 487927.057295860606246, 2143552.143502046354115 ], [ 487961.693315468728542, 2143546.14484118623659 ], [ 487978.362667494162451, 2143645.634251654148102 ], [ 487993.336706003989093, 2143730.536604321561754 ], [ 488007.446345029980876, 2143819.672889628913254 ] ] ] ] } },
{ "type": "Feature", "properties": { "fid": 4, "ID": 1779, "ENTIDAD": 9, "DISTRITO_F": 13, "DISTRITO_L": 15, "MUNICIPIO": 6, "SECCION": 1784, "TIPO": 2, "CONTROL": 40252, "GEOMETRY1_": null, "CONCENTRAD": null, "CONCENTR_1": null, "CONCENTR_2": null, "CONCENTR_3": null, "CONCENTR_4": null, "CONCENTR_5": null, "CONCENTR_6": null, "CONCENTR_7": null, "CONCENTR_8": null, "CONCENTR_9": null, "CONCENTR10": null, "CONCENTR11": null, "CONCENTR12": null, "CONCENTR13": null, "CONCENTR14": null, "CONCENTR15": null, "CONCENTR16": null, "CONCENTR17": null, "CONCENTR18": null, "CONCENTR19": null, "CONCENTR20": null, "CONCENTR21": null, "CONCENTR22": null, "CONCENTR23": null, "layer": "Ruta 11", "path": "D:/Atlas de Riesgos 2024/SHAPE/Secciones Electorares Distrito 15/Rutas/Ruta 11.gpkg|layername=Ruta 11" }, "geometry": { "type": "MultiPolygon", "coordinates": [ [ [ [ 488112.61127619742183, 2143806.78620393993333 ], [ 488140.314584607025608, 2143803.391499799676239 ], [ 488151.956713791936636, 2143801.964898189529777 ], [ 488191.625978404190391, 2143797.103911379352212 ], [ 488203.734771220537368, 2143795.620125810150057 ], [ 488215.843564038106706, 2143794.136340250261128 ], [ 488226.571696678642184, 2143743.675971261225641 ], [ 488238.5587605892797, 2143687.294148982036859 ], [ 488243.456523530301638, 2143664.257248394191265 ], [ 488257.277971848438028, 2143599.247296964749694 ], [ 488274.607070535363164, 2143517.738916808739305 ], [ 488293.818292674492113, 2143427.377864270005375 ], [ 488236.891548173327465, 2143437.05078421998769 ], [ 488202.421252662374172, 2143442.907932950183749 ], [ 488168.645617255358957, 2143448.647045919205993 ], [ 488133.161139226984233, 2143454.676523258909583 ], [ 488093.711872581159696, 2143461.379692428745329 ], [ 488107.598247702931985, 2143543.105867897160351 ], [ 488120.617411914921831, 2143619.728203824255615 ], [ 488082.072127208055463, 2143627.494448714423925 ], [ 488096.155881009122822, 2143711.235263791400939 ], [ 488112.61127619742183, 2143806.78620393993333 ] ] ] ] } },
{ "type": "Feature", "properties": { "fid": 1, "ID": 1730, "ENTIDAD": 9, "DISTRITO_F": 13, "DISTRITO_L": 15, "MUNICIPIO": 6, "SECCION": 1735, "TIPO": 2, "CONTROL": 40434, "GEOMETRY1_": null, "CONCENTRAD": null, "CONCENTR_1": null, "CONCENTR_2": null, "CONCENTR_3": null, "CONCENTR_4": null, "CONCENTR_5": null, "CONCENTR_6": null, "CONCENTR_7": null, "CONCENTR_8": null, "CONCENTR_9": null, "CONCENTR10": null, "CONCENTR11": null, "CONCENTR12": null, "CONCENTR13": null, "CONCENTR14": null, "CONCENTR15": null, "CONCENTR16": null, "CONCENTR17": null, "CONCENTR18": null, "CONCENTR19": null, "CONCENTR20": null, "CONCENTR21": null, "CONCENTR22": null, "CONCENTR23": null, "layer": "Ruta 12", "path": "D:/Atlas de Riesgos 2024/SHAPE/Secciones Electorares Distrito 15/Rutas/Ruta 12.gpkg|layername=Ruta 12" }, "geometry": { "type": "MultiPolygon", "coordinates": [ [ [ [ 487160.344073436688632, 2144278.996641226578504 ], [ 487216.216799357323907, 2144258.05700213694945 ], [ 487261.79716033738805, 2144237.914062287658453 ], [ 487339.031140535138547, 2144206.321328048128635 ], [ 487301.607732637843583, 2144116.898973831441253 ], [ 487295.475653375615366, 2144112.458502661436796 ], [ 487277.861857422161847, 2144057.096897032577544 ], [ 487345.991654211771674, 2144051.327336282469332 ], [ 487371.915994230133947, 2144048.619587822817266 ], [ 487375.903675020672381, 2144051.607276152819395 ], [ 487435.449777117813937, 2144046.713074492756277 ], [ 487431.930504206800833, 2144023.49064480420202 ], [ 487451.763777170912363, 2144021.263232143130153 ], [ 487448.990396606212016, 2143999.891890523489565 ], [ 487465.1955804580939, 2143996.7408820646815 ], [ 487467.129738607385661, 2143993.616989154368639 ], [ 487493.690758077951614, 2143991.245468894485384 ], [ 487491.086085026327055, 2143975.869176084641367 ], [ 487487.317359197128098, 2143953.621074015740305 ], [ 487483.378535928146448, 2143930.368827476166189 ], [ 487481.105828562751412, 2143916.952243806794286 ], [ 487477.112084591062739, 2143892.406774337403476 ], [ 487607.846734286111314, 2143846.416790238115937 ], [ 487564.112549437617417, 2143853.223977888934314 ], [ 487409.684574078361038, 2143876.350952438544482 ], [ 487371.227183798153419, 2143880.10885779839009 ], [ 487338.673200010613073, 2143883.289905427023768 ], [ 487303.294501532916911, 2143886.746973097790033 ], [ 487262.381175649003126, 2143889.422289177309722 ], [ 487189.695876269426662, 2143894.175169717054814 ], [ 487188.586806386418175, 2143879.202730156946927 ], [ 487163.278584418585524, 2143879.5367999272421 ], [ 487170.162497153389268, 2143927.830891425721347 ], [ 487181.844543041253928, 2144009.786287284456193 ], [ 487176.017160401854198, 2144060.664456712082028 ], [ 487158.580673520336859, 2144127.659928251057863 ], [ 487157.894502795767039, 2144130.159361109603196 ], [ 487126.675687554467004, 2144225.505794257856905 ], [ 487114.328541378141381, 2144267.16907142708078 ], [ 487135.20633866591379, 2144273.828786586876959 ], [ 487153.581239433900919, 2144277.606327286921442 ], [ 487160.344073436688632, 2144278.996641226578504 ] ] ] ] } },
{ "type": "Feature", "properties": { "fid": 2, "ID": 1774, "ENTIDAD": 9, "DISTRITO_F": 13, "DISTRITO_L": 15, "MUNICIPIO": 6, "SECCION": 1779, "TIPO": 2, "CONTROL": 40414, "GEOMETRY1_": null, "CONCENTRAD": null, "CONCENTR_1": null, "CONCENTR_2": null, "CONCENTR_3": null, "CONCENTR_4": null, "CONCENTR_5": null, "CONCENTR_6": null, "CONCENTR_7": null, "CONCENTR_8": null, "CONCENTR_9": null, "CONCENTR10": null, "CONCENTR11": null, "CONCENTR12": null, "CONCENTR13": null, "CONCENTR14": null, "CONCENTR15": null, "CONCENTR16": null, "CONCENTR17": null, "CONCENTR18": null, "CONCENTR19": null, "CONCENTR20": null, "CONCENTR21": null, "CONCENTR22": null, "CONCENTR23": null, "layer": "Ruta 12", "path": "D:/Atlas de Riesgos 2024/SHAPE/Secciones Electorares Distrito 15/Rutas/Ruta 12.gpkg|layername=Ruta 12" }, "geometry": { "type": "MultiPolygon", "coordinates": [ [ [ [ 487189.695876269426662, 2143894.175169717054814 ], [ 487262.381175649003126, 2143889.422289177309722 ], [ 487303.294501532916911, 2143886.746973097790033 ], [ 487338.673200010613073, 2143883.289905427023768 ], [ 487371.227183798153419, 2143880.10885779839009 ], [ 487409.684574078361038, 2143876.350952438544482 ], [ 487564.112549437617417, 2143853.223977888934314 ], [ 487552.869945889979135, 2143778.467972480226308 ], [ 487518.109127171803266, 2143781.862466600257903 ], [ 487482.273968810972292, 2143785.361873080022633 ], [ 487431.340218319674022, 2143790.712791780009866 ], [ 487426.070166794350371, 2143754.280384941026568 ], [ 487390.705267889832612, 2143759.725628160405904 ], [ 487387.050077096151654, 2143700.290883592329919 ], [ 487382.92850413772976, 2143669.502634063363075 ], [ 487371.10301373526454, 2143671.573091943282634 ], [ 487335.863627019745763, 2143677.742955803405493 ], [ 487322.617302729922812, 2143680.062179412692785 ], [ 487302.280729851627257, 2143683.493625912815332 ], [ 487267.871680441836361, 2143689.299560523126274 ], [ 487232.736984909279272, 2143695.79881324339658 ], [ 487191.192489598295651, 2143703.531748842447996 ], [ 487176.677439958555624, 2143706.233525412157178 ], [ 487176.472963228763547, 2143666.968677354045212 ], [ 487147.100691674335394, 2143667.119545362889767 ], [ 487151.325673386745621, 2143721.23739008186385 ], [ 487163.278584418585524, 2143879.5367999272421 ], [ 487188.586806386418175, 2143879.202730156946927 ], [ 487189.695876269426662, 2143894.175169717054814 ] ] ] ] } },
{ "type": "Feature", "properties": { "fid": 3, "ID": 1775, "ENTIDAD": 9, "DISTRITO_F": 13, "DISTRITO_L": 15, "MUNICIPIO": 6, "SECCION": 1780, "TIPO": 2, "CONTROL": 40409, "GEOMETRY1_": null, "CONCENTRAD": null, "CONCENTR_1": null, "CONCENTR_2": null, "CONCENTR_3": null, "CONCENTR_4": null, "CONCENTR_5": null, "CONCENTR_6": null, "CONCENTR_7": null, "CONCENTR_8": null, "CONCENTR_9": null, "CONCENTR10": null, "CONCENTR11": null, "CONCENTR12": null, "CONCENTR13": null, "CONCENTR14": null, "CONCENTR15": null, "CONCENTR16": null, "CONCENTR17": null, "CONCENTR18": null, "CONCENTR19": null, "CONCENTR20": null, "CONCENTR21": null, "CONCENTR22": null, "CONCENTR23": null, "layer": "Ruta 12", "path": "D:/Atlas de Riesgos 2024/SHAPE/Secciones Electorares Distrito 15/Rutas/Ruta 12.gpkg|layername=Ruta 12" }, "geometry": { "type": "MultiPolygon", "coordinates": [ [ [ [ 487390.705267889832612, 2143759.725628160405904 ], [ 487426.070166794350371, 2143754.280384941026568 ], [ 487545.397514463053085, 2143729.468884371221066 ], [ 487543.812012875569053, 2143684.01786507293582 ], [ 487619.190035908541176, 2143678.721059783361852 ], [ 487629.813670228642877, 2143646.333395414054394 ], [ 487632.666782795160543, 2143636.774752574507147 ], [ 487633.028063476260286, 2143625.010541744530201 ], [ 487633.554860349104274, 2143607.856705925427377 ], [ 487623.121828887204174, 2143540.901680596638471 ], [ 487588.658431377320085, 2143546.700398466549814 ], [ 487554.571703989116941, 2143552.436788626480848 ], [ 487547.568905981024727, 2143553.542780906893313 ], [ 487529.075543970277067, 2143556.463544245809317 ], [ 487492.985742523916997, 2143562.43533323565498 ], [ 487457.94258423341671, 2143568.233933916781098 ], [ 487422.903065107704606, 2143574.031932426616549 ], [ 487389.747256989823654, 2143579.169014415703714 ], [ 487355.376288751198445, 2143584.034191495273262 ], [ 487283.493910828081425, 2143573.798136386554688 ], [ 487248.091783459880389, 2143569.532820435706526 ], [ 487212.841881931759417, 2143565.285844956990331 ], [ 487172.588905663287733, 2143560.436089477036148 ], [ 487143.628389310208149, 2143556.946871136780828 ], [ 487147.100691674335394, 2143667.119545362889767 ], [ 487176.472963228763547, 2143666.968677354045212 ], [ 487176.677439958555624, 2143706.233525412157178 ], [ 487191.192489598295651, 2143703.531748842447996 ], [ 487232.736984909279272, 2143695.79881324339658 ], [ 487267.871680441836361, 2143689.299560523126274 ], [ 487302.280729851627257, 2143683.493625912815332 ], [ 487322.617302729922812, 2143680.062179412692785 ], [ 487335.863627019745763, 2143677.742955803405493 ], [ 487371.10301373526454, 2143671.573091943282634 ], [ 487382.92850413772976, 2143669.502634063363075 ], [ 487387.050077096151654, 2143700.290883592329919 ], [ 487390.705267889832612, 2143759.725628160405904 ] ] ] ] } },
{ "type": "Feature", "properties": { "fid": 4, "ID": 1776, "ENTIDAD": 9, "DISTRITO_F": 13, "DISTRITO_L": 15, "MUNICIPIO": 6, "SECCION": 1781, "TIPO": 2, "CONTROL": 40415, "GEOMETRY1_": null, "CONCENTRAD": null, "CONCENTR_1": null, "CONCENTR_2": null, "CONCENTR_3": null, "CONCENTR_4": null, "CONCENTR_5": null, "CONCENTR_6": null, "CONCENTR_7": null, "CONCENTR_8": null, "CONCENTR_9": null, "CONCENTR10": null, "CONCENTR11": null, "CONCENTR12": null, "CONCENTR13": null, "CONCENTR14": null, "CONCENTR15": null, "CONCENTR16": null, "CONCENTR17": null, "CONCENTR18": null, "CONCENTR19": null, "CONCENTR20": null, "CONCENTR21": null, "CONCENTR22": null, "CONCENTR23": null, "layer": "Ruta 12", "path": "D:/Atlas de Riesgos 2024/SHAPE/Secciones Electorares Distrito 15/Rutas/Ruta 12.gpkg|layername=Ruta 12" }, "geometry": { "type": "MultiPolygon", "coordinates": [ [ [ [ 487564.112549437617417, 2143853.223977888934314 ], [ 487607.846734286111314, 2143846.416790238115937 ], [ 487612.784486043383367, 2143844.950131128542125 ], [ 487669.129852547717746, 2143828.213881668169051 ], [ 487697.191632731759455, 2143826.40885438863188 ], [ 487718.132695890381001, 2143825.061855379026383 ], [ 487726.078326964110602, 2143824.706020838581026 ], [ 487780.478215706418268, 2143824.839069788809866 ], [ 487837.203356106707361, 2143824.977805738802999 ], [ 487820.597617821593303, 2143593.688929605297744 ], [ 487808.665439173462801, 2143586.838776686228812 ], [ 487795.996806191920768, 2143511.851612767670304 ], [ 487759.647263326332904, 2143518.041389527264982 ], [ 487727.134403119503986, 2143523.577837337739766 ], [ 487703.694192326802295, 2143527.569350316654891 ], [ 487696.005938861751929, 2143528.841527656652033 ], [ 487656.166258119221311, 2143535.433810157235712 ], [ 487623.121828887204174, 2143540.901680596638471 ], [ 487633.554860349104274, 2143607.856705925427377 ], [ 487633.028063476260286, 2143625.010541744530201 ], [ 487632.666782795160543, 2143636.774752574507147 ], [ 487629.813670228642877, 2143646.333395414054394 ], [ 487619.190035908541176, 2143678.721059783361852 ], [ 487543.812012875569053, 2143684.01786507293582 ], [ 487545.397514463053085, 2143729.468884371221066 ], [ 487426.070166794350371, 2143754.280384941026568 ], [ 487431.340218319674022, 2143790.712791780009866 ], [ 487482.273968810972292, 2143785.361873080022633 ], [ 487518.109127171803266, 2143781.862466600257903 ], [ 487552.869945889979135, 2143778.467972480226308 ], [ 487564.112549437617417, 2143853.223977888934314 ] ] ] ] } },
{ "type": "Feature", "properties": { "fid": 1, "ID": 1725, "ENTIDAD": 9, "DISTRITO_F": 13, "DISTRITO_L": 15, "MUNICIPIO": 6, "SECCION": 1730, "TIPO": 2, "CONTROL": 40489, "GEOMETRY1_": null, "CONCENTRAD": null, "CONCENTR_1": null, "CONCENTR_2": null, "CONCENTR_3": null, "CONCENTR_4": null, "CONCENTR_5": null, "CONCENTR_6": null, "CONCENTR_7": null, "CONCENTR_8": null, "CONCENTR_9": null, "CONCENTR10": null, "CONCENTR11": null, "CONCENTR12": null, "CONCENTR13": null, "CONCENTR14": null, "CONCENTR15": null, "CONCENTR16": null, "CONCENTR17": null, "CONCENTR18": null, "CONCENTR19": null, "CONCENTR20": null, "CONCENTR21": null, "CONCENTR22": null, "CONCENTR23": null, "layer": "Ruta 13", "path": "D:/Atlas de Riesgos 2024/SHAPE/Secciones Electorares Distrito 15/Rutas/Ruta 13.gpkg|layername=Ruta 13" }, "geometry": { "type": "MultiPolygon", "coordinates": [ [ [ [ 487897.880494288634509, 2144759.834668783470988 ], [ 487920.549242731940467, 2144757.149041993543506 ], [ 487915.971088441787288, 2144728.095373263582587 ], [ 487896.601976758101955, 2144731.088781964033842 ], [ 487885.437069152714685, 2144694.564357565715909 ], [ 487852.935473152669147, 2144698.42165287444368 ], [ 487848.484787340450566, 2144683.108749195002019 ], [ 487845.12316815572558, 2144671.542857335414737 ], [ 487761.184786717873067, 2144670.532719356007874 ], [ 487730.555862952314783, 2144670.164122316055 ], [ 487728.848630020162091, 2144638.290540196467191 ], [ 487727.871799288666807, 2144620.053371787071228 ], [ 487795.117620079603512, 2144612.271774346940219 ], [ 487776.740030828863382, 2144538.216934219468385 ], [ 487730.943995636713225, 2144544.905430098995566 ], [ 487715.58491505717393, 2144454.213425891473889 ], [ 487705.514026578282937, 2144380.946098833344877 ], [ 487697.211524592363276, 2144328.297891844529659 ], [ 487694.389827857608907, 2144306.07443837588653 ], [ 487687.946683005488012, 2144267.266376466024667 ], [ 487684.607348935503978, 2144247.153048837091774 ], [ 487680.77616015507374, 2144224.077203907072544 ], [ 487663.500586499285419, 2144120.649082320742309 ], [ 487591.505371354869567, 2144135.153426370117813 ], [ 487568.757765351328999, 2144139.736218480858952 ], [ 487544.642036054458003, 2144144.594636280089617 ], [ 487540.194873375934549, 2144145.490573280025274 ], [ 487521.919538774876855, 2144150.193232630379498 ], [ 487489.12063582643168, 2144159.41022665053606 ], [ 487417.171791929227766, 2144179.628953638952225 ], [ 487406.312432497623377, 2144182.680599948391318 ], [ 487418.418418692832347, 2144229.889493848197162 ], [ 487452.142780343827326, 2144223.489249018486589 ], [ 487463.220125547319185, 2144227.674023767467588 ], [ 487468.444842882861849, 2144279.257214146200567 ], [ 487469.084432253381237, 2144285.571825676131994 ], [ 487471.777979543898255, 2144284.98619779618457 ], [ 487508.08270404371433, 2144276.919526046607643 ], [ 487530.523180456075352, 2144271.933399326168001 ], [ 487567.033935264102183, 2144472.373583841603249 ], [ 487573.967377250432037, 2144563.685269868932664 ], [ 487539.127594240475446, 2144568.087330988608301 ], [ 487524.232071466045454, 2144569.969403598923236 ], [ 487653.467756848025601, 2144608.724346596747637 ], [ 487651.976519696239848, 2144674.997253245674074 ], [ 487667.132766178750899, 2144744.557893573772162 ], [ 487671.455341656634118, 2144751.095290993340313 ], [ 487897.880494288634509, 2144759.834668783470988 ] ] ] ] } },
{ "type": "Feature", "properties": { "fid": 2, "ID": 1726, "ENTIDAD": 9, "DISTRITO_F": 13, "DISTRITO_L": 15, "MUNICIPIO": 6, "SECCION": 1731, "TIPO": 2, "CONTROL": 40484, "GEOMETRY1_": null, "CONCENTRAD": null, "CONCENTR_1": null, "CONCENTR_2": null, "CONCENTR_3": null, "CONCENTR_4": null, "CONCENTR_5": null, "CONCENTR_6": null, "CONCENTR_7": null, "CONCENTR_8": null, "CONCENTR_9": null, "CONCENTR10": null, "CONCENTR11": null, "CONCENTR12": null, "CONCENTR13": null, "CONCENTR14": null, "CONCENTR15": null, "CONCENTR16": null, "CONCENTR17": null, "CONCENTR18": null, "CONCENTR19": null, "CONCENTR20": null, "CONCENTR21": null, "CONCENTR22": null, "CONCENTR23": null, "layer": "Ruta 13", "path": "D:/Atlas de Riesgos 2024/SHAPE/Secciones Electorares Distrito 15/Rutas/Ruta 13.gpkg|layername=Ruta 13" }, "geometry": { "type": "MultiPolygon", "coordinates": [ [ [ [ 487524.232071466045454, 2144569.969403598923236 ], [ 487539.127594240475446, 2144568.087330988608301 ], [ 487573.967377250432037, 2144563.685269868932664 ], [ 487567.033935264102183, 2144472.373583841603249 ], [ 487530.523180456075352, 2144271.933399326168001 ], [ 487508.08270404371433, 2144276.919526046607643 ], [ 487471.777979543898255, 2144284.98619779618457 ], [ 487469.084432253381237, 2144285.571825676131994 ], [ 487433.611306572158355, 2144294.385376125574112 ], [ 487426.126930494094267, 2144296.244922615587711 ], [ 487357.631503202836029, 2144314.108808465767652 ], [ 487352.63663585431641, 2144368.571196494158357 ], [ 487266.574569762859028, 2144390.194281242787838 ], [ 487268.706912935420405, 2144395.727607543580234 ], [ 487315.725311027781572, 2144517.738052139058709 ], [ 487387.40185886528343, 2144528.73166163964197 ], [ 487524.232071466045454, 2144569.969403598923236 ] ] ] ] } },
{ "type": "Feature", "properties": { "fid": 3, "ID": 1727, "ENTIDAD": 9, "DISTRITO_F": 13, "DISTRITO_L": 15, "MUNICIPIO": 6, "SECCION": 1732, "TIPO": 2, "CONTROL": 40482, "GEOMETRY1_": null, "CONCENTRAD": null, "CONCENTR_1": null, "CONCENTR_2": null, "CONCENTR_3": null, "CONCENTR_4": null, "CONCENTR_5": null, "CONCENTR_6": null, "CONCENTR_7": null, "CONCENTR_8": null, "CONCENTR_9": null, "CONCENTR10": null, "CONCENTR11": null, "CONCENTR12": null, "CONCENTR13": null, "CONCENTR14": null, "CONCENTR15": null, "CONCENTR16": null, "CONCENTR17": null, "CONCENTR18": null, "CONCENTR19": null, "CONCENTR20": null, "CONCENTR21": null, "CONCENTR22": null, "CONCENTR23": null, "layer": "Ruta 13", "path": "D:/Atlas de Riesgos 2024/SHAPE/Secciones Electorares Distrito 15/Rutas/Ruta 13.gpkg|layername=Ruta 13" }, "geometry": { "type": "MultiPolygon", "coordinates": [ [ [ [ 487056.837649558205158, 2144607.016429777722806 ], [ 487308.137301834125537, 2144588.057002928107977 ], [ 487339.58153027651133, 2144583.388811268378049 ], [ 487351.455466028128285, 2144581.626013747882098 ], [ 487396.017572732758708, 2144575.01034958800301 ], [ 487524.232071466045454, 2144569.969403598923236 ], [ 487387.40185886528343, 2144528.73166163964197 ], [ 487315.725311027781572, 2144517.738052139058709 ], [ 487268.706912935420405, 2144395.727607543580234 ], [ 487266.574569762859028, 2144390.194281242787838 ], [ 487352.63663585431641, 2144368.571196494158357 ], [ 487357.631503202836029, 2144314.108808465767652 ], [ 487426.126930494094267, 2144296.244922615587711 ], [ 487433.611306572158355, 2144294.385376125574112 ], [ 487469.084432253381237, 2144285.571825676131994 ], [ 487468.444842882861849, 2144279.257214146200567 ], [ 487463.220125547319185, 2144227.674023767467588 ], [ 487452.142780343827326, 2144223.489249018486589 ], [ 487418.418418692832347, 2144229.889493848197162 ], [ 487406.312432497623377, 2144182.680599948391318 ], [ 487339.031140535138547, 2144206.321328048128635 ], [ 487261.79716033738805, 2144237.914062287658453 ], [ 487216.216799357323907, 2144258.05700213694945 ], [ 487160.344073436688632, 2144278.996641226578504 ], [ 487153.581239433900919, 2144277.606327286921442 ], [ 487135.20633866591379, 2144273.828786586876959 ], [ 487114.328541378141381, 2144267.16907142708078 ], [ 487070.31948736164486, 2144441.761232961434871 ], [ 487036.986020374693908, 2144605.700149947311729 ], [ 487056.837649558205158, 2144607.016429777722806 ] ] ] ] } },
{ "type": "Feature", "properties": { "fid": 4, "ID": 1731, "ENTIDAD": 9, "DISTRITO_F": 13, "DISTRITO_L": 15, "MUNICIPIO": 6, "SECCION": 1736, "TIPO": 2, "CONTROL": 40426, "GEOMETRY1_": null, "CONCENTRAD": null, "CONCENTR_1": null, "CONCENTR_2": null, "CONCENTR_3": null, "CONCENTR_4": null, "CONCENTR_5": null, "CONCENTR_6": null, "CONCENTR_7": null, "CONCENTR_8": null, "CONCENTR_9": null, "CONCENTR10": null, "CONCENTR11": null, "CONCENTR12": null, "CONCENTR13": null, "CONCENTR14": null, "CONCENTR15": null, "CONCENTR16": null, "CONCENTR17": null, "CONCENTR18": null, "CONCENTR19": null, "CONCENTR20": null, "CONCENTR21": null, "CONCENTR22": null, "CONCENTR23": null, "layer": "Ruta 13", "path": "D:/Atlas de Riesgos 2024/SHAPE/Secciones Electorares Distrito 15/Rutas/Ruta 13.gpkg|layername=Ruta 13" }, "geometry": { "type": "MultiPolygon", "coordinates": [ [ [ [ 487339.031140535138547, 2144206.321328048128635 ], [ 487406.312432497623377, 2144182.680599948391318 ], [ 487417.171791929227766, 2144179.628953638952225 ], [ 487489.12063582643168, 2144159.41022665053606 ], [ 487521.919538774876855, 2144150.193232630379498 ], [ 487540.194873375934549, 2144145.490573280025274 ], [ 487544.642036054458003, 2144144.594636280089617 ], [ 487568.757765351328999, 2144139.736218480858952 ], [ 487591.505371354869567, 2144135.153426370117813 ], [ 487663.500586499285419, 2144120.649082320742309 ], [ 487659.877339976781514, 2144093.3776227212511 ], [ 487654.307194773573428, 2144060.566895382944494 ], [ 487647.867233954195399, 2144018.479389333631843 ], [ 487644.322896148019936, 2144002.377230625133961 ], [ 487636.48715073231142, 2143966.778926155064255 ], [ 487630.24950776057085, 2143938.440905736293644 ], [ 487624.34231490426464, 2143911.604141816031188 ], [ 487607.846734286111314, 2143846.416790238115937 ], [ 487477.112084591062739, 2143892.406774337403476 ], [ 487481.105828562751412, 2143916.952243806794286 ], [ 487483.378535928146448, 2143930.368827476166189 ], [ 487487.317359197128098, 2143953.621074015740305 ], [ 487491.086085026327055, 2143975.869176084641367 ], [ 487493.690758077951614, 2143991.245468894485384 ], [ 487467.129738607385661, 2143993.616989154368639 ], [ 487465.1955804580939, 2143996.7408820646815 ], [ 487448.990396606212016, 2143999.891890523489565 ], [ 487451.763777170912363, 2144021.263232143130153 ], [ 487431.930504206800833, 2144023.49064480420202 ], [ 487435.449777117813937, 2144046.713074492756277 ], [ 487375.903675020672381, 2144051.607276152819395 ], [ 487371.915994230133947, 2144048.619587822817266 ], [ 487345.991654211771674, 2144051.327336282469332 ], [ 487277.861857422161847, 2144057.096897032577544 ], [ 487295.475653375615366, 2144112.458502661436796 ], [ 487301.607732639182359, 2144116.898973831441253 ], [ 487339.031140535138547, 2144206.321328048128635 ] ] ] ] } },
{ "type": "Feature", "properties": { "fid": 1, "ID": 1724, "ENTIDAD": 9, "DISTRITO_F": 13, "DISTRITO_L": 15, "MUNICIPIO": 6, "SECCION": 1729, "TIPO": 2, "CONTROL": 40161, "GEOMETRY1_": null, "CONCENTRAD": null, "CONCENTR_1": null, "CONCENTR_2": null, "CONCENTR_3": null, "CONCENTR_4": null, "CONCENTR_5": null, "CONCENTR_6": null, "CONCENTR_7": null, "CONCENTR_8": null, "CONCENTR_9": null, "CONCENTR10": null, "CONCENTR11": null, "CONCENTR12": null, "CONCENTR13": null, "CONCENTR14": null, "CONCENTR15": null, "CONCENTR16": null, "CONCENTR17": null, "CONCENTR18": null, "CONCENTR19": null, "CONCENTR20": null, "CONCENTR21": null, "CONCENTR22": null, "CONCENTR23": null, "layer": "Ruta 14", "path": "D:/Atlas de Riesgos 2024/SHAPE/Secciones Electorares Distrito 15/Rutas/Ruta 14.gpkg|layername=Ruta 14" }, "geometry": { "type": "MultiPolygon", "coordinates": [ [ [ [ 487730.943995636713225, 2144544.905430098995566 ], [ 487776.740030828863382, 2144538.216934219468385 ], [ 487941.151007973880041, 2144515.317369349766523 ], [ 488070.242902996309567, 2144497.337133060675114 ], [ 488083.36385300027905, 2144494.863510960713029 ], [ 488075.854609716858249, 2144453.511523782275617 ], [ 488070.688273175794166, 2144425.061482353601605 ], [ 488062.89233524404699, 2144381.716533583588898 ], [ 488053.400278555345722, 2144324.289595594629645 ], [ 487923.316641513141803, 2144345.474922555033118 ], [ 487705.514026578282937, 2144380.946098833344877 ], [ 487715.58491505717393, 2144454.213425891473889 ], [ 487730.943995636713225, 2144544.905430098995566 ] ] ] ] } },
{ "type": "Feature", "properties": { "fid": 2, "ID": 1732, "ENTIDAD": 9, "DISTRITO_F": 13, "DISTRITO_L": 15, "MUNICIPIO": 6, "SECCION": 1737, "TIPO": 2, "CONTROL": 40190, "GEOMETRY1_": null, "CONCENTRAD": null, "CONCENTR_1": null, "CONCENTR_2": null, "CONCENTR_3": null, "CONCENTR_4": null, "CONCENTR_5": null, "CONCENTR_6": null, "CONCENTR_7": null, "CONCENTR_8": null, "CONCENTR_9": null, "CONCENTR10": null, "CONCENTR11": null, "CONCENTR12": null, "CONCENTR13": null, "CONCENTR14": null, "CONCENTR15": null, "CONCENTR16": null, "CONCENTR17": null, "CONCENTR18": null, "CONCENTR19": null, "CONCENTR20": null, "CONCENTR21": null, "CONCENTR22": null, "CONCENTR23": null, "layer": "Ruta 14", "path": "D:/Atlas de Riesgos 2024/SHAPE/Secciones Electorares Distrito 15/Rutas/Ruta 14.gpkg|layername=Ruta 14" }, "geometry": { "type": "MultiPolygon", "coordinates": [ [ [ [ 487705.514026578282937, 2144380.946098833344877 ], [ 487923.316641513141803, 2144345.474922555033118 ], [ 488053.400278555345722, 2144324.289595594629645 ], [ 488053.397544125909917, 2144311.283453385811299 ], [ 488053.395483658940066, 2144301.482975715771317 ], [ 488053.647006131126545, 2144287.042903995607048 ], [ 488055.466574356949423, 2144265.422145907767117 ], [ 488033.640020120772533, 2144239.464881837833673 ], [ 488026.814266946399584, 2144209.19875313853845 ], [ 488022.269793686980847, 2144189.04806660907343 ], [ 487888.550379299151246, 2144209.271486247889698 ], [ 487680.77616015507374, 2144224.077203907072544 ], [ 487684.607348935503978, 2144247.153048837091774 ], [ 487687.946683005488012, 2144267.266376466024667 ], [ 487694.389827857608907, 2144306.07443837588653 ], [ 487697.211524592363276, 2144328.297891844529659 ], [ 487705.514026578282937, 2144380.946098833344877 ] ] ] ] } },
{ "type": "Feature", "properties": { "fid": 3, "ID": 1733, "ENTIDAD": 9, "DISTRITO_F": 13, "DISTRITO_L": 15, "MUNICIPIO": 6, "SECCION": 1738, "TIPO": 2, "CONTROL": 40217, "GEOMETRY1_": null, "CONCENTRAD": null, "CONCENTR_1": null, "CONCENTR_2": null, "CONCENTR_3": null, "CONCENTR_4": null, "CONCENTR_5": null, "CONCENTR_6": null, "CONCENTR_7": null, "CONCENTR_8": null, "CONCENTR_9": null, "CONCENTR10": null, "CONCENTR11": null, "CONCENTR12": null, "CONCENTR13": null, "CONCENTR14": null, "CONCENTR15": null, "CONCENTR16": null, "CONCENTR17": null, "CONCENTR18": null, "CONCENTR19": null, "CONCENTR20": null, "CONCENTR21": null, "CONCENTR22": null, "CONCENTR23": null, "layer": "Ruta 14", "path": "D:/Atlas de Riesgos 2024/SHAPE/Secciones Electorares Distrito 15/Rutas/Ruta 14.gpkg|layername=Ruta 14" }, "geometry": { "type": "MultiPolygon", "coordinates": [ [ [ [ 487680.77616015507374, 2144224.077203907072544 ], [ 487888.550379299151246, 2144209.271486247889698 ], [ 488022.269793686980847, 2144189.04806660907343 ], [ 488017.201923839282244, 2144170.917230588383973 ], [ 488013.437302511243615, 2144157.4489028705284 ], [ 488007.478845633857418, 2144136.131898330524564 ], [ 487996.547641157871112, 2144097.024367601145059 ], [ 487978.986067795194685, 2144034.195996633265167 ], [ 487929.126160723564681, 2144047.012507003266364 ], [ 487851.911774742009584, 2144061.504057152662426 ], [ 487762.573240558151156, 2144071.322155122645199 ], [ 487746.92064436734654, 2144069.927686681505293 ], [ 487727.519568762625568, 2144071.187325872015208 ], [ 487728.786551715398673, 2144117.052517401054502 ], [ 487722.313806120422669, 2144116.395307780243456 ], [ 487663.500586499285419, 2144120.649082320742309 ], [ 487680.77616015507374, 2144224.077203907072544 ] ] ] ] } },
{ "type": "Feature", "properties": { "fid": 4, "ID": 1765, "ENTIDAD": 9, "DISTRITO_F": 13, "DISTRITO_L": 15, "MUNICIPIO": 6, "SECCION": 1770, "TIPO": 2, "CONTROL": 40237, "GEOMETRY1_": null, "CONCENTRAD": null, "CONCENTR_1": null, "CONCENTR_2": null, "CONCENTR_3": null, "CONCENTR_4": null, "CONCENTR_5": null, "CONCENTR_6": null, "CONCENTR_7": null, "CONCENTR_8": null, "CONCENTR_9": null, "CONCENTR10": null, "CONCENTR11": null, "CONCENTR12": null, "CONCENTR13": null, "CONCENTR14": null, "CONCENTR15": null, "CONCENTR16": null, "CONCENTR17": null, "CONCENTR18": null, "CONCENTR19": null, "CONCENTR20": null, "CONCENTR21": null, "CONCENTR22": null, "CONCENTR23": null, "layer": "Ruta 14", "path": "D:/Atlas de Riesgos 2024/SHAPE/Secciones Electorares Distrito 15/Rutas/Ruta 14.gpkg|layername=Ruta 14" }, "geometry": { "type": "MultiPolygon", "coordinates": [ [ [ [ 487663.500586499285419, 2144120.649082320742309 ], [ 487722.313806120422669, 2144116.395307780243456 ], [ 487728.786551715398673, 2144117.052517401054502 ], [ 487727.519568762625568, 2144071.187325872015208 ], [ 487746.92064436734654, 2144069.927686681505293 ], [ 487762.573240558151156, 2144071.322155122645199 ], [ 487760.080491018889006, 2144052.277096562553197 ], [ 487757.492519720399287, 2144037.39949759375304 ], [ 487791.248580748389941, 2144029.428556422702968 ], [ 487824.072060990554746, 2144024.208054883405566 ], [ 487858.142263034591451, 2144018.731690723914653 ], [ 487893.903989239712246, 2144012.983383973594755 ], [ 487877.822898655838799, 2143915.983458806294948 ], [ 487873.828650218667462, 2143889.314266627654433 ], [ 487865.350225128873717, 2143837.085044218692929 ], [ 487837.203356106707361, 2143824.977805738802999 ], [ 487780.478215706418268, 2143824.839069788809866 ], [ 487726.078326964110602, 2143824.706020838581026 ], [ 487718.132695890381001, 2143825.061855379026383 ], [ 487697.191632731759455, 2143826.40885438863188 ], [ 487669.129852547717746, 2143828.213881668169051 ], [ 487612.784486043383367, 2143844.950131128542125 ], [ 487607.846734286111314, 2143846.416790238115937 ], [ 487624.34231490426464, 2143911.604141816031188 ], [ 487630.24950776057085, 2143938.440905736293644 ], [ 487636.48715073231142, 2143966.778926155064255 ], [ 487644.322896148019936, 2144002.377230625133961 ], [ 487647.867233954195399, 2144018.479389333631843 ], [ 487654.307194773573428, 2144060.566895382944494 ], [ 487659.877339976781514, 2144093.3776227212511 ], [ 487663.500586499285419, 2144120.649082320742309 ] ] ] ] } },
{ "type": "Feature", "properties": { "fid": 5, "ID": 1823, "ENTIDAD": 9, "DISTRITO_F": 13, "DISTRITO_L": 15, "MUNICIPIO": 6, "SECCION": 1828, "TIPO": 2, "CONTROL": 40224, "GEOMETRY1_": null, "CONCENTRAD": null, "CONCENTR_1": null, "CONCENTR_2": null, "CONCENTR_3": null, "CONCENTR_4": null, "CONCENTR_5": null, "CONCENTR_6": null, "CONCENTR_7": null, "CONCENTR_8": null, "CONCENTR_9": null, "CONCENTR10": null, "CONCENTR11": null, "CONCENTR12": null, "CONCENTR13": null, "CONCENTR14": null, "CONCENTR15": null, "CONCENTR16": null, "CONCENTR17": null, "CONCENTR18": null, "CONCENTR19": null, "CONCENTR20": null, "CONCENTR21": null, "CONCENTR22": null, "CONCENTR23": null, "layer": "Ruta 14", "path": "D:/Atlas de Riesgos 2024/SHAPE/Secciones Electorares Distrito 15/Rutas/Ruta 14.gpkg|layername=Ruta 14" }, "geometry": { "type": "MultiPolygon", "coordinates": [ [ [ [ 488055.466574356949423, 2144265.422145907767117 ], [ 488069.533268001163378, 2144223.246455197688192 ], [ 488070.994839292892721, 2144218.86427554814145 ], [ 488078.921773402835242, 2144201.908561869058758 ], [ 488093.438568990037311, 2144170.857133169192821 ], [ 488100.783889859972987, 2144155.145490339957178 ], [ 488118.490793529490475, 2144117.270419810432941 ], [ 488140.724442877981346, 2144069.712639351375401 ], [ 488145.795802780252416, 2144058.779708242509514 ], [ 488172.49735160212731, 2144001.750381174497306 ], [ 488089.541316964896396, 2144015.346719544380903 ], [ 488054.860102757927962, 2144021.797610902693123 ], [ 488020.237047482747585, 2144028.168412193655968 ], [ 487978.986067795194685, 2144034.195996633265167 ], [ 487996.547641157871112, 2144097.024367601145059 ], [ 488007.478845633857418, 2144136.131898330524564 ], [ 488013.437302511243615, 2144157.4489028705284 ], [ 488017.201923839282244, 2144170.917230588383973 ], [ 488022.269793686980847, 2144189.04806660907343 ], [ 488026.814266946399584, 2144209.19875313853845 ], [ 488033.640020120772533, 2144239.464881837833673 ], [ 488055.466574356949423, 2144265.422145907767117 ] ] ] ] } },
{ "type": "Feature", "properties": { "fid": 1, "ID": 1687, "ENTIDAD": 9, "DISTRITO_F": 13, "DISTRITO_L": 15, "MUNICIPIO": 6, "SECCION": 1692, "TIPO": 2, "CONTROL": 40113, "GEOMETRY1_": null, "CONCENTRAD": null, "CONCENTR_1": null, "CONCENTR_2": null, "CONCENTR_3": null, "CONCENTR_4": null, "CONCENTR_5": null, "CONCENTR_6": null, "CONCENTR_7": null, "CONCENTR_8": null, "CONCENTR_9": null, "CONCENTR10": null, "CONCENTR11": null, "CONCENTR12": null, "CONCENTR13": null, "CONCENTR14": null, "CONCENTR15": null, "CONCENTR16": null, "CONCENTR17": null, "CONCENTR18": null, "CONCENTR19": null, "CONCENTR20": null, "CONCENTR21": null, "CONCENTR22": null, "CONCENTR23": null, "layer": "Ruta 15", "path": "D:/Atlas de Riesgos 2024/SHAPE/Secciones Electorares Distrito 15/Rutas/Ruta 15.gpkg|layername=Ruta 15" }, "geometry": { "type": "MultiPolygon", "coordinates": [ [ [ [ 488046.635396836907603, 2145425.85690753441304 ], [ 488050.407365186256357, 2145303.37440208857879 ], [ 487714.099210072366986, 2145306.919684787746519 ], [ 487707.941521442553494, 2145404.198429895564914 ], [ 487784.696161174739245, 2145409.106663445010781 ], [ 487838.222182483470533, 2145412.529495145194232 ], [ 487889.671960065665189, 2145415.819557165261358 ], [ 487956.835403906181455, 2145420.114461955614388 ], [ 488046.635396836907603, 2145425.85690753441304 ] ] ] ] } },
{ "type": "Feature", "properties": { "fid": 2, "ID": 1689, "ENTIDAD": 9, "DISTRITO_F": 13, "DISTRITO_L": 15, "MUNICIPIO": 6, "SECCION": 1694, "TIPO": 2, "CONTROL": 43098, "GEOMETRY1_": null, "CONCENTRAD": null, "CONCENTR_1": null, "CONCENTR_2": null, "CONCENTR_3": null, "CONCENTR_4": null, "CONCENTR_5": null, "CONCENTR_6": null, "CONCENTR_7": null, "CONCENTR_8": null, "CONCENTR_9": null, "CONCENTR10": null, "CONCENTR11": null, "CONCENTR12": null, "CONCENTR13": null, "CONCENTR14": null, "CONCENTR15": null, "CONCENTR16": null, "CONCENTR17": null, "CONCENTR18": null, "CONCENTR19": null, "CONCENTR20": null, "CONCENTR21": null, "CONCENTR22": null, "CONCENTR23": null, "layer": "Ruta 15", "path": "D:/Atlas de Riesgos 2024/SHAPE/Secciones Electorares Distrito 15/Rutas/Ruta 15.gpkg|layername=Ruta 15" }, "geometry": { "type": "MultiPolygon", "coordinates": [ [ [ [ 488000.585833424702287, 2145243.802822190802544 ], [ 488006.779731467715465, 2145119.834472953807563 ], [ 488013.112082483130507, 2144996.34794012689963 ], [ 488063.873161260737106, 2144998.198713376186788 ], [ 488068.207757011172362, 2144900.718100759200752 ], [ 488006.225742515060119, 2144898.893309899605811 ], [ 488010.114681408973411, 2144927.970354258082807 ], [ 487965.376611838873941, 2144950.135760768316686 ], [ 487920.693695172725711, 2144984.874618226662278 ], [ 487872.596043483528774, 2145041.101450485642999 ], [ 487817.724074657540768, 2145110.53820115281269 ], [ 487767.594127826625481, 2145167.103749262634665 ], [ 487717.040094004652929, 2145229.465481 ], [ 487766.799097364244517, 2145232.599377970676869 ], [ 487813.495622258691583, 2145234.464107340201735 ], [ 487858.793708630546462, 2145236.725187220610678 ], [ 487907.792689892696217, 2145239.170999380294234 ], [ 487954.525896898820065, 2145240.807816389482468 ], [ 488000.585833424702287, 2145243.802822190802544 ] ] ] ] } },
{ "type": "Feature", "properties": { "fid": 3, "ID": 1688, "ENTIDAD": 9, "DISTRITO_F": 13, "DISTRITO_L": 15, "MUNICIPIO": 6, "SECCION": 1693, "TIPO": 2, "CONTROL": 43097, "GEOMETRY1_": null, "CONCENTRAD": null, "CONCENTR_1": null, "CONCENTR_2": null, "CONCENTR_3": null, "CONCENTR_4": null, "CONCENTR_5": null, "CONCENTR_6": null, "CONCENTR_7": null, "CONCENTR_8": null, "CONCENTR_9": null, "CONCENTR10": null, "CONCENTR11": null, "CONCENTR12": null, "CONCENTR13": null, "CONCENTR14": null, "CONCENTR15": null, "CONCENTR16": null, "CONCENTR17": null, "CONCENTR18": null, "CONCENTR19": null, "CONCENTR20": null, "CONCENTR21": null, "CONCENTR22": null, "CONCENTR23": null, "layer": "Ruta 15", "path": "D:/Atlas de Riesgos 2024/SHAPE/Secciones Electorares Distrito 15/Rutas/Ruta 15.gpkg|layername=Ruta 15" }, "geometry": { "type": "MultiPolygon", "coordinates": [ [ [ [ 488071.432978059980087, 2145427.428950874134898 ], [ 488077.116326944786124, 2145301.458848767913878 ], [ 488078.553388830972835, 2145269.60670735873282 ], [ 488082.147204903827514, 2145189.950612502172589 ], [ 488086.321869406907354, 2145082.447506264317781 ], [ 488092.056420657783747, 2144934.77526294765994 ], [ 488093.205431063193828, 2144912.906736329663545 ], [ 488094.026797825470567, 2144900.778629260137677 ], [ 488068.207757011172362, 2144900.718100759200752 ], [ 488063.873161260737106, 2144998.198713376186788 ], [ 488013.112082483130507, 2144996.34794012689963 ], [ 488006.779731467715465, 2145119.834472953807563 ], [ 488000.585833424702287, 2145243.802822190802544 ], [ 487954.525896898820065, 2145240.807816389482468 ], [ 487907.792689892696217, 2145239.170999380294234 ], [ 487858.793708630546462, 2145236.725187220610678 ], [ 487813.495622258691583, 2145234.464107340201735 ], [ 487766.799097364244517, 2145232.599377970676869 ], [ 487717.040094004652929, 2145229.465481 ], [ 487716.757541020284407, 2145266.383727489039302 ], [ 487714.099210072366986, 2145306.919684787746519 ], [ 488050.407365186256357, 2145303.37440208857879 ], [ 488046.635396836907603, 2145425.85690753441304 ], [ 488071.432978059980087, 2145427.428950874134898 ] ] ] ] } },
{ "type": "Feature", "properties": { "fid": 4, "ID": 1694, "ENTIDAD": 9, "DISTRITO_F": 13, "DISTRITO_L": 15, "MUNICIPIO": 6, "SECCION": 1699, "TIPO": 2, "CONTROL": 40178, "GEOMETRY1_": null, "CONCENTRAD": null, "CONCENTR_1": null, "CONCENTR_2": null, "CONCENTR_3": null, "CONCENTR_4": null, "CONCENTR_5": null, "CONCENTR_6": null, "CONCENTR_7": null, "CONCENTR_8": null, "CONCENTR_9": null, "CONCENTR10": null, "CONCENTR11": null, "CONCENTR12": null, "CONCENTR13": null, "CONCENTR14": null, "CONCENTR15": null, "CONCENTR16": null, "CONCENTR17": null, "CONCENTR18": null, "CONCENTR19": null, "CONCENTR20": null, "CONCENTR21": null, "CONCENTR22": null, "CONCENTR23": null, "layer": "Ruta 15", "path": "D:/Atlas de Riesgos 2024/SHAPE/Secciones Electorares Distrito 15/Rutas/Ruta 15.gpkg|layername=Ruta 15" }, "geometry": { "type": "MultiPolygon", "coordinates": [ [ [ [ 488006.225742515060119, 2144898.893309899605811 ], [ 488004.151652497297619, 2144887.488321419805288 ], [ 488003.439285552885849, 2144883.571164149325341 ], [ 487981.146711025910918, 2144760.988945653662086 ], [ 487978.944440232706256, 2144748.879117813892663 ], [ 487977.222415812197141, 2144705.200047344435006 ], [ 487967.656213073816616, 2144659.275209535844624 ], [ 487964.768752528878395, 2144633.876254676375538 ], [ 487955.880663562740665, 2144621.83579305652529 ], [ 487947.421828952152282, 2144591.004399677272886 ], [ 488080.605714264966082, 2144573.09284833772108 ], [ 488070.242902996309567, 2144497.337133060675114 ], [ 487941.151007973880041, 2144515.317369349766523 ], [ 487776.740030828863382, 2144538.216934219468385 ], [ 487795.117620079603512, 2144612.271774346940219 ], [ 487727.871799288666807, 2144620.053371787071228 ], [ 487728.848630020162091, 2144638.290540196467191 ], [ 487730.555862952314783, 2144670.164122316055 ], [ 487761.184786717873067, 2144670.532719356007874 ], [ 487845.12316815572558, 2144671.542857335414737 ], [ 487848.484787340450566, 2144683.108749195002019 ], [ 487852.935473152669147, 2144698.42165287444368 ], [ 487885.437069152714685, 2144694.564357565715909 ], [ 487896.601976758101955, 2144731.088781964033842 ], [ 487915.971088441787288, 2144728.095373263582587 ], [ 487920.549242731940467, 2144757.149041993543506 ], [ 487897.880494288634509, 2144759.834668783470988 ], [ 487671.455341656634118, 2144751.095290993340313 ], [ 487687.613558403565548, 2144816.23952453257516 ], [ 487691.47684752731584, 2144846.416487800888717 ], [ 487695.769082942279056, 2144879.944040710106492 ], [ 487696.355910393409431, 2144884.527873259969056 ], [ 487697.250343167514075, 2144891.514475649688393 ], [ 487738.974837057467084, 2144892.51092430902645 ], [ 487886.903275624732487, 2144896.043695629108697 ], [ 487909.387244872516021, 2144896.580649319570512 ], [ 487965.437567933113314, 2144897.919222049415112 ], [ 488006.225742515060119, 2144898.893309899605811 ] ] ] ] } },
{ "type": "Feature", "properties": { "fid": 5, "ID": 1695, "ENTIDAD": 9, "DISTRITO_F": 13, "DISTRITO_L": 15, "MUNICIPIO": 6, "SECCION": 1700, "TIPO": 2, "CONTROL": 40160, "GEOMETRY1_": null, "CONCENTRAD": null, "CONCENTR_1": null, "CONCENTR_2": null, "CONCENTR_3": null, "CONCENTR_4": null, "CONCENTR_5": null, "CONCENTR_6": null, "CONCENTR_7": null, "CONCENTR_8": null, "CONCENTR_9": null, "CONCENTR10": null, "CONCENTR11": null, "CONCENTR12": null, "CONCENTR13": null, "CONCENTR14": null, "CONCENTR15": null, "CONCENTR16": null, "CONCENTR17": null, "CONCENTR18": null, "CONCENTR19": null, "CONCENTR20": null, "CONCENTR21": null, "CONCENTR22": null, "CONCENTR23": null, "layer": "Ruta 15", "path": "D:/Atlas de Riesgos 2024/SHAPE/Secciones Electorares Distrito 15/Rutas/Ruta 15.gpkg|layername=Ruta 15" }, "geometry": { "type": "MultiPolygon", "coordinates": [ [ [ [ 488094.026797826809343, 2144900.778629260137677 ], [ 488094.515677189454436, 2144887.849291079677641 ], [ 488102.94649456476327, 2144746.906800563447177 ], [ 488105.759396495413966, 2144690.519937254954129 ], [ 488108.027682719170116, 2144644.392049887217581 ], [ 488107.74007163249189, 2144617.387783366721123 ], [ 488107.460855240235105, 2144590.384470627177507 ], [ 488101.731330188165884, 2144536.908911598846316 ], [ 488092.1780112470733, 2144493.957467030268162 ], [ 488083.36385300027905, 2144494.863510960713029 ], [ 488070.242902996309567, 2144497.337133060675114 ], [ 488080.605714264966082, 2144573.09284833772108 ], [ 487947.421828952152282, 2144591.004399677272886 ], [ 487955.880663562740665, 2144621.83579305652529 ], [ 487964.768752528878395, 2144633.876254676375538 ], [ 487967.656213073816616, 2144659.275209535844624 ], [ 487977.222415812197141, 2144705.200047344435006 ], [ 487978.944440232706256, 2144748.879117813892663 ], [ 487981.146711025910918, 2144760.988945653662086 ], [ 488003.439285552885849, 2144883.571164149325341 ], [ 488004.151652497297619, 2144887.488321419805288 ], [ 488006.225742515060119, 2144898.893309899605811 ], [ 488068.207757011172362, 2144900.718100759200752 ], [ 488094.026797826809343, 2144900.778629260137677 ] ] ] ] } },
{ "type": "Feature", "properties": { "fid": 1, "ID": 1692, "ENTIDAD": 9, "DISTRITO_F": 13, "DISTRITO_L": 15, "MUNICIPIO": 6, "SECCION": 1697, "TIPO": 2, "CONTROL": 40486, "GEOMETRY1_": null, "CONCENTRAD": null, "CONCENTR_1": null, "CONCENTR_2": null, "CONCENTR_3": null, "CONCENTR_4": null, "CONCENTR_5": null, "CONCENTR_6": null, "CONCENTR_7": null, "CONCENTR_8": null, "CONCENTR_9": null, "CONCENTR10": null, "CONCENTR11": null, "CONCENTR12": null, "CONCENTR13": null, "CONCENTR14": null, "CONCENTR15": null, "CONCENTR16": null, "CONCENTR17": null, "CONCENTR18": null, "CONCENTR19": null, "CONCENTR20": null, "CONCENTR21": null, "CONCENTR22": null, "CONCENTR23": null, "layer": "Ruta 16", "path": "D:/Atlas de Riesgos 2024/SHAPE/Secciones Electorares Distrito 15/Rutas/Ruta 16.gpkg|layername=Ruta 16" }, "geometry": { "type": "MultiPolygon", "coordinates": [ [ [ [ 487438.583049043198116, 2144885.337080770172179 ], [ 487438.493776787188835, 2144878.01340644992888 ], [ 487438.440724597545341, 2144873.6611363501288 ], [ 487438.360785177210346, 2144867.103104640729725 ], [ 487420.63721689832164, 2144744.842048153746873 ], [ 487419.174389753781725, 2144734.751146053895354 ], [ 487415.446087036281824, 2144709.032497205305845 ], [ 487408.434419134864584, 2144660.664476055651903 ], [ 487404.18907168781152, 2144631.379139407537878 ], [ 487396.017572732758708, 2144575.01034958800301 ], [ 487351.455466028128285, 2144581.626013747882098 ], [ 487339.58153027651133, 2144583.388811268378049 ], [ 487308.137301834125537, 2144588.057002928107977 ], [ 487056.837649558205158, 2144607.016429777722806 ], [ 487036.986020374693908, 2144605.700149947311729 ], [ 487024.012330296507571, 2144683.831460425164551 ], [ 487016.819657474930864, 2144727.147814534138888 ], [ 487013.645971173536964, 2144746.260670504067093 ], [ 487003.263884475629311, 2144808.784596591256559 ], [ 486996.400012567872182, 2144850.120816589798778 ], [ 486992.113990599114913, 2144875.932479380164295 ], [ 487078.886237266240641, 2144878.112364260014147 ], [ 487097.679113448481075, 2144878.584477269556373 ], [ 487215.998157108027954, 2144880.926468989811838 ], [ 487404.174577922094613, 2144884.651208569761366 ], [ 487438.583049043198116, 2144885.337080770172179 ] ] ] ] } },
{ "type": "Feature", "properties": { "fid": 2, "ID": 1693, "ENTIDAD": 9, "DISTRITO_F": 13, "DISTRITO_L": 15, "MUNICIPIO": 6, "SECCION": 1698, "TIPO": 2, "CONTROL": 40488, "GEOMETRY1_": null, "CONCENTRAD": null, "CONCENTR_1": null, "CONCENTR_2": null, "CONCENTR_3": null, "CONCENTR_4": null, "CONCENTR_5": null, "CONCENTR_6": null, "CONCENTR_7": null, "CONCENTR_8": null, "CONCENTR_9": null, "CONCENTR10": null, "CONCENTR11": null, "CONCENTR12": null, "CONCENTR13": null, "CONCENTR14": null, "CONCENTR15": null, "CONCENTR16": null, "CONCENTR17": null, "CONCENTR18": null, "CONCENTR19": null, "CONCENTR20": null, "CONCENTR21": null, "CONCENTR22": null, "CONCENTR23": null, "layer": "Ruta 16", "path": "D:/Atlas de Riesgos 2024/SHAPE/Secciones Electorares Distrito 15/Rutas/Ruta 16.gpkg|layername=Ruta 16" }, "geometry": { "type": "MultiPolygon", "coordinates": [ [ [ [ 487697.250343167514075, 2144891.514475649688393 ], [ 487696.355910393409431, 2144884.527873259969056 ], [ 487695.769082942279056, 2144879.944040710106492 ], [ 487691.47684752731584, 2144846.416487800888717 ], [ 487687.613558403565548, 2144816.23952453257516 ], [ 487671.455341656634118, 2144751.095290993340313 ], [ 487667.132766180031467, 2144744.557893573772162 ], [ 487651.976519696239848, 2144674.997253245674074 ], [ 487653.467756848025601, 2144608.724346596747637 ], [ 487524.232071466045454, 2144569.969403598923236 ], [ 487396.017572732758708, 2144575.01034958800301 ], [ 487404.18907168781152, 2144631.379139407537878 ], [ 487408.434419134864584, 2144660.664476055651903 ], [ 487415.446087036281824, 2144709.032497205305845 ], [ 487419.174389753781725, 2144734.751146053895354 ], [ 487420.63721689832164, 2144744.842048153746873 ], [ 487438.360785177210346, 2144867.103104640729725 ], [ 487438.440724598825909, 2144873.6611363501288 ], [ 487438.493776787188835, 2144878.01340644992888 ], [ 487438.583049043198116, 2144885.337080770172179 ], [ 487556.080684198008385, 2144888.143115020357072 ], [ 487697.250343167514075, 2144891.514475649688393 ] ] ] ] } },
{ "type": "Feature", "properties": { "fid": 3, "ID": 1956, "ENTIDAD": 9, "DISTRITO_F": 13, "DISTRITO_L": 15, "MUNICIPIO": 6, "SECCION": 1961, "TIPO": 2, "CONTROL": 40144, "GEOMETRY1_": null, "CONCENTRAD": null, "CONCENTR_1": null, "CONCENTR_2": null, "CONCENTR_3": null, "CONCENTR_4": null, "CONCENTR_5": null, "CONCENTR_6": null, "CONCENTR_7": null, "CONCENTR_8": null, "CONCENTR_9": null, "CONCENTR10": null, "CONCENTR11": null, "CONCENTR12": null, "CONCENTR13": null, "CONCENTR14": null, "CONCENTR15": null, "CONCENTR16": null, "CONCENTR17": null, "CONCENTR18": null, "CONCENTR19": null, "CONCENTR20": null, "CONCENTR21": null, "CONCENTR22": null, "CONCENTR23": null, "layer": "Ruta 16", "path": "D:/Atlas de Riesgos 2024/SHAPE/Secciones Electorares Distrito 15/Rutas/Ruta 16.gpkg|layername=Ruta 16" }, "geometry": { "type": "MultiPolygon", "coordinates": [ [ [ [ 487538.372705024085008, 2145184.410286991391331 ], [ 487545.525319066946395, 2145054.124856954906136 ], [ 487427.181835002731532, 2145045.466099445242435 ], [ 487393.69395926076686, 2145043.230601935647428 ], [ 487182.207786319369916, 2145031.667819465510547 ], [ 487199.488968567282427, 2145080.711697964463383 ], [ 487207.594162834924646, 2145141.839897932950407 ], [ 487210.549815221806057, 2145164.130999692250043 ], [ 487282.097968942660373, 2145168.572724161669612 ], [ 487343.354886913555674, 2145172.375566551927477 ], [ 487417.187363051343709, 2145176.959102251566947 ], [ 487538.372705024085008, 2145184.410286991391331 ] ] ] ] } },
{ "type": "Feature", "properties": { "fid": 4, "ID": 1957, "ENTIDAD": 9, "DISTRITO_F": 13, "DISTRITO_L": 15, "MUNICIPIO": 6, "SECCION": 1962, "TIPO": 2, "CONTROL": 43096, "GEOMETRY1_": null, "CONCENTRAD": null, "CONCENTR_1": null, "CONCENTR_2": null, "CONCENTR_3": null, "CONCENTR_4": null, "CONCENTR_5": null, "CONCENTR_6": null, "CONCENTR_7": null, "CONCENTR_8": null, "CONCENTR_9": null, "CONCENTR10": null, "CONCENTR11": null, "CONCENTR12": null, "CONCENTR13": null, "CONCENTR14": null, "CONCENTR15": null, "CONCENTR16": null, "CONCENTR17": null, "CONCENTR18": null, "CONCENTR19": null, "CONCENTR20": null, "CONCENTR21": null, "CONCENTR22": null, "CONCENTR23": null, "layer": "Ruta 16", "path": "D:/Atlas de Riesgos 2024/SHAPE/Secciones Electorares Distrito 15/Rutas/Ruta 16.gpkg|layername=Ruta 16" }, "geometry": { "type": "MultiPolygon", "coordinates": [ [ [ [ 487658.527621886110865, 2145307.670829898212105 ], [ 487717.040094004652929, 2145229.465481 ], [ 487767.594127826625481, 2145167.103749262634665 ], [ 487817.724074657540768, 2145110.53820115281269 ], [ 487872.596043483528774, 2145041.101450485642999 ], [ 487920.693695172725711, 2144984.874618226662278 ], [ 487965.376611838873941, 2144950.135760768316686 ], [ 488010.114681408973411, 2144927.970354258082807 ], [ 488006.225742515060119, 2144898.893309899605811 ], [ 487965.437567933113314, 2144897.919222049415112 ], [ 487909.387244872516021, 2144896.580649319570512 ], [ 487886.903275624732487, 2144896.043695629108697 ], [ 487738.974837057467084, 2144892.51092430902645 ], [ 487697.250343167514075, 2144891.514475649688393 ], [ 487556.080684198008385, 2144888.143115020357072 ], [ 487438.583049043198116, 2144885.337080770172179 ], [ 487427.181835002731532, 2145045.466099445242435 ], [ 487545.525319066946395, 2145054.124856954906136 ], [ 487538.372705024085008, 2145184.410286991391331 ], [ 487533.026603741338477, 2145302.477535648737103 ], [ 487630.281478733813856, 2145306.481297137681395 ], [ 487658.527621886110865, 2145307.670829898212105 ] ] ] ] } },
{ "type": "Feature", "properties": { "fid": 5, "ID": 1958, "ENTIDAD": 9, "DISTRITO_F": 13, "DISTRITO_L": 15, "MUNICIPIO": 6, "SECCION": 1963, "TIPO": 2, "CONTROL": 40158, "GEOMETRY1_": null, "CONCENTRAD": null, "CONCENTR_1": null, "CONCENTR_2": null, "CONCENTR_3": null, "CONCENTR_4": null, "CONCENTR_5": null, "CONCENTR_6": null, "CONCENTR_7": null, "CONCENTR_8": null, "CONCENTR_9": null, "CONCENTR10": null, "CONCENTR11": null, "CONCENTR12": null, "CONCENTR13": null, "CONCENTR14": null, "CONCENTR15": null, "CONCENTR16": null, "CONCENTR17": null, "CONCENTR18": null, "CONCENTR19": null, "CONCENTR20": null, "CONCENTR21": null, "CONCENTR22": null, "CONCENTR23": null, "layer": "Ruta 16", "path": "D:/Atlas de Riesgos 2024/SHAPE/Secciones Electorares Distrito 15/Rutas/Ruta 16.gpkg|layername=Ruta 16" }, "geometry": { "type": "MultiPolygon", "coordinates": [ [ [ [ 487427.181835002731532, 2145045.466099445242435 ], [ 487438.583049043198116, 2144885.337080770172179 ], [ 487404.174577922094613, 2144884.651208569761366 ], [ 487215.998157108027954, 2144880.926468989811838 ], [ 487097.679113448481075, 2144878.584477269556373 ], [ 487112.791178491199389, 2144912.5682262792252 ], [ 487182.207786319369916, 2145031.667819465510547 ], [ 487393.69395926076686, 2145043.230601935647428 ], [ 487427.181835002731532, 2145045.466099445242435 ] ] ] ] } },
{ "type": "Feature", "properties": { "fid": 1, "ID": 1940, "ENTIDAD": 9, "DISTRITO_F": 13, "DISTRITO_L": 15, "MUNICIPIO": 6, "SECCION": 1945, "TIPO": 2, "CONTROL": 40110, "GEOMETRY1_": null, "CONCENTRAD": null, "CONCENTR_1": null, "CONCENTR_2": null, "CONCENTR_3": null, "CONCENTR_4": null, "CONCENTR_5": null, "CONCENTR_6": null, "CONCENTR_7": null, "CONCENTR_8": null, "CONCENTR_9": null, "CONCENTR10": null, "CONCENTR11": null, "CONCENTR12": null, "CONCENTR13": null, "CONCENTR14": null, "CONCENTR15": null, "CONCENTR16": null, "CONCENTR17": null, "CONCENTR18": null, "CONCENTR19": null, "CONCENTR20": null, "CONCENTR21": null, "CONCENTR22": null, "CONCENTR23": null, "layer": "Ruta 17", "path": "D:/Atlas de Riesgos 2024/SHAPE/Secciones Electorares Distrito 15/Rutas/Ruta 17.gpkg|layername=Ruta 17" }, "geometry": { "type": "MultiPolygon", "coordinates": [ [ [ [ 487355.986316643306054, 2145678.766512637957931 ], [ 487364.137825574667659, 2145668.030802377965301 ], [ 487365.943970286753029, 2145665.652071458287537 ], [ 487373.492351912253071, 2145655.710692658089101 ], [ 487443.104336861579213, 2145564.417449460830539 ], [ 487489.365679304872174, 2145508.019159472547472 ], [ 487528.122016958717722, 2145460.770397243555635 ], [ 487658.527621886110865, 2145307.670829898212105 ], [ 487630.281478733813856, 2145306.481297137681395 ], [ 487533.026603741338477, 2145302.477535648737103 ], [ 487325.135030102159362, 2145300.478357167448848 ], [ 487216.272052833752241, 2145299.431482017971575 ], [ 487219.70329033001326, 2145380.561997715383768 ], [ 487230.165969325462356, 2145608.095795789733529 ], [ 487244.8165822745068, 2145605.491241939365864 ], [ 487284.025014751416165, 2145613.968740309588611 ], [ 487293.989561630703975, 2145638.57131342869252 ], [ 487293.438549051352311, 2145655.790469048544765 ], [ 487293.065461442514788, 2145667.449465308338404 ], [ 487355.986316643306054, 2145678.766512637957931 ] ] ] ] } },
{ "type": "Feature", "properties": { "fid": 2, "ID": 1941, "ENTIDAD": 9, "DISTRITO_F": 13, "DISTRITO_L": 15, "MUNICIPIO": 6, "SECCION": 1946, "TIPO": 2, "CONTROL": 40143, "GEOMETRY1_": null, "CONCENTRAD": null, "CONCENTR_1": null, "CONCENTR_2": null, "CONCENTR_3": null, "CONCENTR_4": null, "CONCENTR_5": null, "CONCENTR_6": null, "CONCENTR_7": null, "CONCENTR_8": null, "CONCENTR_9": null, "CONCENTR10": null, "CONCENTR11": null, "CONCENTR12": null, "CONCENTR13": null, "CONCENTR14": null, "CONCENTR15": null, "CONCENTR16": null, "CONCENTR17": null, "CONCENTR18": null, "CONCENTR19": null, "CONCENTR20": null, "CONCENTR21": null, "CONCENTR22": null, "CONCENTR23": null, "layer": "Ruta 17", "path": "D:/Atlas de Riesgos 2024/SHAPE/Secciones Electorares Distrito 15/Rutas/Ruta 17.gpkg|layername=Ruta 17" }, "geometry": { "type": "MultiPolygon", "coordinates": [ [ [ [ 487533.026603741338477, 2145302.477535648737103 ], [ 487538.372705024085008, 2145184.410286991391331 ], [ 487417.187363051343709, 2145176.959102251566947 ], [ 487343.354886913555674, 2145172.375566551927477 ], [ 487282.097968942660373, 2145168.572724161669612 ], [ 487210.549815221806057, 2145164.130999692250043 ], [ 487216.272052833752241, 2145299.431482017971575 ], [ 487325.135030102159362, 2145300.478357167448848 ], [ 487533.026603741338477, 2145302.477535648737103 ] ] ] ] } },
{ "type": "Feature", "properties": { "fid": 3, "ID": 1955, "ENTIDAD": 9, "DISTRITO_F": 13, "DISTRITO_L": 15, "MUNICIPIO": 6, "SECCION": 1960, "TIPO": 2, "CONTROL": 40141, "GEOMETRY1_": null, "CONCENTRAD": null, "CONCENTR_1": null, "CONCENTR_2": null, "CONCENTR_3": null, "CONCENTR_4": null, "CONCENTR_5": null, "CONCENTR_6": null, "CONCENTR_7": null, "CONCENTR_8": null, "CONCENTR_9": null, "CONCENTR10": null, "CONCENTR11": null, "CONCENTR12": null, "CONCENTR13": null, "CONCENTR14": null, "CONCENTR15": null, "CONCENTR16": null, "CONCENTR17": null, "CONCENTR18": null, "CONCENTR19": null, "CONCENTR20": null, "CONCENTR21": null, "CONCENTR22": null, "CONCENTR23": null, "layer": "Ruta 17", "path": "D:/Atlas de Riesgos 2024/SHAPE/Secciones Electorares Distrito 15/Rutas/Ruta 17.gpkg|layername=Ruta 17" }, "geometry": { "type": "MultiPolygon", "coordinates": [ [ [ [ 486860.348964876611717, 2145300.989620367996395 ], [ 486935.562902973208111, 2145300.797202127985656 ], [ 486980.016876134672202, 2145300.683476468548179 ], [ 487013.369273524906021, 2145300.598151728045195 ], [ 487015.891085653391201, 2145300.59170023817569 ], [ 487038.267262984474655, 2145300.534455738496035 ], [ 487064.637636080617085, 2145300.470322518143803 ], [ 487064.343041401181836, 2145261.239259489346296 ], [ 487079.340565704391338, 2145261.534161559306085 ], [ 487084.712837179074995, 2145155.847423152532429 ], [ 487107.369544927729294, 2145157.317024072166532 ], [ 487210.549815221806057, 2145164.130999692250043 ], [ 487207.594162834924646, 2145141.839897932950407 ], [ 487199.488968567282427, 2145080.711697964463383 ], [ 487182.207786319369916, 2145031.667819465510547 ], [ 487112.791178491199389, 2144912.5682262792252 ], [ 487097.679113448481075, 2144878.584477269556373 ], [ 487078.886237266240641, 2144878.112364260014147 ], [ 486992.113990599114913, 2144875.932479380164295 ], [ 486968.813735166098922, 2144952.514090388081968 ], [ 486951.255035664129537, 2145010.224766526836902 ], [ 486933.25185025803512, 2145069.396347105503082 ], [ 486915.930337035679258, 2145121.648968453984708 ], [ 486907.366069428855553, 2145147.484207362402231 ], [ 486896.85084784089122, 2145179.204755381681025 ], [ 486874.281207361782435, 2145248.541262421291322 ], [ 486870.118418607919011, 2145263.742372539360076 ], [ 486860.348964876611717, 2145300.989620367996395 ] ] ] ] } },
{ "type": "Feature", "properties": { "fid": 4, "ID": 1965, "ENTIDAD": 9, "DISTRITO_F": 13, "DISTRITO_L": 15, "MUNICIPIO": 6, "SECCION": 1970, "TIPO": 2, "CONTROL": 40108, "GEOMETRY1_": null, "CONCENTRAD": null, "CONCENTR_1": null, "CONCENTR_2": null, "CONCENTR_3": null, "CONCENTR_4": null, "CONCENTR_5": null, "CONCENTR_6": null, "CONCENTR_7": null, "CONCENTR_8": null, "CONCENTR_9": null, "CONCENTR10": null, "CONCENTR11": null, "CONCENTR12": null, "CONCENTR13": null, "CONCENTR14": null, "CONCENTR15": null, "CONCENTR16": null, "CONCENTR17": null, "CONCENTR18": null, "CONCENTR19": null, "CONCENTR20": null, "CONCENTR21": null, "CONCENTR22": null, "CONCENTR23": null, "layer": "Ruta 17", "path": "D:/Atlas de Riesgos 2024/SHAPE/Secciones Electorares Distrito 15/Rutas/Ruta 17.gpkg|layername=Ruta 17" }, "geometry": { "type": "MultiPolygon", "coordinates": [ [ [ [ 487159.815119490842335, 2145641.678346728440374 ], [ 487163.20599959831452, 2145632.130580849014223 ], [ 487174.624628555204254, 2145613.863795899320394 ], [ 487197.130651295767166, 2145613.968742199242115 ], [ 487230.165969325462356, 2145608.095795789733529 ], [ 487219.70329033001326, 2145380.561997715383768 ], [ 487216.272052833752241, 2145299.431482017971575 ], [ 487210.549815221806057, 2145164.130999692250043 ], [ 487107.369544927729294, 2145157.317024072166532 ], [ 487084.712837179074995, 2145155.847423152532429 ], [ 487079.340565704391338, 2145261.534161559306085 ], [ 487064.343041401181836, 2145261.239259489346296 ], [ 487064.637636080617085, 2145300.470322518143803 ], [ 487075.364038494764827, 2145300.451822877861559 ], [ 487075.364040477317758, 2145389.543374035507441 ], [ 487064.376347924408037, 2145540.374478922691196 ], [ 487060.826334440149367, 2145589.106499200221151 ], [ 487060.55437804129906, 2145592.839720129966736 ], [ 487059.736735269718338, 2145604.063729380257428 ], [ 487059.426720762159675, 2145608.319384549744427 ], [ 487059.266722464759368, 2145610.515725589357316 ], [ 487058.394227101642173, 2145622.492711570113897 ], [ 487159.815119490842335, 2145641.678346728440374 ] ] ] ] } },
{ "type": "Feature", "properties": { "fid": 1, "ID": 1671, "ENTIDAD": 9, "DISTRITO_F": 13, "DISTRITO_L": 15, "MUNICIPIO": 6, "SECCION": 1676, "TIPO": 2, "CONTROL": 40822, "GEOMETRY1_": null, "CONCENTRAD": null, "CONCENTR_1": null, "CONCENTR_2": null, "CONCENTR_3": null, "CONCENTR_4": null, "CONCENTR_5": null, "CONCENTR_6": null, "CONCENTR_7": null, "CONCENTR_8": null, "CONCENTR_9": null, "CONCENTR10": null, "CONCENTR11": null, "CONCENTR12": null, "CONCENTR13": null, "CONCENTR14": null, "CONCENTR15": null, "CONCENTR16": null, "CONCENTR17": null, "CONCENTR18": null, "CONCENTR19": null, "CONCENTR20": null, "CONCENTR21": null, "CONCENTR22": null, "CONCENTR23": null, "layer": "Ruta 18", "path": "D:/Atlas de Riesgos 2024/SHAPE/Secciones Electorares Distrito 15/Rutas/Ruta 18.gpkg|layername=Ruta 18" }, "geometry": { "type": "MultiPolygon", "coordinates": [ [ [ [ 488373.723481497378089, 2145258.306353969499469 ], [ 488771.593601643573493, 2145202.893085471354425 ], [ 488786.521424530947115, 2145200.774409600533545 ], [ 489093.8801090545021, 2145156.761270163115114 ], [ 489142.559802473988384, 2145149.801934912800789 ], [ 489222.422554800868966, 2145138.368330102879554 ], [ 489196.879182834294625, 2145026.837174275889993 ], [ 489067.438286184915341, 2145046.500217544846237 ], [ 489011.634740979468916, 2145054.977194705512375 ], [ 488826.390299139311537, 2145083.11721520498395 ], [ 488812.061222578282468, 2145085.207517134025693 ], [ 488830.753188147034962, 2145030.848063165787607 ], [ 488849.445153718697838, 2144976.48860920779407 ], [ 488686.367835331999231, 2144998.818702545948327 ], [ 488337.436829808691982, 2145046.581717025954276 ], [ 488356.596232993761078, 2145150.567013732157648 ], [ 488373.723481497378089, 2145258.306353969499469 ] ] ] ] } },
{ "type": "Feature", "properties": { "fid": 2, "ID": 1683, "ENTIDAD": 9, "DISTRITO_F": 13, "DISTRITO_L": 15, "MUNICIPIO": 6, "SECCION": 1688, "TIPO": 2, "CONTROL": 40823, "GEOMETRY1_": null, "CONCENTRAD": null, "CONCENTR_1": null, "CONCENTR_2": null, "CONCENTR_3": null, "CONCENTR_4": null, "CONCENTR_5": null, "CONCENTR_6": null, "CONCENTR_7": null, "CONCENTR_8": null, "CONCENTR_9": null, "CONCENTR10": null, "CONCENTR11": null, "CONCENTR12": null, "CONCENTR13": null, "CONCENTR14": null, "CONCENTR15": null, "CONCENTR16": null, "CONCENTR17": null, "CONCENTR18": null, "CONCENTR19": null, "CONCENTR20": null, "CONCENTR21": null, "CONCENTR22": null, "CONCENTR23": null, "layer": "Ruta 18", "path": "D:/Atlas de Riesgos 2024/SHAPE/Secciones Electorares Distrito 15/Rutas/Ruta 18.gpkg|layername=Ruta 18" }, "geometry": { "type": "MultiPolygon", "coordinates": [ [ [ [ 488072.281708645808976, 2145535.356269582174718 ], [ 488275.797757414344233, 2145503.479887493420392 ], [ 488408.986062477866653, 2145482.618823603726923 ], [ 488393.033036660403013, 2145378.211311206221581 ], [ 488563.421338774845935, 2145352.135103167034686 ], [ 488642.037075069441926, 2145340.10375906759873 ], [ 488660.111625656078104, 2145337.337631737813354 ], [ 488728.986781971063465, 2145326.796984997577965 ], [ 488771.593601643573493, 2145202.893085471354425 ], [ 488373.723481497378089, 2145258.306353969499469 ], [ 488356.596232993761078, 2145150.567013732157648 ], [ 488082.147204903827514, 2145189.950612502172589 ], [ 488078.553388830972835, 2145269.60670735873282 ], [ 488077.116326944786124, 2145301.458848767913878 ], [ 488071.432978059980087, 2145427.428950874134898 ], [ 488072.281708645808976, 2145535.356269582174718 ] ] ] ] } },
{ "type": "Feature", "properties": { "fid": 3, "ID": 1684, "ENTIDAD": 9, "DISTRITO_F": 13, "DISTRITO_L": 15, "MUNICIPIO": 6, "SECCION": 1689, "TIPO": 2, "CONTROL": 40824, "GEOMETRY1_": null, "CONCENTRAD": null, "CONCENTR_1": null, "CONCENTR_2": null, "CONCENTR_3": null, "CONCENTR_4": null, "CONCENTR_5": null, "CONCENTR_6": null, "CONCENTR_7": null, "CONCENTR_8": null, "CONCENTR_9": null, "CONCENTR10": null, "CONCENTR11": null, "CONCENTR12": null, "CONCENTR13": null, "CONCENTR14": null, "CONCENTR15": null, "CONCENTR16": null, "CONCENTR17": null, "CONCENTR18": null, "CONCENTR19": null, "CONCENTR20": null, "CONCENTR21": null, "CONCENTR22": null, "CONCENTR23": null, "layer": "Ruta 18", "path": "D:/Atlas de Riesgos 2024/SHAPE/Secciones Electorares Distrito 15/Rutas/Ruta 18.gpkg|layername=Ruta 18" }, "geometry": { "type": "MultiPolygon", "coordinates": [ [ [ [ 488077.800144987064414, 2145645.373465438373387 ], [ 488212.610726314014755, 2145625.040282169356942 ], [ 488426.3128918397706, 2145592.808054950088263 ], [ 488408.986062477866653, 2145482.618823603726923 ], [ 488275.797757414344233, 2145503.479887493420392 ], [ 488072.281708645808976, 2145535.356269582174718 ], [ 488077.800144987064414, 2145645.373465438373387 ] ] ] ] } },
{ "type": "Feature", "properties": { "fid": 4, "ID": 1685, "ENTIDAD": 9, "DISTRITO_F": 13, "DISTRITO_L": 15, "MUNICIPIO": 6, "SECCION": 1690, "TIPO": 2, "CONTROL": 43099, "GEOMETRY1_": null, "CONCENTRAD": null, "CONCENTR_1": null, "CONCENTR_2": null, "CONCENTR_3": null, "CONCENTR_4": null, "CONCENTR_5": null, "CONCENTR_6": null, "CONCENTR_7": null, "CONCENTR_8": null, "CONCENTR_9": null, "CONCENTR10": null, "CONCENTR11": null, "CONCENTR12": null, "CONCENTR13": null, "CONCENTR14": null, "CONCENTR15": null, "CONCENTR16": null, "CONCENTR17": null, "CONCENTR18": null, "CONCENTR19": null, "CONCENTR20": null, "CONCENTR21": null, "CONCENTR22": null, "CONCENTR23": null, "layer": "Ruta 18", "path": "D:/Atlas de Riesgos 2024/SHAPE/Secciones Electorares Distrito 15/Rutas/Ruta 18.gpkg|layername=Ruta 18" }, "geometry": { "type": "MultiPolygon", "coordinates": [ [ [ [ 488040.768802405917086, 2145732.558093306142837 ], [ 488042.646175852743909, 2145726.484237336087972 ], [ 488047.061525143915787, 2145712.199282117187977 ], [ 488063.733331319352146, 2145706.610482436604798 ], [ 488057.645401645393576, 2145643.491205278318375 ], [ 488050.859904158278368, 2145575.353512730915099 ], [ 487993.385384193097707, 2145571.604422010481358 ], [ 487948.259458779648412, 2145569.144952971488237 ], [ 487879.146997646486852, 2145565.378161341417581 ], [ 487826.92912521440303, 2145562.532164521515369 ], [ 487774.977343800710514, 2145559.700670290738344 ], [ 487701.080171554582193, 2145555.673100681509823 ], [ 487592.096943540323991, 2145548.474045101553202 ], [ 487573.306594340188894, 2145547.232819551136345 ], [ 487707.941521442553494, 2145404.198429895564914 ], [ 487714.099210072366986, 2145306.919684787746519 ], [ 487716.757541020284407, 2145266.383727489039302 ], [ 487717.040094004652929, 2145229.465481 ], [ 487658.527621886110865, 2145307.670829898212105 ], [ 487528.122016958717722, 2145460.770397243555635 ], [ 487489.365679304872174, 2145508.019159472547472 ], [ 487443.104336861579213, 2145564.417449460830539 ], [ 487373.492351912253071, 2145655.710692658089101 ], [ 487365.943970286753029, 2145665.652071458287537 ], [ 487364.137825574667659, 2145668.030802377965301 ], [ 487355.986316643306054, 2145678.766512637957931 ], [ 487452.546768844127655, 2145697.318094957154244 ], [ 487511.085191862715874, 2145706.544684906955808 ], [ 487557.022484746994451, 2145709.702857596799731 ], [ 487694.264021103968844, 2145709.511179466731846 ], [ 487896.484441296488512, 2145710.852926336694509 ], [ 487950.921028341981582, 2145716.41159191634506 ], [ 487995.088946495670825, 2145724.452401215676218 ], [ 488040.768802405917086, 2145732.558093306142837 ] ] ] ] } },
{ "type": "Feature", "properties": { "fid": 5, "ID": 1686, "ENTIDAD": 9, "DISTRITO_F": 13, "DISTRITO_L": 15, "MUNICIPIO": 6, "SECCION": 1691, "TIPO": 2, "CONTROL": 40112, "GEOMETRY1_": null, "CONCENTRAD": null, "CONCENTR_1": null, "CONCENTR_2": null, "CONCENTR_3": null, "CONCENTR_4": null, "CONCENTR_5": null, "CONCENTR_6": null, "CONCENTR_7": null, "CONCENTR_8": null, "CONCENTR_9": null, "CONCENTR10": null, "CONCENTR11": null, "CONCENTR12": null, "CONCENTR13": null, "CONCENTR14": null, "CONCENTR15": null, "CONCENTR16": null, "CONCENTR17": null, "CONCENTR18": null, "CONCENTR19": null, "CONCENTR20": null, "CONCENTR21": null, "CONCENTR22": null, "CONCENTR23": null, "layer": "Ruta 18", "path": "D:/Atlas de Riesgos 2024/SHAPE/Secciones Electorares Distrito 15/Rutas/Ruta 18.gpkg|layername=Ruta 18" }, "geometry": { "type": "MultiPolygon", "coordinates": [ [ [ [ 488063.733331319352146, 2145706.610482436604798 ], [ 488082.263283379026689, 2145703.151631608605385 ], [ 488077.800144987064414, 2145645.373465438373387 ], [ 488072.281708645808976, 2145535.356269582174718 ], [ 488071.432978059980087, 2145427.428950874134898 ], [ 488046.635396836907603, 2145425.85690753441304 ], [ 487956.835403906181455, 2145420.114461955614388 ], [ 487889.671960065665189, 2145415.819557165261358 ], [ 487838.222182483470533, 2145412.529495145194232 ], [ 487784.696161174739245, 2145409.106663445010781 ], [ 487707.941521442553494, 2145404.198429895564914 ], [ 487573.306594340188894, 2145547.232819551136345 ], [ 487592.096943540323991, 2145548.474045101553202 ], [ 487701.080171554582193, 2145555.673100681509823 ], [ 487774.977343800710514, 2145559.700670290738344 ], [ 487826.92912521440303, 2145562.532164521515369 ], [ 487879.146997646486852, 2145565.378161341417581 ], [ 487948.259458779648412, 2145569.144952971488237 ], [ 487993.385384193097707, 2145571.604422010481358 ], [ 488050.859904158278368, 2145575.353512730915099 ], [ 488057.645401646732353, 2145643.491205278318375 ], [ 488063.733331319352146, 2145706.610482436604798 ] ] ] ] } },
{ "type": "Feature", "properties": { "fid": 1, "ID": 1667, "ENTIDAD": 9, "DISTRITO_F": 13, "DISTRITO_L": 15, "MUNICIPIO": 6, "SECCION": 1672, "TIPO": 2, "CONTROL": 40875, "GEOMETRY1_": null, "CONCENTRAD": null, "CONCENTR_1": null, "CONCENTR_2": null, "CONCENTR_3": null, "CONCENTR_4": null, "CONCENTR_5": null, "CONCENTR_6": null, "CONCENTR_7": null, "CONCENTR_8": null, "CONCENTR_9": null, "CONCENTR10": null, "CONCENTR11": null, "CONCENTR12": null, "CONCENTR13": null, "CONCENTR14": null, "CONCENTR15": null, "CONCENTR16": null, "CONCENTR17": null, "CONCENTR18": null, "CONCENTR19": null, "CONCENTR20": null, "CONCENTR21": null, "CONCENTR22": null, "CONCENTR23": null, "layer": "Ruta 19", "path": "D:/Atlas de Riesgos 2024/SHAPE/Secciones Electorares Distrito 15/Rutas/Ruta 19.gpkg|layername=Ruta 19" }, "geometry": { "type": "MultiPolygon", "coordinates": [ [ [ [ 489812.352379043819383, 2146107.199329966213554 ], [ 489814.210188094875775, 2146101.11634202580899 ], [ 489825.311741168261506, 2146064.76674329675734 ], [ 489826.261715715168975, 2146018.21794858854264 ], [ 489824.90435989596881, 2146005.700113098602742 ], [ 489817.711936070933007, 2145939.369990371633321 ], [ 489805.134678639878985, 2145873.339392432942986 ], [ 489794.912525259598624, 2145819.673090084921569 ], [ 489788.589979738288093, 2145781.913562055211514 ], [ 489774.520114613347687, 2145713.454218316357583 ], [ 489766.540191109699663, 2145677.124566578306258 ], [ 489761.290241435344797, 2145648.144844378810376 ], [ 489718.92375820397865, 2145397.229186255484819 ], [ 489709.176460454997141, 2145398.680760685354471 ], [ 489699.429162705841009, 2145400.132335115224123 ], [ 489679.939942708413582, 2145403.039719074964523 ], [ 489413.973575198964681, 2145443.625990434084088 ], [ 489293.682045902009122, 2145461.984675554092973 ], [ 488986.043550663336646, 2145506.528522902633995 ], [ 488869.06913776131114, 2145525.037484862376004 ], [ 488665.785351236176211, 2145556.688951131422073 ], [ 488649.068235121958423, 2145559.21035695169121 ], [ 488690.416709025972523, 2145438.963698015082628 ], [ 488706.561803012096789, 2145436.511239844374359 ], [ 489066.002361719496548, 2145383.191525916103274 ], [ 489144.081869920890313, 2145369.90221522655338 ], [ 489270.94937586778542, 2145353.258652556221932 ], [ 489260.513603964878712, 2145307.160837708506733 ], [ 489246.386889723711647, 2145246.38214980950579 ], [ 489119.498633656476159, 2145266.108341749757528 ], [ 489070.720091299561318, 2145273.691509179770947 ], [ 488932.01098322076723, 2145295.255384197924286 ], [ 488923.075162104680203, 2145296.644557068124413 ], [ 488844.709598384331912, 2145308.827356358058751 ], [ 488744.566417208232451, 2145324.39572874782607 ], [ 488728.986781971063465, 2145326.796984997577965 ], [ 488660.111625656078104, 2145337.337631737813354 ], [ 488642.037075069441926, 2145340.10375906759873 ], [ 488563.421338774845935, 2145352.135103167034686 ], [ 488393.033036660403013, 2145378.211311206221581 ], [ 488408.986062477866653, 2145482.618823603726923 ], [ 488426.3128918397706, 2145592.808054950088263 ], [ 488212.610726314014755, 2145625.040282169356942 ], [ 488077.800144987064414, 2145645.373465438373387 ], [ 488082.263283379026689, 2145703.151631608605385 ], [ 488119.366704753891099, 2145725.506982916500419 ], [ 488214.766262500197627, 2145746.033525935839862 ], [ 488335.838653635466471, 2145772.083936505019665 ], [ 488636.149123665876687, 2145837.73526178393513 ], [ 488757.249209801957477, 2145864.794254052918404 ], [ 488797.615905174170621, 2145873.666054792236537 ], [ 488873.352869459136855, 2145891.263474451377988 ], [ 489091.214530055702198, 2145941.88344729039818 ], [ 489143.17256120062666, 2145953.955851949751377 ], [ 489133.81290241779061, 2145963.209151699673384 ], [ 489121.420324997976422, 2145975.460905339568853 ], [ 489113.948513905808795, 2145982.84781006956473 ], [ 489174.162570748012513, 2145999.265766768716276 ], [ 489183.017253615020309, 2146001.680083419196308 ], [ 489299.878991884179413, 2146029.394328528549522 ], [ 489351.612251537386328, 2146043.251451218035072 ], [ 489410.274072573578451, 2146049.256203718017787 ], [ 489492.493002969305962, 2146064.729990287218243 ], [ 489584.411919515463524, 2146081.127584946807474 ], [ 489590.346503482782282, 2146082.160395886749029 ], [ 489696.682693031616509, 2146100.666357025969774 ], [ 489708.680423617828637, 2146101.964339917059988 ], [ 489716.747445051732939, 2146102.837076285388321 ], [ 489762.221528361842502, 2146106.877237505745143 ], [ 489800.155646428174805, 2146107.151736775878817 ], [ 489812.352379043819383, 2146107.199329966213554 ] ] ] ] } },
{ "type": "Feature", "properties": { "fid": 2, "ID": 1669, "ENTIDAD": 9, "DISTRITO_F": 13, "DISTRITO_L": 15, "MUNICIPIO": 6, "SECCION": 1674, "TIPO": 2, "CONTROL": 40818, "GEOMETRY1_": null, "CONCENTRAD": null, "CONCENTR_1": null, "CONCENTR_2": null, "CONCENTR_3": null, "CONCENTR_4": null, "CONCENTR_5": null, "CONCENTR_6": null, "CONCENTR_7": null, "CONCENTR_8": null, "CONCENTR_9": null, "CONCENTR10": null, "CONCENTR11": null, "CONCENTR12": null, "CONCENTR13": null, "CONCENTR14": null, "CONCENTR15": null, "CONCENTR16": null, "CONCENTR17": null, "CONCENTR18": null, "CONCENTR19": null, "CONCENTR20": null, "CONCENTR21": null, "CONCENTR22": null, "CONCENTR23": null, "layer": "Ruta 19", "path": "D:/Atlas de Riesgos 2024/SHAPE/Secciones Electorares Distrito 15/Rutas/Ruta 19.gpkg|layername=Ruta 19" }, "geometry": { "type": "MultiPolygon", "coordinates": [ [ [ [ 489196.879182834294625, 2145026.837174275889993 ], [ 489611.498006263573188, 2144968.531392177566886 ], [ 489599.615244197600987, 2144865.547466190997511 ], [ 489587.079489405616187, 2144756.904270612634718 ], [ 489145.503448233765084, 2144812.374407671391964 ], [ 489173.343183789984323, 2144928.587982098106295 ], [ 489196.879182834294625, 2145026.837174275889993 ] ] ] ] } },
{ "type": "Feature", "properties": { "fid": 3, "ID": 1679, "ENTIDAD": 9, "DISTRITO_F": 13, "DISTRITO_L": 15, "MUNICIPIO": 6, "SECCION": 1684, "TIPO": 2, "CONTROL": 40825, "GEOMETRY1_": null, "CONCENTRAD": null, "CONCENTR_1": null, "CONCENTR_2": null, "CONCENTR_3": null, "CONCENTR_4": null, "CONCENTR_5": null, "CONCENTR_6": null, "CONCENTR_7": null, "CONCENTR_8": null, "CONCENTR_9": null, "CONCENTR10": null, "CONCENTR11": null, "CONCENTR12": null, "CONCENTR13": null, "CONCENTR14": null, "CONCENTR15": null, "CONCENTR16": null, "CONCENTR17": null, "CONCENTR18": null, "CONCENTR19": null, "CONCENTR20": null, "CONCENTR21": null, "CONCENTR22": null, "CONCENTR23": null, "layer": "Ruta 19", "path": "D:/Atlas de Riesgos 2024/SHAPE/Secciones Electorares Distrito 15/Rutas/Ruta 19.gpkg|layername=Ruta 19" }, "geometry": { "type": "MultiPolygon", "coordinates": [ [ [ [ 488649.068235121958423, 2145559.21035695169121 ], [ 488665.785351236176211, 2145556.688951131422073 ], [ 488869.06913776131114, 2145525.037484862376004 ], [ 488986.043550663336646, 2145506.528522902633995 ], [ 489293.682045902009122, 2145461.984675554092973 ], [ 489413.973575198964681, 2145443.625990434084088 ], [ 489679.939942708413582, 2145403.039719074964523 ], [ 489662.452719348832034, 2145289.019325588829815 ], [ 489646.380055360496044, 2145184.193827881477773 ], [ 489435.796128223999403, 2145216.932595080696046 ], [ 489260.513603964878712, 2145307.160837708506733 ], [ 489270.94937586778542, 2145353.258652556221932 ], [ 489144.081869920890313, 2145369.90221522655338 ], [ 489066.002361719496548, 2145383.191525916103274 ], [ 488706.561803012096789, 2145436.511239844374359 ], [ 488690.416709025972523, 2145438.963698015082628 ], [ 488649.068235121958423, 2145559.21035695169121 ] ] ] ] } },
{ "type": "Feature", "properties": { "fid": 4, "ID": 1680, "ENTIDAD": 9, "DISTRITO_F": 13, "DISTRITO_L": 15, "MUNICIPIO": 6, "SECCION": 1685, "TIPO": 2, "CONTROL": 40792, "GEOMETRY1_": null, "CONCENTRAD": null, "CONCENTR_1": null, "CONCENTR_2": null, "CONCENTR_3": null, "CONCENTR_4": null, "CONCENTR_5": null, "CONCENTR_6": null, "CONCENTR_7": null, "CONCENTR_8": null, "CONCENTR_9": null, "CONCENTR10": null, "CONCENTR11": null, "CONCENTR12": null, "CONCENTR13": null, "CONCENTR14": null, "CONCENTR15": null, "CONCENTR16": null, "CONCENTR17": null, "CONCENTR18": null, "CONCENTR19": null, "CONCENTR20": null, "CONCENTR21": null, "CONCENTR22": null, "CONCENTR23": null, "layer": "Ruta 19", "path": "D:/Atlas de Riesgos 2024/SHAPE/Secciones Electorares Distrito 15/Rutas/Ruta 19.gpkg|layername=Ruta 19" }, "geometry": { "type": "MultiPolygon", "coordinates": [ [ [ [ 489679.939942708413582, 2145403.039719074964523 ], [ 489699.429162705841009, 2145400.132335115224123 ], [ 489709.176460454997141, 2145398.680760685354471 ], [ 489718.92375820397865, 2145397.229186255484819 ], [ 489752.586489920970052, 2145392.769129385706037 ], [ 489736.387274831708055, 2145281.031358998734504 ], [ 489721.227347932988778, 2145176.462315311655402 ], [ 489783.575193878903519, 2145166.37943135201931 ], [ 490172.630418405635282, 2145101.502736453898251 ], [ 490150.018658753659111, 2145053.821379325352609 ], [ 490133.467003874538932, 2145056.609557275194675 ], [ 490037.240100251976401, 2145072.819279654417187 ], [ 490027.732086293457542, 2145027.958034645300359 ], [ 490026.582898846070748, 2145022.535873946268111 ], [ 489703.232183434709441, 2145070.570480594877154 ], [ 489688.815944614005275, 2144956.324842657893896 ], [ 489673.43367783469148, 2144852.183310091029853 ], [ 489658.031092567602172, 2144739.611635784618556 ], [ 489629.370542024727911, 2144743.175833113491535 ], [ 489620.225991893792525, 2144744.313040203880519 ], [ 489611.081441761809401, 2144745.450204113963991 ], [ 489655.077372826694045, 2145046.156920425593853 ], [ 489630.400031179888174, 2145079.972524623852223 ], [ 489634.315363926289137, 2145105.433687473647296 ], [ 489646.380055360496044, 2145184.193827881477773 ], [ 489662.452719348832034, 2145289.019325588829815 ], [ 489679.939942708413582, 2145403.039719074964523 ] ] ] ] } },
{ "type": "Feature", "properties": { "fid": 5, "ID": 1682, "ENTIDAD": 9, "DISTRITO_F": 13, "DISTRITO_L": 15, "MUNICIPIO": 6, "SECCION": 1687, "TIPO": 2, "CONTROL": 40819, "GEOMETRY1_": null, "CONCENTRAD": null, "CONCENTR_1": null, "CONCENTR_2": null, "CONCENTR_3": null, "CONCENTR_4": null, "CONCENTR_5": null, "CONCENTR_6": null, "CONCENTR_7": null, "CONCENTR_8": null, "CONCENTR_9": null, "CONCENTR10": null, "CONCENTR11": null, "CONCENTR12": null, "CONCENTR13": null, "CONCENTR14": null, "CONCENTR15": null, "CONCENTR16": null, "CONCENTR17": null, "CONCENTR18": null, "CONCENTR19": null, "CONCENTR20": null, "CONCENTR21": null, "CONCENTR22": null, "CONCENTR23": null, "layer": "Ruta 19", "path": "D:/Atlas de Riesgos 2024/SHAPE/Secciones Electorares Distrito 15/Rutas/Ruta 19.gpkg|layername=Ruta 19" }, "geometry": { "type": "MultiPolygon", "coordinates": [ [ [ [ 488728.986781971063465, 2145326.796984997577965 ], [ 488744.566417208232451, 2145324.39572874782607 ], [ 488844.709598384331912, 2145308.827356358058751 ], [ 488923.075162104680203, 2145296.644557068124413 ], [ 488932.01098322076723, 2145295.255384197924286 ], [ 489070.720091299561318, 2145273.691509179770947 ], [ 489119.498633656476159, 2145266.108341749757528 ], [ 489246.386889723711647, 2145246.38214980950579 ], [ 489260.513603964878712, 2145307.160837708506733 ], [ 489435.796128223999403, 2145216.932595080696046 ], [ 489646.380055360496044, 2145184.193827881477773 ], [ 489634.315363926289137, 2145105.433687473647296 ], [ 489630.400031179888174, 2145079.972524623852223 ], [ 489655.077372826694045, 2145046.156920425593853 ], [ 489611.081441762566101, 2144745.45024729333818 ], [ 489583.446279148512986, 2144748.88692841399461 ], [ 489587.079489405616187, 2144756.904270612634718 ], [ 489599.615244197600987, 2144865.547466190997511 ], [ 489611.498006263573188, 2144968.531392177566886 ], [ 489196.879182834294625, 2145026.837174275889993 ], [ 489222.422554800868966, 2145138.368330102879554 ], [ 489142.559802473988384, 2145149.801934912800789 ], [ 489093.8801090545021, 2145156.761270163115114 ], [ 488786.521424530947115, 2145200.774409600533545 ], [ 488771.593601643573493, 2145202.893085471354425 ], [ 488728.986781971063465, 2145326.796984997577965 ] ] ] ] } },
{ "type": "Feature", "properties": { "fid": 1, "ID": 1690, "ENTIDAD": 9, "DISTRITO_F": 13, "DISTRITO_L": 15, "MUNICIPIO": 6, "SECCION": 1695, "TIPO": 2, "CONTROL": 40821, "GEOMETRY1_": null, "CONCENTRAD": null, "CONCENTR_1": null, "CONCENTR_2": null, "CONCENTR_3": null, "CONCENTR_4": null, "CONCENTR_5": null, "CONCENTR_6": null, "CONCENTR_7": null, "CONCENTR_8": null, "CONCENTR_9": null, "CONCENTR10": null, "CONCENTR11": null, "CONCENTR12": null, "CONCENTR13": null, "CONCENTR14": null, "CONCENTR15": null, "CONCENTR16": null, "CONCENTR17": null, "CONCENTR18": null, "CONCENTR19": null, "CONCENTR20": null, "CONCENTR21": null, "CONCENTR22": null, "CONCENTR23": null, "layer": "Ruta 20", "path": "D:/Atlas de Riesgos 2024/SHAPE/Secciones Electorares Distrito 15/Rutas/Ruta 20.gpkg|layername=Ruta 20" }, "geometry": { "type": "MultiPolygon", "coordinates": [ [ [ [ 488082.147204903827514, 2145189.950612502172589 ], [ 488356.596232993761078, 2145150.567013732157648 ], [ 488337.436829808691982, 2145046.581717025954276 ], [ 488318.698891511303373, 2144911.477528668940067 ], [ 488092.056420657783747, 2144934.77526294765994 ], [ 488086.321869406907354, 2145082.447506264317781 ], [ 488082.147204903827514, 2145189.950612502172589 ] ] ] ] } },
{ "type": "Feature", "properties": { "fid": 2, "ID": 1670, "ENTIDAD": 9, "DISTRITO_F": 13, "DISTRITO_L": 15, "MUNICIPIO": 6, "SECCION": 1675, "TIPO": 2, "CONTROL": 40820, "GEOMETRY1_": null, "CONCENTRAD": null, "CONCENTR_1": null, "CONCENTR_2": null, "CONCENTR_3": null, "CONCENTR_4": null, "CONCENTR_5": null, "CONCENTR_6": null, "CONCENTR_7": null, "CONCENTR_8": null, "CONCENTR_9": null, "CONCENTR10": null, "CONCENTR11": null, "CONCENTR12": null, "CONCENTR13": null, "CONCENTR14": null, "CONCENTR15": null, "CONCENTR16": null, "CONCENTR17": null, "CONCENTR18": null, "CONCENTR19": null, "CONCENTR20": null, "CONCENTR21": null, "CONCENTR22": null, "CONCENTR23": null, "layer": "Ruta 20", "path": "D:/Atlas de Riesgos 2024/SHAPE/Secciones Electorares Distrito 15/Rutas/Ruta 20.gpkg|layername=Ruta 20" }, "geometry": { "type": "MultiPolygon", "coordinates": [ [ [ [ 488812.061222578282468, 2145085.207517134025693 ], [ 488826.390299139311537, 2145083.11721520498395 ], [ 489011.634740979468916, 2145054.977194705512375 ], [ 489067.438286184915341, 2145046.500217544846237 ], [ 489196.879182834294625, 2145026.837174275889993 ], [ 489173.343183789984323, 2144928.587982098106295 ], [ 489145.503448233765084, 2144812.374407671391964 ], [ 489587.079489405616187, 2144756.904270612634718 ], [ 489583.446279148512986, 2144748.88692841399461 ], [ 489567.504515572625678, 2144733.299426163546741 ], [ 489560.88981614477234, 2144726.831720013637096 ], [ 489543.345900567539502, 2144714.801606444641948 ], [ 489530.814532216230873, 2144701.768983284477144 ], [ 489518.784418672148604, 2144693.2476528249681 ], [ 489495.105939083441626, 2144695.509387774392962 ], [ 489457.545233007345814, 2144699.097133404575288 ], [ 489420.253305807244033, 2144702.659205654636025 ], [ 489383.87903360236669, 2144706.133624794427305 ], [ 489347.519707035331521, 2144709.606616353616118 ], [ 489311.001999221218284, 2144713.094736264552921 ], [ 489286.310853927920107, 2144715.453199624083936 ], [ 489245.568927126121707, 2144719.344810974784195 ], [ 489198.753218275785912, 2144723.816581424325705 ], [ 489174.136714880005457, 2144726.167915093246847 ], [ 489137.681530268979259, 2144729.754746634047478 ], [ 489101.226345657603815, 2144733.341578184161335 ], [ 489062.257240665494464, 2144737.175754773896188 ], [ 489027.715519196819514, 2144740.574320373591036 ], [ 488989.454637772752903, 2144744.338814723771065 ], [ 488952.872338270535693, 2144747.938153143506497 ], [ 488916.368365826550871, 2144751.529784943908453 ], [ 488879.007359804585576, 2144755.205740413162857 ], [ 488842.13869377959054, 2144759.075587303843349 ], [ 488805.270027758146171, 2144762.945434193592519 ], [ 488768.307486553210765, 2144766.825134502258152 ], [ 488730.475735817919485, 2144770.796069683041424 ], [ 488696.052099068125244, 2144774.409278903156519 ], [ 488658.385464310355019, 2144778.739074332173914 ], [ 488620.7188295549131, 2144783.068869772832841 ], [ 488585.070016206009313, 2144787.166715802624822 ], [ 488546.620594411680941, 2144790.855844512581825 ], [ 488445.437925456557423, 2144826.454583481419832 ], [ 488389.233600989973638, 2144838.255773131269962 ], [ 488327.843771513435058, 2144848.508125851396471 ], [ 488259.200038700480945, 2144855.310659600887448 ], [ 488208.427919791080058, 2144861.283851340413094 ], [ 488194.430388875247445, 2144862.930620039813221 ], [ 488142.438629826065153, 2144875.897334529552609 ], [ 488094.515677189454436, 2144887.849291079677641 ], [ 488094.026797826809343, 2144900.778629260137677 ], [ 488093.205431063193828, 2144912.906736329663545 ], [ 488092.056420657783747, 2144934.77526294765994 ], [ 488318.698891511303373, 2144911.477528668940067 ], [ 488337.436829808691982, 2145046.581717025954276 ], [ 488686.367835331999231, 2144998.818702545948327 ], [ 488849.445153718697838, 2144976.48860920779407 ], [ 488830.753188147034962, 2145030.848063165787607 ], [ 488812.061222578282468, 2145085.207517134025693 ] ] ] ] } },
{ "type": "Feature", "properties": { "fid": 3, "ID": 1696, "ENTIDAD": 9, "DISTRITO_F": 13, "DISTRITO_L": 15, "MUNICIPIO": 6, "SECCION": 1701, "TIPO": 2, "CONTROL": 40757, "GEOMETRY1_": null, "CONCENTRAD": null, "CONCENTR_1": null, "CONCENTR_2": null, "CONCENTR_3": null, "CONCENTR_4": null, "CONCENTR_5": null, "CONCENTR_6": null, "CONCENTR_7": null, "CONCENTR_8": null, "CONCENTR_9": null, "CONCENTR10": null, "CONCENTR11": null, "CONCENTR12": null, "CONCENTR13": null, "CONCENTR14": null, "CONCENTR15": null, "CONCENTR16": null, "CONCENTR17": null, "CONCENTR18": null, "CONCENTR19": null, "CONCENTR20": null, "CONCENTR21": null, "CONCENTR22": null, "CONCENTR23": null, "layer": "Ruta 20", "path": "D:/Atlas de Riesgos 2024/SHAPE/Secciones Electorares Distrito 15/Rutas/Ruta 20.gpkg|layername=Ruta 20" }, "geometry": { "type": "MultiPolygon", "coordinates": [ [ [ [ 488094.515677189454436, 2144887.849291079677641 ], [ 488142.438629826065153, 2144875.897334529552609 ], [ 488194.430388875247445, 2144862.930620039813221 ], [ 488208.427919791080058, 2144861.283851340413094 ], [ 488259.200038700480945, 2144855.310659600887448 ], [ 488327.843771513435058, 2144848.508125851396471 ], [ 488389.233600989973638, 2144838.255773131269962 ], [ 488445.437925456557423, 2144826.454583481419832 ], [ 488440.799666056467686, 2144794.661602271720767 ], [ 488437.449994832626544, 2144771.701257652137429 ], [ 488427.861647736397572, 2144704.029369694646448 ], [ 488416.516499524645042, 2144610.19056963827461 ], [ 488410.744770005694591, 2144553.542527949437499 ], [ 488400.446336233522743, 2144461.379598530940711 ], [ 488361.265554539510049, 2144465.82225726172328 ], [ 488311.587247869349085, 2144471.455216940958053 ], [ 488326.322860266489442, 2144563.310217848513275 ], [ 488336.237219801347237, 2144617.965983357280493 ], [ 488303.004478574614041, 2144621.785105807706714 ], [ 488290.883688289148267, 2144623.190473186783493 ], [ 488267.229877430363558, 2144625.93305788654834 ], [ 488134.738954807107802, 2144641.300886976998299 ], [ 488131.545380166964605, 2144641.671314686536789 ], [ 488118.763867850764655, 2144643.153862266801298 ], [ 488108.027682719170116, 2144644.392049887217581 ], [ 488105.759396495413966, 2144690.519937254954129 ], [ 488102.94649456476327, 2144746.906800563447177 ], [ 488094.515677189454436, 2144887.849291079677641 ] ] ] ] } },
{ "type": "Feature", "properties": { "fid": 4, "ID": 1723, "ENTIDAD": 9, "DISTRITO_F": 13, "DISTRITO_L": 15, "MUNICIPIO": 6, "SECCION": 1728, "TIPO": 2, "CONTROL": 40768, "GEOMETRY1_": null, "CONCENTRAD": null, "CONCENTR_1": null, "CONCENTR_2": null, "CONCENTR_3": null, "CONCENTR_4": null, "CONCENTR_5": null, "CONCENTR_6": null, "CONCENTR_7": null, "CONCENTR_8": null, "CONCENTR_9": null, "CONCENTR10": null, "CONCENTR11": null, "CONCENTR12": null, "CONCENTR13": null, "CONCENTR14": null, "CONCENTR15": null, "CONCENTR16": null, "CONCENTR17": null, "CONCENTR18": null, "CONCENTR19": null, "CONCENTR20": null, "CONCENTR21": null, "CONCENTR22": null, "CONCENTR23": null, "layer": "Ruta 20", "path": "D:/Atlas de Riesgos 2024/SHAPE/Secciones Electorares Distrito 15/Rutas/Ruta 20.gpkg|layername=Ruta 20" }, "geometry": { "type": "MultiPolygon", "coordinates": [ [ [ [ 488083.36385300027905, 2144494.863510960713029 ], [ 488092.1780112470733, 2144493.957467030268162 ], [ 488118.047982953314204, 2144491.302071290556341 ], [ 488154.272025077312719, 2144487.58389299036935 ], [ 488206.181045961333439, 2144482.140763480681926 ], [ 488258.02547082217643, 2144476.766957420855761 ], [ 488215.193598955695052, 2144239.291649368125945 ], [ 488177.376526010921225, 2144245.451303047128022 ], [ 488112.774193027173169, 2144256.454213367309421 ], [ 488055.466574356949423, 2144265.422145907767117 ], [ 488053.647006131126545, 2144287.042903995607048 ], [ 488053.395483658940066, 2144301.482975715771317 ], [ 488053.397544125909917, 2144311.283453385811299 ], [ 488053.400278555345722, 2144324.289595594629645 ], [ 488062.89233524404699, 2144381.716533583588898 ], [ 488070.688273175794166, 2144425.061482353601605 ], [ 488075.854609716858249, 2144453.511523782275617 ], [ 488083.36385300027905, 2144494.863510960713029 ] ] ] ] } },
{ "type": "Feature", "properties": { "fid": 5, "ID": 1822, "ENTIDAD": 9, "DISTRITO_F": 13, "DISTRITO_L": 15, "MUNICIPIO": 6, "SECCION": 1827, "TIPO": 2, "CONTROL": 40758, "GEOMETRY1_": null, "CONCENTRAD": null, "CONCENTR_1": null, "CONCENTR_2": null, "CONCENTR_3": null, "CONCENTR_4": null, "CONCENTR_5": null, "CONCENTR_6": null, "CONCENTR_7": null, "CONCENTR_8": null, "CONCENTR_9": null, "CONCENTR10": null, "CONCENTR11": null, "CONCENTR12": null, "CONCENTR13": null, "CONCENTR14": null, "CONCENTR15": null, "CONCENTR16": null, "CONCENTR17": null, "CONCENTR18": null, "CONCENTR19": null, "CONCENTR20": null, "CONCENTR21": null, "CONCENTR22": null, "CONCENTR23": null, "layer": "Ruta 20", "path": "D:/Atlas de Riesgos 2024/SHAPE/Secciones Electorares Distrito 15/Rutas/Ruta 20.gpkg|layername=Ruta 20" }, "geometry": { "type": "MultiPolygon", "coordinates": [ [ [ [ 488108.027682719170116, 2144644.392049887217581 ], [ 488118.763867850764655, 2144643.153862266801298 ], [ 488131.545380166964605, 2144641.671314686536789 ], [ 488134.738954807107802, 2144641.300886976998299 ], [ 488267.229877430363558, 2144625.93305788654834 ], [ 488290.883688289148267, 2144623.190473186783493 ], [ 488303.004478574614041, 2144621.785105807706714 ], [ 488336.237219801347237, 2144617.965983357280493 ], [ 488326.322860266489442, 2144563.310217848513275 ], [ 488311.587247869349085, 2144471.455216940958053 ], [ 488280.788170576386619, 2144474.482576680835336 ], [ 488258.02547082217643, 2144476.766957420855761 ], [ 488206.181045961333439, 2144482.140763480681926 ], [ 488154.272025077312719, 2144487.58389299036935 ], [ 488118.047982953314204, 2144491.302071290556341 ], [ 488092.1780112470733, 2144493.957467030268162 ], [ 488101.731330188165884, 2144536.908911598846316 ], [ 488107.460855240235105, 2144590.384470627177507 ], [ 488107.74007163249189, 2144617.387783366721123 ], [ 488108.027682719170116, 2144644.392049887217581 ] ] ] ] } },
{ "type": "Feature", "properties": { "fid": 1, "ID": 1697, "ENTIDAD": 9, "DISTRITO_F": 13, "DISTRITO_L": 15, "MUNICIPIO": 6, "SECCION": 1702, "TIPO": 2, "CONTROL": 40755, "GEOMETRY1_": null, "CONCENTRAD": null, "CONCENTR_1": null, "CONCENTR_2": null, "CONCENTR_3": null, "CONCENTR_4": null, "CONCENTR_5": null, "CONCENTR_6": null, "CONCENTR_7": null, "CONCENTR_8": null, "CONCENTR_9": null, "CONCENTR10": null, "CONCENTR11": null, "CONCENTR12": null, "CONCENTR13": null, "CONCENTR14": null, "CONCENTR15": null, "CONCENTR16": null, "CONCENTR17": null, "CONCENTR18": null, "CONCENTR19": null, "CONCENTR20": null, "CONCENTR21": null, "CONCENTR22": null, "CONCENTR23": null, "layer": "Ruta 21", "path": "D:/Atlas de Riesgos 2024/SHAPE/Secciones Electorares Distrito 15/Rutas/Ruta 21.gpkg|layername=Ruta 21" }, "geometry": { "type": "MultiPolygon", "coordinates": [ [ [ [ 488445.437925456557423, 2144826.454583481419832 ], [ 488546.620594411680941, 2144790.855844512581825 ], [ 488585.070016206009313, 2144787.166715802624822 ], [ 488574.988666513119824, 2144689.172435335349292 ], [ 488566.400355163845234, 2144595.750618667341769 ], [ 488561.035663643211592, 2144538.591225819662213 ], [ 488551.820140842639375, 2144446.306010281667113 ], [ 488531.793664143537171, 2144448.808821061626077 ], [ 488514.968358904705383, 2144450.797423251904547 ], [ 488478.703693256538827, 2144454.847416762262583 ], [ 488441.359657514607534, 2144457.71265091188252 ], [ 488413.332057057938073, 2144460.096456771716475 ], [ 488400.446336233522743, 2144461.379598530940711 ], [ 488410.744770005694591, 2144553.542527949437499 ], [ 488416.516499524645042, 2144610.19056963827461 ], [ 488427.861647736397572, 2144704.029369694646448 ], [ 488437.449994832626544, 2144771.701257652137429 ], [ 488440.799666056467686, 2144794.661602271720767 ], [ 488445.437925456557423, 2144826.454583481419832 ] ] ] ] } },
{ "type": "Feature", "properties": { "fid": 2, "ID": 1719, "ENTIDAD": 9, "DISTRITO_F": 13, "DISTRITO_L": 15, "MUNICIPIO": 6, "SECCION": 1724, "TIPO": 2, "CONTROL": 40762, "GEOMETRY1_": null, "CONCENTRAD": null, "CONCENTR_1": null, "CONCENTR_2": null, "CONCENTR_3": null, "CONCENTR_4": null, "CONCENTR_5": null, "CONCENTR_6": null, "CONCENTR_7": null, "CONCENTR_8": null, "CONCENTR_9": null, "CONCENTR10": null, "CONCENTR11": null, "CONCENTR12": null, "CONCENTR13": null, "CONCENTR14": null, "CONCENTR15": null, "CONCENTR16": null, "CONCENTR17": null, "CONCENTR18": null, "CONCENTR19": null, "CONCENTR20": null, "CONCENTR21": null, "CONCENTR22": null, "CONCENTR23": null, "layer": "Ruta 21", "path": "D:/Atlas de Riesgos 2024/SHAPE/Secciones Electorares Distrito 15/Rutas/Ruta 21.gpkg|layername=Ruta 21" }, "geometry": { "type": "MultiPolygon", "coordinates": [ [ [ [ 488788.858306309266482, 2144423.444289442617446 ], [ 488810.646713131223805, 2144421.374882882926613 ], [ 488841.460319665202405, 2144418.872623273171484 ], [ 488846.61222227831604, 2144418.412892952561378 ], [ 488868.551021999504883, 2144415.957329622935504 ], [ 488903.0255683172727, 2144412.447987862396985 ], [ 488952.623018741898704, 2144406.764505452942103 ], [ 488925.317035727202892, 2144241.6626554178074 ], [ 488873.817409467184916, 2144251.628233917523175 ], [ 488814.071009702340234, 2144262.484284446574748 ], [ 488799.120466915075667, 2144177.119207580573857 ], [ 488753.752271401230246, 2143934.352671675849706 ], [ 488726.33507177955471, 2143937.007499156054109 ], [ 488701.961109924071934, 2143939.367647695355117 ], [ 488692.832259080780204, 2143940.251600996125489 ], [ 488650.940947935858276, 2143943.783349925652146 ], [ 488695.309553836763371, 2144187.957691579591483 ], [ 488746.101572513172869, 2144182.654641559813172 ], [ 488761.946091734222136, 2144271.964327116962522 ], [ 488788.858306309266482, 2144423.444289442617446 ] ] ] ] } },
{ "type": "Feature", "properties": { "fid": 3, "ID": 1720, "ENTIDAD": 9, "DISTRITO_F": 13, "DISTRITO_L": 15, "MUNICIPIO": 6, "SECCION": 1725, "TIPO": 2, "CONTROL": 40764, "GEOMETRY1_": null, "CONCENTRAD": null, "CONCENTR_1": null, "CONCENTR_2": null, "CONCENTR_3": null, "CONCENTR_4": null, "CONCENTR_5": null, "CONCENTR_6": null, "CONCENTR_7": null, "CONCENTR_8": null, "CONCENTR_9": null, "CONCENTR10": null, "CONCENTR11": null, "CONCENTR12": null, "CONCENTR13": null, "CONCENTR14": null, "CONCENTR15": null, "CONCENTR16": null, "CONCENTR17": null, "CONCENTR18": null, "CONCENTR19": null, "CONCENTR20": null, "CONCENTR21": null, "CONCENTR22": null, "CONCENTR23": null, "layer": "Ruta 21", "path": "D:/Atlas de Riesgos 2024/SHAPE/Secciones Electorares Distrito 15/Rutas/Ruta 21.gpkg|layername=Ruta 21" }, "geometry": { "type": "MultiPolygon", "coordinates": [ [ [ [ 488581.578362474043388, 2144443.127875012345612 ], [ 488589.258645426074509, 2144442.241245981771499 ], [ 488626.506359278864693, 2144439.098934392910451 ], [ 488634.144769403734244, 2144438.40209514182061 ], [ 488662.777176905772649, 2144435.998721132520586 ], [ 488683.653261927131098, 2144433.796601962298155 ], [ 488699.737197189184371, 2144432.237993251997977 ], [ 488736.943819848238491, 2144428.265475193038583 ], [ 488773.101277525420301, 2144425.062413862440735 ], [ 488788.858306309266482, 2144423.444289442617446 ], [ 488761.946091734222136, 2144271.964327116962522 ], [ 488746.101572513172869, 2144182.654641559813172 ], [ 488695.309553836763371, 2144187.957691579591483 ], [ 488644.314707526820712, 2144192.557886708993465 ], [ 488590.529852532083169, 2144197.929328488651663 ], [ 488539.60206967178965, 2144202.362352358642966 ], [ 488565.142581444000825, 2144348.856343484483659 ], [ 488581.578362474043388, 2144443.127875012345612 ] ] ] ] } },
{ "type": "Feature", "properties": { "fid": 4, "ID": 1721, "ENTIDAD": 9, "DISTRITO_F": 13, "DISTRITO_L": 15, "MUNICIPIO": 6, "SECCION": 1726, "TIPO": 2, "CONTROL": 40765, "GEOMETRY1_": null, "CONCENTRAD": null, "CONCENTR_1": null, "CONCENTR_2": null, "CONCENTR_3": null, "CONCENTR_4": null, "CONCENTR_5": null, "CONCENTR_6": null, "CONCENTR_7": null, "CONCENTR_8": null, "CONCENTR_9": null, "CONCENTR10": null, "CONCENTR11": null, "CONCENTR12": null, "CONCENTR13": null, "CONCENTR14": null, "CONCENTR15": null, "CONCENTR16": null, "CONCENTR17": null, "CONCENTR18": null, "CONCENTR19": null, "CONCENTR20": null, "CONCENTR21": null, "CONCENTR22": null, "CONCENTR23": null, "layer": "Ruta 21", "path": "D:/Atlas de Riesgos 2024/SHAPE/Secciones Electorares Distrito 15/Rutas/Ruta 21.gpkg|layername=Ruta 21" }, "geometry": { "type": "MultiPolygon", "coordinates": [ [ [ [ 488361.265554539510049, 2144465.82225726172328 ], [ 488400.446336233522743, 2144461.379598530940711 ], [ 488413.332057057938073, 2144460.096456771716475 ], [ 488441.359657514607534, 2144457.71265091188252 ], [ 488478.703693256538827, 2144454.847416762262583 ], [ 488514.968358904705383, 2144450.797423251904547 ], [ 488531.793664143537171, 2144448.808821061626077 ], [ 488551.820140842639375, 2144446.306010281667113 ], [ 488581.578362474043388, 2144443.127875012345612 ], [ 488565.142581444000825, 2144348.856343484483659 ], [ 488539.60206967178965, 2144202.362352358642966 ], [ 488488.380534676893149, 2144207.622281427960843 ], [ 488425.870373132580426, 2144214.050720858387649 ], [ 488371.306860030686948, 2144219.661940386984497 ], [ 488319.359948451281525, 2144224.73575282888487 ], [ 488361.265554539510049, 2144465.82225726172328 ] ] ] ] } },
{ "type": "Feature", "properties": { "fid": 5, "ID": 1736, "ENTIDAD": 9, "DISTRITO_F": 13, "DISTRITO_L": 15, "MUNICIPIO": 6, "SECCION": 1741, "TIPO": 2, "CONTROL": 40763, "GEOMETRY1_": null, "CONCENTRAD": null, "CONCENTR_1": null, "CONCENTR_2": null, "CONCENTR_3": null, "CONCENTR_4": null, "CONCENTR_5": null, "CONCENTR_6": null, "CONCENTR_7": null, "CONCENTR_8": null, "CONCENTR_9": null, "CONCENTR10": null, "CONCENTR11": null, "CONCENTR12": null, "CONCENTR13": null, "CONCENTR14": null, "CONCENTR15": null, "CONCENTR16": null, "CONCENTR17": null, "CONCENTR18": null, "CONCENTR19": null, "CONCENTR20": null, "CONCENTR21": null, "CONCENTR22": null, "CONCENTR23": null, "layer": "Ruta 21", "path": "D:/Atlas de Riesgos 2024/SHAPE/Secciones Electorares Distrito 15/Rutas/Ruta 21.gpkg|layername=Ruta 21" }, "geometry": { "type": "MultiPolygon", "coordinates": [ [ [ [ 488539.60206967178965, 2144202.362352358642966 ], [ 488590.529852532083169, 2144197.929328488651663 ], [ 488644.314707526820712, 2144192.557886708993465 ], [ 488695.309553836763371, 2144187.957691579591483 ], [ 488650.940947935858276, 2143943.783349925652146 ], [ 488599.194204384810291, 2143949.318642306141555 ], [ 488546.062087048776448, 2143952.183555716183037 ], [ 488509.18195955484407, 2143954.172152765095234 ], [ 488492.929969714081381, 2143955.048469125758857 ], [ 488539.60206967178965, 2144202.362352358642966 ] ] ] ] } },
{ "type": "Feature", "properties": { "fid": 1, "ID": 1698, "ENTIDAD": 9, "DISTRITO_F": 13, "DISTRITO_L": 15, "MUNICIPIO": 6, "SECCION": 1703, "TIPO": 2, "CONTROL": 40754, "GEOMETRY1_": null, "CONCENTRAD": null, "CONCENTR_1": null, "CONCENTR_2": null, "CONCENTR_3": null, "CONCENTR_4": null, "CONCENTR_5": null, "CONCENTR_6": null, "CONCENTR_7": null, "CONCENTR_8": null, "CONCENTR_9": null, "CONCENTR10": null, "CONCENTR11": null, "CONCENTR12": null, "CONCENTR13": null, "CONCENTR14": null, "CONCENTR15": null, "CONCENTR16": null, "CONCENTR17": null, "CONCENTR18": null, "CONCENTR19": null, "CONCENTR20": null, "CONCENTR21": null, "CONCENTR22": null, "CONCENTR23": null, "layer": "Ruta 22", "path": "D:/Atlas de Riesgos 2024/SHAPE/Secciones Electorares Distrito 15/Rutas/Ruta 22.gpkg|layername=Ruta 22" }, "geometry": { "type": "MultiPolygon", "coordinates": [ [ [ [ 488585.070016206009313, 2144787.166715802624822 ], [ 488620.7188295549131, 2144783.068869772832841 ], [ 488658.385464310355019, 2144778.739074332173914 ], [ 488696.052099068125244, 2144774.409278903156519 ], [ 488686.358473027066793, 2144678.123076695948839 ], [ 488676.939862736035138, 2144585.074846158269793 ], [ 488713.06020975112915, 2144581.653513447381556 ], [ 488707.966594651923515, 2144524.65781931951642 ], [ 488699.737197189184371, 2144432.237993251997977 ], [ 488683.653261927131098, 2144433.796601962298155 ], [ 488662.777176905772649, 2144435.998721132520586 ], [ 488634.144769403734244, 2144438.40209514182061 ], [ 488626.506359278864693, 2144439.098934392910451 ], [ 488589.258645426074509, 2144442.241245981771499 ], [ 488581.578362474043388, 2144443.127875012345612 ], [ 488551.820140842639375, 2144446.306010281667113 ], [ 488561.035663643211592, 2144538.591225819662213 ], [ 488566.400355163845234, 2144595.750618667341769 ], [ 488574.988666513119824, 2144689.172435335349292 ], [ 488585.070016206009313, 2144787.166715802624822 ] ] ] ] } },
{ "type": "Feature", "properties": { "fid": 2, "ID": 1699, "ENTIDAD": 9, "DISTRITO_F": 13, "DISTRITO_L": 15, "MUNICIPIO": 6, "SECCION": 1704, "TIPO": 2, "CONTROL": 40752, "GEOMETRY1_": null, "CONCENTRAD": null, "CONCENTR_1": null, "CONCENTR_2": null, "CONCENTR_3": null, "CONCENTR_4": null, "CONCENTR_5": null, "CONCENTR_6": null, "CONCENTR_7": null, "CONCENTR_8": null, "CONCENTR_9": null, "CONCENTR10": null, "CONCENTR11": null, "CONCENTR12": null, "CONCENTR13": null, "CONCENTR14": null, "CONCENTR15": null, "CONCENTR16": null, "CONCENTR17": null, "CONCENTR18": null, "CONCENTR19": null, "CONCENTR20": null, "CONCENTR21": null, "CONCENTR22": null, "CONCENTR23": null, "layer": "Ruta 22", "path": "D:/Atlas de Riesgos 2024/SHAPE/Secciones Electorares Distrito 15/Rutas/Ruta 22.gpkg|layername=Ruta 22" }, "geometry": { "type": "MultiPolygon", "coordinates": [ [ [ [ 488696.052099068125244, 2144774.409278903156519 ], [ 488730.475735817919485, 2144770.796069683041424 ], [ 488768.307486553210765, 2144766.825134502258152 ], [ 488805.270027758146171, 2144762.945434193592519 ], [ 488842.13869377959054, 2144759.075587303843349 ], [ 488879.007359804585576, 2144755.205740413162857 ], [ 488869.618581194255967, 2144660.697337746154517 ], [ 488860.714304263296071, 2144566.905635978095233 ], [ 488823.745880395232234, 2144570.02402784768492 ], [ 488786.813695585296955, 2144573.524137718603015 ], [ 488750.879717849195004, 2144577.484910598490387 ], [ 488713.06020975112915, 2144581.653513447381556 ], [ 488676.939862736035138, 2144585.074846158269793 ], [ 488686.358473027066793, 2144678.123076695948839 ], [ 488696.052099068125244, 2144774.409278903156519 ] ] ] ] } },
{ "type": "Feature", "properties": { "fid": 3, "ID": 1700, "ENTIDAD": 9, "DISTRITO_F": 13, "DISTRITO_L": 15, "MUNICIPIO": 6, "SECCION": 1705, "TIPO": 2, "CONTROL": 40751, "GEOMETRY1_": null, "CONCENTRAD": null, "CONCENTR_1": null, "CONCENTR_2": null, "CONCENTR_3": null, "CONCENTR_4": null, "CONCENTR_5": null, "CONCENTR_6": null, "CONCENTR_7": null, "CONCENTR_8": null, "CONCENTR_9": null, "CONCENTR10": null, "CONCENTR11": null, "CONCENTR12": null, "CONCENTR13": null, "CONCENTR14": null, "CONCENTR15": null, "CONCENTR16": null, "CONCENTR17": null, "CONCENTR18": null, "CONCENTR19": null, "CONCENTR20": null, "CONCENTR21": null, "CONCENTR22": null, "CONCENTR23": null, "layer": "Ruta 22", "path": "D:/Atlas de Riesgos 2024/SHAPE/Secciones Electorares Distrito 15/Rutas/Ruta 22.gpkg|layername=Ruta 22" }, "geometry": { "type": "MultiPolygon", "coordinates": [ [ [ [ 488879.007359804585576, 2144755.205740413162857 ], [ 488916.368365826550871, 2144751.529784943908453 ], [ 488952.872338270535693, 2144747.938153143506497 ], [ 488989.454637772752903, 2144744.338814723771065 ], [ 489027.715519196819514, 2144740.574320373591036 ], [ 489062.257240665494464, 2144737.175754773896188 ], [ 489101.226345657603815, 2144733.341578184161335 ], [ 489137.681530268979259, 2144729.754746634047478 ], [ 489174.136714880005457, 2144726.167915093246847 ], [ 489165.517760359973181, 2144632.485206637065858 ], [ 489128.384575973730534, 2144636.476925526279956 ], [ 489090.956089187006, 2144639.595221057068557 ], [ 489054.584826142818201, 2144643.082170386333019 ], [ 489017.579831768351141, 2144646.592966715805233 ], [ 489008.530407386773732, 2144553.079088978935033 ], [ 488971.578379763755947, 2144556.727507648523897 ], [ 488934.608688924228773, 2144560.209936239290982 ], [ 488943.847287290380336, 2144653.623148385901004 ], [ 488907.882969052297994, 2144657.052615805529058 ], [ 488869.618581194255967, 2144660.697337746154517 ], [ 488879.007359804585576, 2144755.205740413162857 ] ] ] ] } },
{ "type": "Feature", "properties": { "fid": 4, "ID": 1714, "ENTIDAD": 9, "DISTRITO_F": 13, "DISTRITO_L": 15, "MUNICIPIO": 6, "SECCION": 1719, "TIPO": 2, "CONTROL": 40733, "GEOMETRY1_": null, "CONCENTRAD": null, "CONCENTR_1": null, "CONCENTR_2": null, "CONCENTR_3": null, "CONCENTR_4": null, "CONCENTR_5": null, "CONCENTR_6": null, "CONCENTR_7": null, "CONCENTR_8": null, "CONCENTR_9": null, "CONCENTR10": null, "CONCENTR11": null, "CONCENTR12": null, "CONCENTR13": null, "CONCENTR14": null, "CONCENTR15": null, "CONCENTR16": null, "CONCENTR17": null, "CONCENTR18": null, "CONCENTR19": null, "CONCENTR20": null, "CONCENTR21": null, "CONCENTR22": null, "CONCENTR23": null, "layer": "Ruta 22", "path": "D:/Atlas de Riesgos 2024/SHAPE/Secciones Electorares Distrito 15/Rutas/Ruta 22.gpkg|layername=Ruta 22" }, "geometry": { "type": "MultiPolygon", "coordinates": [ [ [ [ 489017.579831768351141, 2144646.592966715805233 ], [ 489054.584826142818201, 2144643.082170386333019 ], [ 489090.956089187006, 2144639.595221057068557 ], [ 489128.384575973730534, 2144636.476925526279956 ], [ 489165.517760359973181, 2144632.485206637065858 ], [ 489154.934843396709766, 2144539.119708929676563 ], [ 489144.968898286751937, 2144540.200950489379466 ], [ 489139.44414527103072, 2144483.759300720877945 ], [ 489130.265065793762915, 2144389.88251988356933 ], [ 489093.565084999892861, 2144393.478993612807244 ], [ 489061.391551129112486, 2144396.404935683123767 ], [ 489055.979825820599217, 2144396.865547323599458 ], [ 489019.908875801949762, 2144400.611780572682619 ], [ 489006.792156847426668, 2144402.034678113181144 ], [ 488983.640783525363076, 2144404.117065403144807 ], [ 488992.405521124426741, 2144497.599456230644137 ], [ 489003.183706409763545, 2144496.529096879996359 ], [ 489008.530407386773732, 2144553.079088978935033 ], [ 489017.579831768351141, 2144646.592966715805233 ] ] ] ] } },
{ "type": "Feature", "properties": { "fid": 5, "ID": 1715, "ENTIDAD": 9, "DISTRITO_F": 13, "DISTRITO_L": 15, "MUNICIPIO": 6, "SECCION": 1720, "TIPO": 2, "CONTROL": 40753, "GEOMETRY1_": null, "CONCENTRAD": null, "CONCENTR_1": null, "CONCENTR_2": null, "CONCENTR_3": null, "CONCENTR_4": null, "CONCENTR_5": null, "CONCENTR_6": null, "CONCENTR_7": null, "CONCENTR_8": null, "CONCENTR_9": null, "CONCENTR10": null, "CONCENTR11": null, "CONCENTR12": null, "CONCENTR13": null, "CONCENTR14": null, "CONCENTR15": null, "CONCENTR16": null, "CONCENTR17": null, "CONCENTR18": null, "CONCENTR19": null, "CONCENTR20": null, "CONCENTR21": null, "CONCENTR22": null, "CONCENTR23": null, "layer": "Ruta 22", "path": "D:/Atlas de Riesgos 2024/SHAPE/Secciones Electorares Distrito 15/Rutas/Ruta 22.gpkg|layername=Ruta 22" }, "geometry": { "type": "MultiPolygon", "coordinates": [ [ [ [ 488869.618581194255967, 2144660.697337746154517 ], [ 488907.882969052297994, 2144657.052615805529058 ], [ 488943.847287290380336, 2144653.623148385901004 ], [ 488934.608688924228773, 2144560.209936239290982 ], [ 488971.578379763755947, 2144556.727507648523897 ], [ 489008.530407386773732, 2144553.079088978935033 ], [ 489003.183706409763545, 2144496.529096879996359 ], [ 488992.405521124426741, 2144497.599456230644137 ], [ 488983.640783525363076, 2144404.117065403144807 ], [ 488958.119519576779567, 2144406.243057762738317 ], [ 488952.623018741898704, 2144406.764505452942103 ], [ 488903.0255683172727, 2144412.447987862396985 ], [ 488868.551021999504883, 2144415.957329622935504 ], [ 488846.61222227831604, 2144418.412892952561378 ], [ 488841.460319665202405, 2144418.872623273171484 ], [ 488810.646713131223805, 2144421.374882882926613 ], [ 488788.858306309266482, 2144423.444289442617446 ], [ 488773.101277525420301, 2144425.062413862440735 ], [ 488736.943819848238491, 2144428.265475193038583 ], [ 488699.737197189184371, 2144432.237993251997977 ], [ 488707.966594651923515, 2144524.65781931951642 ], [ 488713.06020975112915, 2144581.653513447381556 ], [ 488750.879717849195004, 2144577.484910598490387 ], [ 488786.813695585296955, 2144573.524137718603015 ], [ 488823.745880395232234, 2144570.02402784768492 ], [ 488860.714304263296071, 2144566.905635978095233 ], [ 488869.618581194255967, 2144660.697337746154517 ] ] ] ] } },
{ "type": "Feature", "properties": { "fid": 1, "ID": 1701, "ENTIDAD": 9, "DISTRITO_F": 13, "DISTRITO_L": 15, "MUNICIPIO": 6, "SECCION": 1706, "TIPO": 2, "CONTROL": 40010, "GEOMETRY1_": null, "CONCENTRAD": null, "CONCENTR_1": null, "CONCENTR_2": null, "CONCENTR_3": null, "CONCENTR_4": null, "CONCENTR_5": null, "CONCENTR_6": null, "CONCENTR_7": null, "CONCENTR_8": null, "CONCENTR_9": null, "CONCENTR10": null, "CONCENTR11": null, "CONCENTR12": null, "CONCENTR13": null, "CONCENTR14": null, "CONCENTR15": null, "CONCENTR16": null, "CONCENTR17": null, "CONCENTR18": null, "CONCENTR19": null, "CONCENTR20": null, "CONCENTR21": null, "CONCENTR22": null, "CONCENTR23": null, "layer": "Ruta 23", "path": "D:/Atlas de Riesgos 2024/SHAPE/Secciones Electorares Distrito 15/Rutas/Ruta 23.gpkg|layername=Ruta 23" }, "geometry": { "type": "MultiPolygon", "coordinates": [ [ [ [ 489174.136714880005457, 2144726.167915093246847 ], [ 489198.753218275785912, 2144723.816581424325705 ], [ 489245.568927126121707, 2144719.344810974784195 ], [ 489286.310853927920107, 2144715.453199624083936 ], [ 489311.001999221218284, 2144713.094736264552921 ], [ 489347.519707035331521, 2144709.606616353616118 ], [ 489383.87903360236669, 2144706.133624794427305 ], [ 489420.253305807244033, 2144702.659205654636025 ], [ 489457.545233007345814, 2144699.097133404575288 ], [ 489495.105939083441626, 2144695.509387774392962 ], [ 489518.784418672148604, 2144693.2476528249681 ], [ 489509.989680346625391, 2144599.647463927511126 ], [ 489485.419532422616612, 2144601.980174107477069 ], [ 489448.769015169295017, 2144605.475075718015432 ], [ 489411.33886371931294, 2144608.857155347242951 ], [ 489374.882055434340145, 2144612.357807656284422 ], [ 489337.622337815235369, 2144616.073744746856391 ], [ 489302.309686030028388, 2144619.441070866305381 ], [ 489291.972694613155909, 2144525.706598509568721 ], [ 489267.03536543622613, 2144528.123256778810173 ], [ 489255.135963684006128, 2144529.271822198759764 ], [ 489233.773500772716943, 2144531.31992799974978 ], [ 489218.338458467158489, 2144532.823626139666885 ], [ 489180.791991218051407, 2144536.375094868708402 ], [ 489154.934843396709766, 2144539.119708929676563 ], [ 489165.517760359973181, 2144632.485206637065858 ], [ 489174.136714880005457, 2144726.167915093246847 ] ] ] ] } },
{ "type": "Feature", "properties": { "fid": 2, "ID": 1712, "ENTIDAD": 9, "DISTRITO_F": 13, "DISTRITO_L": 15, "MUNICIPIO": 6, "SECCION": 1717, "TIPO": 2, "CONTROL": 40011, "GEOMETRY1_": null, "CONCENTRAD": null, "CONCENTR_1": null, "CONCENTR_2": null, "CONCENTR_3": null, "CONCENTR_4": null, "CONCENTR_5": null, "CONCENTR_6": null, "CONCENTR_7": null, "CONCENTR_8": null, "CONCENTR_9": null, "CONCENTR10": null, "CONCENTR11": null, "CONCENTR12": null, "CONCENTR13": null, "CONCENTR14": null, "CONCENTR15": null, "CONCENTR16": null, "CONCENTR17": null, "CONCENTR18": null, "CONCENTR19": null, "CONCENTR20": null, "CONCENTR21": null, "CONCENTR22": null, "CONCENTR23": null, "layer": "Ruta 23", "path": "D:/Atlas de Riesgos 2024/SHAPE/Secciones Electorares Distrito 15/Rutas/Ruta 23.gpkg|layername=Ruta 23" }, "geometry": { "type": "MultiPolygon", "coordinates": [ [ [ [ 489302.309686030028388, 2144619.441070866305381 ], [ 489337.622337815235369, 2144616.073744746856391 ], [ 489374.882055434340145, 2144612.357807656284422 ], [ 489411.33886371931294, 2144608.857155347242951 ], [ 489448.769015169295017, 2144605.475075718015432 ], [ 489485.419532422616612, 2144601.980174107477069 ], [ 489509.989680346625391, 2144599.647463927511126 ], [ 489503.074537710577715, 2144525.869563969783485 ], [ 489500.703636809368618, 2144505.568904821295291 ], [ 489495.950752847420517, 2144449.970485021360219 ], [ 489487.229167174664326, 2144357.047926004510373 ], [ 489460.614720833254978, 2144359.341962274163961 ], [ 489425.505029703374021, 2144362.593846503645182 ], [ 489434.300370348268189, 2144455.814333922229707 ], [ 489396.941999494156335, 2144459.355539451818913 ], [ 489359.585869726259261, 2144462.896532540675253 ], [ 489323.31010985118337, 2144466.335117211099714 ], [ 489286.117041080316994, 2144469.901419901289046 ], [ 489291.972694613155909, 2144525.706598509568721 ], [ 489302.309686030028388, 2144619.441070866305381 ] ] ] ] } },
{ "type": "Feature", "properties": { "fid": 3, "ID": 1713, "ENTIDAD": 9, "DISTRITO_F": 13, "DISTRITO_L": 15, "MUNICIPIO": 6, "SECCION": 1718, "TIPO": 2, "CONTROL": 40012, "GEOMETRY1_": null, "CONCENTRAD": null, "CONCENTR_1": null, "CONCENTR_2": null, "CONCENTR_3": null, "CONCENTR_4": null, "CONCENTR_5": null, "CONCENTR_6": null, "CONCENTR_7": null, "CONCENTR_8": null, "CONCENTR_9": null, "CONCENTR10": null, "CONCENTR11": null, "CONCENTR12": null, "CONCENTR13": null, "CONCENTR14": null, "CONCENTR15": null, "CONCENTR16": null, "CONCENTR17": null, "CONCENTR18": null, "CONCENTR19": null, "CONCENTR20": null, "CONCENTR21": null, "CONCENTR22": null, "CONCENTR23": null, "layer": "Ruta 23", "path": "D:/Atlas de Riesgos 2024/SHAPE/Secciones Electorares Distrito 15/Rutas/Ruta 23.gpkg|layername=Ruta 23" }, "geometry": { "type": "MultiPolygon", "coordinates": [ [ [ [ 489144.968898286751937, 2144540.200950489379466 ], [ 489154.934843396709766, 2144539.119708929676563 ], [ 489180.791991218051407, 2144536.375094868708402 ], [ 489218.338458467158489, 2144532.823626139666885 ], [ 489233.773500772716943, 2144531.31992799974978 ], [ 489255.135963684006128, 2144529.271822198759764 ], [ 489267.03536543622613, 2144528.123256778810173 ], [ 489291.972694613155909, 2144525.706598509568721 ], [ 489286.117041080316994, 2144469.901419901289046 ], [ 489323.31010985118337, 2144466.335117211099714 ], [ 489359.585869726259261, 2144462.896532540675253 ], [ 489396.941999494156335, 2144459.355539451818913 ], [ 489434.300370348268189, 2144455.814333922229707 ], [ 489425.505029703374021, 2144362.593846503645182 ], [ 489388.356045732216444, 2144366.089816384017467 ], [ 489351.19880850793561, 2144369.605663993861526 ], [ 489315.221986078191549, 2144373.028042424004525 ], [ 489277.986392154125497, 2144376.934588194359094 ], [ 489240.576360643957742, 2144380.210850993636996 ], [ 489203.077834712807089, 2144383.965723643545061 ], [ 489167.685007537831552, 2144386.754822513088584 ], [ 489145.805926106811967, 2144388.785194924101233 ], [ 489130.265065793762915, 2144389.88251988356933 ], [ 489139.44414527103072, 2144483.759300720877945 ], [ 489144.968898286751937, 2144540.200950489379466 ] ] ] ] } },
{ "type": "Feature", "properties": { "fid": 4, "ID": 1716, "ENTIDAD": 9, "DISTRITO_F": 13, "DISTRITO_L": 15, "MUNICIPIO": 6, "SECCION": 1721, "TIPO": 2, "CONTROL": 40014, "GEOMETRY1_": null, "CONCENTRAD": null, "CONCENTR_1": null, "CONCENTR_2": null, "CONCENTR_3": null, "CONCENTR_4": null, "CONCENTR_5": null, "CONCENTR_6": null, "CONCENTR_7": null, "CONCENTR_8": null, "CONCENTR_9": null, "CONCENTR10": null, "CONCENTR11": null, "CONCENTR12": null, "CONCENTR13": null, "CONCENTR14": null, "CONCENTR15": null, "CONCENTR16": null, "CONCENTR17": null, "CONCENTR18": null, "CONCENTR19": null, "CONCENTR20": null, "CONCENTR21": null, "CONCENTR22": null, "CONCENTR23": null, "layer": "Ruta 23", "path": "D:/Atlas de Riesgos 2024/SHAPE/Secciones Electorares Distrito 15/Rutas/Ruta 23.gpkg|layername=Ruta 23" }, "geometry": { "type": "MultiPolygon", "coordinates": [ [ [ [ 489315.221986078191549, 2144373.028042424004525 ], [ 489351.19880850793561, 2144369.605663993861526 ], [ 489388.356045732216444, 2144366.089816384017467 ], [ 489425.505029703374021, 2144362.593846503645182 ], [ 489460.614720833254978, 2144359.341962274163961 ], [ 489487.229167174664326, 2144357.047926004510373 ], [ 489478.182778132264502, 2144260.664808136876673 ], [ 489471.846115544147324, 2144206.027463478036225 ], [ 489462.672219755128026, 2144110.919718470890075 ], [ 489423.589487875113264, 2144114.818821831140667 ], [ 489384.522099060297478, 2144118.841707640327513 ], [ 489350.058030669402797, 2144122.310854420531541 ], [ 489359.339522285154089, 2144216.843796228058636 ], [ 489322.318994868313894, 2144220.148596657440066 ], [ 489285.322119231976103, 2144223.672109458129853 ], [ 489289.414615460380446, 2144278.043833896052092 ], [ 489306.463192036026157, 2144276.524790826719254 ], [ 489315.221986078191549, 2144373.028042424004525 ] ] ] ] } },
{ "type": "Feature", "properties": { "fid": 5, "ID": 1717, "ENTIDAD": 9, "DISTRITO_F": 13, "DISTRITO_L": 15, "MUNICIPIO": 6, "SECCION": 1722, "TIPO": 2, "CONTROL": 40013, "GEOMETRY1_": null, "CONCENTRAD": null, "CONCENTR_1": null, "CONCENTR_2": null, "CONCENTR_3": null, "CONCENTR_4": null, "CONCENTR_5": null, "CONCENTR_6": null, "CONCENTR_7": null, "CONCENTR_8": null, "CONCENTR_9": null, "CONCENTR10": null, "CONCENTR11": null, "CONCENTR12": null, "CONCENTR13": null, "CONCENTR14": null, "CONCENTR15": null, "CONCENTR16": null, "CONCENTR17": null, "CONCENTR18": null, "CONCENTR19": null, "CONCENTR20": null, "CONCENTR21": null, "CONCENTR22": null, "CONCENTR23": null, "layer": "Ruta 23", "path": "D:/Atlas de Riesgos 2024/SHAPE/Secciones Electorares Distrito 15/Rutas/Ruta 23.gpkg|layername=Ruta 23" }, "geometry": { "type": "MultiPolygon", "coordinates": [ [ [ [ 489145.805926106811967, 2144388.785194924101233 ], [ 489167.685007537831552, 2144386.754822513088584 ], [ 489203.077834712807089, 2144383.965723643545061 ], [ 489240.576360643957742, 2144380.210850993636996 ], [ 489277.986392154125497, 2144376.934588194359094 ], [ 489315.221986078191549, 2144373.028042424004525 ], [ 489306.463192036026157, 2144276.524790826719254 ], [ 489289.414615460380446, 2144278.043833896052092 ], [ 489285.322119231976103, 2144223.672109458129853 ], [ 489248.084829375729896, 2144227.218518847599626 ], [ 489212.122662603273056, 2144231.489996747113764 ], [ 489174.458548445894849, 2144235.261398767586797 ], [ 489165.256343877583276, 2144140.160226279869676 ], [ 489123.557094387884717, 2144144.110991650260985 ], [ 489092.116211357119028, 2144147.329350470565259 ], [ 489096.263570352282841, 2144180.36943813925609 ], [ 489109.784974667651113, 2144288.033050806261599 ], [ 489134.794398836849723, 2144285.287879156880081 ], [ 489145.805926106811967, 2144388.785194924101233 ] ] ] ] } },
{ "type": "Feature", "properties": { "fid": 1, "ID": 1739, "ENTIDAD": 9, "DISTRITO_F": 13, "DISTRITO_L": 15, "MUNICIPIO": 6, "SECCION": 1744, "TIPO": 2, "CONTROL": 40016, "GEOMETRY1_": null, "CONCENTRAD": null, "CONCENTR_1": null, "CONCENTR_2": null, "CONCENTR_3": null, "CONCENTR_4": null, "CONCENTR_5": null, "CONCENTR_6": null, "CONCENTR_7": null, "CONCENTR_8": null, "CONCENTR_9": null, "CONCENTR10": null, "CONCENTR11": null, "CONCENTR12": null, "CONCENTR13": null, "CONCENTR14": null, "CONCENTR15": null, "CONCENTR16": null, "CONCENTR17": null, "CONCENTR18": null, "CONCENTR19": null, "CONCENTR20": null, "CONCENTR21": null, "CONCENTR22": null, "CONCENTR23": null, "layer": "Ruta 24", "path": "D:/Atlas de Riesgos 2024/SHAPE/Secciones Electorares Distrito 15/Rutas/Ruta 24.gpkg|layername=Ruta 24" }, "geometry": { "type": "MultiPolygon", "coordinates": [ [ [ [ 489174.458548445894849, 2144235.261398767586797 ], [ 489212.122662603273056, 2144231.489996747113764 ], [ 489248.084829375729896, 2144227.218518847599626 ], [ 489285.322119231976103, 2144223.672109458129853 ], [ 489276.216348643938545, 2144129.580491460394114 ], [ 489266.658509511209559, 2144034.25707908347249 ], [ 489261.244782906083856, 2143979.375269714742899 ], [ 489252.328317476960365, 2143884.555196098051965 ], [ 489214.140505247982219, 2143888.251958857290447 ], [ 489178.624065172101837, 2143892.449022807646543 ], [ 489141.445374261937104, 2143895.985485107172281 ], [ 489150.660968723823316, 2143990.487850664183497 ], [ 489155.952565561805386, 2144044.745943332556635 ], [ 489165.256343877583276, 2144140.160226279869676 ], [ 489174.458548445894849, 2144235.261398767586797 ] ] ] ] } },
{ "type": "Feature", "properties": { "fid": 2, "ID": 1740, "ENTIDAD": 9, "DISTRITO_F": 13, "DISTRITO_L": 15, "MUNICIPIO": 6, "SECCION": 1745, "TIPO": 2, "CONTROL": 40015, "GEOMETRY1_": null, "CONCENTRAD": null, "CONCENTR_1": null, "CONCENTR_2": null, "CONCENTR_3": null, "CONCENTR_4": null, "CONCENTR_5": null, "CONCENTR_6": null, "CONCENTR_7": null, "CONCENTR_8": null, "CONCENTR_9": null, "CONCENTR10": null, "CONCENTR11": null, "CONCENTR12": null, "CONCENTR13": null, "CONCENTR14": null, "CONCENTR15": null, "CONCENTR16": null, "CONCENTR17": null, "CONCENTR18": null, "CONCENTR19": null, "CONCENTR20": null, "CONCENTR21": null, "CONCENTR22": null, "CONCENTR23": null, "layer": "Ruta 24", "path": "D:/Atlas de Riesgos 2024/SHAPE/Secciones Electorares Distrito 15/Rutas/Ruta 24.gpkg|layername=Ruta 24" }, "geometry": { "type": "MultiPolygon", "coordinates": [ [ [ [ 489285.322119231976103, 2144223.672109458129853 ], [ 489322.318994868313894, 2144220.148596657440066 ], [ 489359.339522285154089, 2144216.843796228058636 ], [ 489350.058030669402797, 2144122.310854420531541 ], [ 489384.522099060297478, 2144118.841707640327513 ], [ 489423.589487875113264, 2144114.818821831140667 ], [ 489462.672219755128026, 2144110.919718470890075 ], [ 489453.349028441589326, 2144016.5690360032022 ], [ 489448.21177701454144, 2143962.324052904732525 ], [ 489408.880706173134968, 2143966.04681987548247 ], [ 489371.442338789231144, 2143969.590438575018197 ], [ 489334.761049899097998, 2143972.630615544505417 ], [ 489297.563617821899243, 2143976.063173894770443 ], [ 489261.244782906083856, 2143979.375269714742899 ], [ 489266.658509511209559, 2144034.25707908347249 ], [ 489276.216348643938545, 2144129.580491460394114 ], [ 489285.322119231976103, 2144223.672109458129853 ] ] ] ] } },
{ "type": "Feature", "properties": { "fid": 3, "ID": 1758, "ENTIDAD": 9, "DISTRITO_F": 13, "DISTRITO_L": 15, "MUNICIPIO": 6, "SECCION": 1763, "TIPO": 2, "CONTROL": 40018, "GEOMETRY1_": null, "CONCENTRAD": null, "CONCENTR_1": null, "CONCENTR_2": null, "CONCENTR_3": null, "CONCENTR_4": null, "CONCENTR_5": null, "CONCENTR_6": null, "CONCENTR_7": null, "CONCENTR_8": null, "CONCENTR_9": null, "CONCENTR10": null, "CONCENTR11": null, "CONCENTR12": null, "CONCENTR13": null, "CONCENTR14": null, "CONCENTR15": null, "CONCENTR16": null, "CONCENTR17": null, "CONCENTR18": null, "CONCENTR19": null, "CONCENTR20": null, "CONCENTR21": null, "CONCENTR22": null, "CONCENTR23": null, "layer": "Ruta 24", "path": "D:/Atlas de Riesgos 2024/SHAPE/Secciones Electorares Distrito 15/Rutas/Ruta 24.gpkg|layername=Ruta 24" }, "geometry": { "type": "MultiPolygon", "coordinates": [ [ [ [ 489478.182778132264502, 2144260.664808136876673 ], [ 489548.028322914615273, 2144253.766481187194586 ], [ 489563.169417659693863, 2144252.271064087282866 ], [ 489599.987676094693597, 2144248.634692067746073 ], [ 489594.578918984800112, 2144196.058063548523933 ], [ 489585.24329109233804, 2144096.813279641326517 ], [ 489577.29072403855389, 2144007.066499413456768 ], [ 489571.755360359849874, 2143949.049251515883952 ], [ 489562.982889926526695, 2143857.266498897224665 ], [ 489554.997272751643322, 2143759.025969860609621 ], [ 489520.012919288594276, 2143659.670407633762807 ], [ 489516.912078026682138, 2143650.864018593914807 ], [ 489494.141177582554519, 2143492.288763008080423 ], [ 489484.234896273352206, 2143498.05291154794395 ], [ 489463.317741840612143, 2143510.223935298155993 ], [ 489448.028911400702782, 2143513.794746007304639 ], [ 489419.166417434345931, 2143520.898618217092007 ], [ 489423.539853028429206, 2143557.841983256861567 ], [ 489429.462816216691863, 2143600.98978534527123 ], [ 489432.505919825518504, 2143633.449552153702825 ], [ 489427.434083499072585, 2143745.03000082122162 ], [ 489393.75181487784721, 2143757.593259521294385 ], [ 489311.284120076219551, 2143785.605289479717612 ], [ 489315.950543420040049, 2143809.177055839449167 ], [ 489281.656015858228784, 2143817.927799209486693 ], [ 489262.909489677054808, 2143822.844920829869807 ], [ 489245.392243901500478, 2143827.762042448855937 ], [ 489252.328317476960365, 2143884.555196098051965 ], [ 489261.244782906083856, 2143979.375269714742899 ], [ 489297.563617821899243, 2143976.063173894770443 ], [ 489334.761049899097998, 2143972.630615544505417 ], [ 489371.442338789231144, 2143969.590438575018197 ], [ 489408.880706173134968, 2143966.04681987548247 ], [ 489448.21177701454144, 2143962.324052904732525 ], [ 489453.349028441589326, 2144016.5690360032022 ], [ 489462.672219755128026, 2144110.919718470890075 ], [ 489471.846115544147324, 2144206.027463478036225 ], [ 489478.182778132264502, 2144260.664808136876673 ] ] ] ] } },
{ "type": "Feature", "properties": { "fid": 4, "ID": 1759, "ENTIDAD": 9, "DISTRITO_F": 13, "DISTRITO_L": 15, "MUNICIPIO": 6, "SECCION": 1764, "TIPO": 2, "CONTROL": 40019, "GEOMETRY1_": null, "CONCENTRAD": null, "CONCENTR_1": null, "CONCENTR_2": null, "CONCENTR_3": null, "CONCENTR_4": null, "CONCENTR_5": null, "CONCENTR_6": null, "CONCENTR_7": null, "CONCENTR_8": null, "CONCENTR_9": null, "CONCENTR10": null, "CONCENTR11": null, "CONCENTR12": null, "CONCENTR13": null, "CONCENTR14": null, "CONCENTR15": null, "CONCENTR16": null, "CONCENTR17": null, "CONCENTR18": null, "CONCENTR19": null, "CONCENTR20": null, "CONCENTR21": null, "CONCENTR22": null, "CONCENTR23": null, "layer": "Ruta 24", "path": "D:/Atlas de Riesgos 2024/SHAPE/Secciones Electorares Distrito 15/Rutas/Ruta 24.gpkg|layername=Ruta 24" }, "geometry": { "type": "MultiPolygon", "coordinates": [ [ [ [ 489208.513831742282491, 2143837.596285698004067 ], [ 489245.392243901500478, 2143827.762042448855937 ], [ 489262.909489677054808, 2143822.844920829869807 ], [ 489281.656015858228784, 2143817.927799209486693 ], [ 489315.950543420040049, 2143809.177055839449167 ], [ 489311.284120076219551, 2143785.605289479717612 ], [ 489393.75181487784721, 2143757.593259521294385 ], [ 489427.434083499072585, 2143745.03000082122162 ], [ 489432.505919825518504, 2143633.449552153702825 ], [ 489429.462816216691863, 2143600.98978534527123 ], [ 489423.539853028429206, 2143557.841983256861567 ], [ 489419.166417434345931, 2143520.898618217092007 ], [ 489330.766949646931607, 2143544.929398636799306 ], [ 489270.120977328799199, 2143560.217575876507908 ], [ 489257.134295407100581, 2143563.491374395787716 ], [ 489221.468173891014885, 2143572.473220456857234 ], [ 489209.875503843009938, 2143575.392617725301534 ], [ 489162.133596256957389, 2143587.421050186268985 ], [ 489112.064025897649117, 2143600.024610225111246 ], [ 489068.382007415522821, 2143611.127094734460115 ], [ 489054.731216843880247, 2143614.596661755349487 ], [ 489084.577810494811274, 2143757.202419680543244 ], [ 489140.870433770178352, 2143746.37691367091611 ], [ 489189.67012288904516, 2143737.71988679189235 ], [ 489192.633361760468688, 2143752.141347831115127 ], [ 489208.513831742282491, 2143837.596285698004067 ] ] ] ] } },
{ "type": "Feature", "properties": { "fid": 5, "ID": 1760, "ENTIDAD": 9, "DISTRITO_F": 13, "DISTRITO_L": 15, "MUNICIPIO": 6, "SECCION": 1765, "TIPO": 2, "CONTROL": 40020, "GEOMETRY1_": null, "CONCENTRAD": null, "CONCENTR_1": null, "CONCENTR_2": null, "CONCENTR_3": null, "CONCENTR_4": null, "CONCENTR_5": null, "CONCENTR_6": null, "CONCENTR_7": null, "CONCENTR_8": null, "CONCENTR_9": null, "CONCENTR10": null, "CONCENTR11": null, "CONCENTR12": null, "CONCENTR13": null, "CONCENTR14": null, "CONCENTR15": null, "CONCENTR16": null, "CONCENTR17": null, "CONCENTR18": null, "CONCENTR19": null, "CONCENTR20": null, "CONCENTR21": null, "CONCENTR22": null, "CONCENTR23": null, "layer": "Ruta 24", "path": "D:/Atlas de Riesgos 2024/SHAPE/Secciones Electorares Distrito 15/Rutas/Ruta 24.gpkg|layername=Ruta 24" }, "geometry": { "type": "MultiPolygon", "coordinates": [ [ [ [ 488973.229200456349645, 2143911.739386316854507 ], [ 489001.064202709530946, 2143909.961143456399441 ], [ 489015.702486815571319, 2143907.761647766921669 ], [ 489059.539607605780475, 2143903.656182437203825 ], [ 489105.426441028073896, 2143899.668253587558866 ], [ 489141.445374261937104, 2143895.985485107172281 ], [ 489178.624065172101837, 2143892.449022807646543 ], [ 489214.140505247982219, 2143888.251958857290447 ], [ 489252.328317476960365, 2143884.555196098051965 ], [ 489245.392243901500478, 2143827.762042448855937 ], [ 489208.513831742282491, 2143837.596285698004067 ], [ 489192.633361760468688, 2143752.141347831115127 ], [ 489189.67012288904516, 2143737.71988679189235 ], [ 489140.870433770178352, 2143746.37691367091611 ], [ 489084.577810494811274, 2143757.202419680543244 ], [ 489054.731216843880247, 2143614.596661755349487 ], [ 489016.072038085723761, 2143624.672572334297001 ], [ 489006.072726287646219, 2143627.400668684858829 ], [ 488969.625147100538015, 2143637.345032294280827 ], [ 488964.418787171249278, 2143638.689618653617799 ], [ 488925.708388131577522, 2143648.732998293824494 ], [ 488933.389453821640927, 2143691.208818532060832 ], [ 488939.898188698629383, 2143727.201721582561731 ], [ 488951.048211923392955, 2143788.860663389787078 ], [ 488963.03140634461306, 2143855.126990618184209 ], [ 488971.143965216644574, 2143899.988941627088934 ], [ 488973.229200456349645, 2143911.739386316854507 ] ] ] ] } },
{ "type": "Feature", "properties": { "fid": 1, "ID": 1718, "ENTIDAD": 9, "DISTRITO_F": 13, "DISTRITO_L": 15, "MUNICIPIO": 6, "SECCION": 1723, "TIPO": 2, "CONTROL": 40760, "GEOMETRY1_": null, "CONCENTRAD": null, "CONCENTR_1": null, "CONCENTR_2": null, "CONCENTR_3": null, "CONCENTR_4": null, "CONCENTR_5": null, "CONCENTR_6": null, "CONCENTR_7": null, "CONCENTR_8": null, "CONCENTR_9": null, "CONCENTR10": null, "CONCENTR11": null, "CONCENTR12": null, "CONCENTR13": null, "CONCENTR14": null, "CONCENTR15": null, "CONCENTR16": null, "CONCENTR17": null, "CONCENTR18": null, "CONCENTR19": null, "CONCENTR20": null, "CONCENTR21": null, "CONCENTR22": null, "CONCENTR23": null, "layer": "Ruta 25", "path": "D:/Atlas de Riesgos 2024/SHAPE/Secciones Electorares Distrito 15/Rutas/Ruta 25.gpkg|layername=Ruta 25" }, "geometry": { "type": "MultiPolygon", "coordinates": [ [ [ [ 488952.623018741898704, 2144406.764505452942103 ], [ 488958.119519576779567, 2144406.243057762738317 ], [ 488983.640783525363076, 2144404.117065403144807 ], [ 489006.792156847426668, 2144402.034678113181144 ], [ 489019.908875801949762, 2144400.611780572682619 ], [ 489055.979825820599217, 2144396.865547323599458 ], [ 489061.391551129112486, 2144396.404935683123767 ], [ 489093.565084999892861, 2144393.478993612807244 ], [ 489130.265065793762915, 2144389.88251988356933 ], [ 489145.805926106811967, 2144388.785194924101233 ], [ 489134.794398836849723, 2144285.287879156880081 ], [ 489109.784974667651113, 2144288.033050806261599 ], [ 489096.263570352282841, 2144180.36943813925609 ], [ 489092.116211357119028, 2144147.329350470565259 ], [ 489059.806645264790859, 2144150.822800380177796 ], [ 489051.296774650749285, 2144151.742924360092729 ], [ 489016.488154562423006, 2144155.506582779809833 ], [ 488964.26515593653312, 2144160.692266960162669 ], [ 488912.042056168429554, 2144165.877961189486086 ], [ 488925.317035727202892, 2144241.6626554178074 ], [ 488952.623018741898704, 2144406.764505452942103 ] ] ] ] } },
{ "type": "Feature", "properties": { "fid": 2, "ID": 1737, "ENTIDAD": 9, "DISTRITO_F": 13, "DISTRITO_L": 15, "MUNICIPIO": 6, "SECCION": 1742, "TIPO": 2, "CONTROL": 40761, "GEOMETRY1_": null, "CONCENTRAD": null, "CONCENTR_1": null, "CONCENTR_2": null, "CONCENTR_3": null, "CONCENTR_4": null, "CONCENTR_5": null, "CONCENTR_6": null, "CONCENTR_7": null, "CONCENTR_8": null, "CONCENTR_9": null, "CONCENTR10": null, "CONCENTR11": null, "CONCENTR12": null, "CONCENTR13": null, "CONCENTR14": null, "CONCENTR15": null, "CONCENTR16": null, "CONCENTR17": null, "CONCENTR18": null, "CONCENTR19": null, "CONCENTR20": null, "CONCENTR21": null, "CONCENTR22": null, "CONCENTR23": null, "layer": "Ruta 25", "path": "D:/Atlas de Riesgos 2024/SHAPE/Secciones Electorares Distrito 15/Rutas/Ruta 25.gpkg|layername=Ruta 25" }, "geometry": { "type": "MultiPolygon", "coordinates": [ [ [ [ 488814.071009702340234, 2144262.484284446574748 ], [ 488873.817409467184916, 2144251.628233917523175 ], [ 488925.317035727202892, 2144241.6626554178074 ], [ 488912.042056168429554, 2144165.877961189486086 ], [ 488964.26515593653312, 2144160.692266960162669 ], [ 489016.488154562423006, 2144155.506582779809833 ], [ 488999.657445765682496, 2144060.66437536245212 ], [ 488973.229200456349645, 2143911.739386316854507 ], [ 488971.143965216644574, 2143899.988941627088934 ], [ 488933.642904652340803, 2143903.768541886936873 ], [ 488900.795237445621751, 2143907.079142976552248 ], [ 488867.276910383370705, 2143910.457337527070194 ], [ 488792.332321534107905, 2143918.010739606805146 ], [ 488756.179609224956948, 2143921.654444596730173 ], [ 488749.737743726291228, 2143921.614630476105958 ], [ 488753.752271401230246, 2143934.352671675849706 ], [ 488799.120466915075667, 2144177.119207580573857 ], [ 488814.071009702340234, 2144262.484284446574748 ] ] ] ] } },
{ "type": "Feature", "properties": { "fid": 3, "ID": 1738, "ENTIDAD": 9, "DISTRITO_F": 13, "DISTRITO_L": 15, "MUNICIPIO": 6, "SECCION": 1743, "TIPO": 2, "CONTROL": 40021, "GEOMETRY1_": null, "CONCENTRAD": null, "CONCENTR_1": null, "CONCENTR_2": null, "CONCENTR_3": null, "CONCENTR_4": null, "CONCENTR_5": null, "CONCENTR_6": null, "CONCENTR_7": null, "CONCENTR_8": null, "CONCENTR_9": null, "CONCENTR10": null, "CONCENTR11": null, "CONCENTR12": null, "CONCENTR13": null, "CONCENTR14": null, "CONCENTR15": null, "CONCENTR16": null, "CONCENTR17": null, "CONCENTR18": null, "CONCENTR19": null, "CONCENTR20": null, "CONCENTR21": null, "CONCENTR22": null, "CONCENTR23": null, "layer": "Ruta 25", "path": "D:/Atlas de Riesgos 2024/SHAPE/Secciones Electorares Distrito 15/Rutas/Ruta 25.gpkg|layername=Ruta 25" }, "geometry": { "type": "MultiPolygon", "coordinates": [ [ [ [ 489016.488154562423006, 2144155.506582779809833 ], [ 489051.296774650749285, 2144151.742924360092729 ], [ 489059.806645264790859, 2144150.822800380177796 ], [ 489092.116211357119028, 2144147.329350470565259 ], [ 489123.557094387884717, 2144144.110991650260985 ], [ 489165.256343877583276, 2144140.160226279869676 ], [ 489155.952565561805386, 2144044.745943332556635 ], [ 489150.660968723823316, 2143990.487850664183497 ], [ 489141.445374261937104, 2143895.985485107172281 ], [ 489105.426441028073896, 2143899.668253587558866 ], [ 489059.539607605780475, 2143903.656182437203825 ], [ 489015.702486815571319, 2143907.761647766921669 ], [ 489001.064202709530946, 2143909.961143456399441 ], [ 488973.229200456349645, 2143911.739386316854507 ], [ 488999.657445765682496, 2144060.66437536245212 ], [ 489016.488154562423006, 2144155.506582779809833 ] ] ] ] } },
{ "type": "Feature", "properties": { "fid": 4, "ID": 1761, "ENTIDAD": 9, "DISTRITO_F": 13, "DISTRITO_L": 15, "MUNICIPIO": 6, "SECCION": 1766, "TIPO": 2, "CONTROL": 40771, "GEOMETRY1_": null, "CONCENTRAD": null, "CONCENTR_1": null, "CONCENTR_2": null, "CONCENTR_3": null, "CONCENTR_4": null, "CONCENTR_5": null, "CONCENTR_6": null, "CONCENTR_7": null, "CONCENTR_8": null, "CONCENTR_9": null, "CONCENTR10": null, "CONCENTR11": null, "CONCENTR12": null, "CONCENTR13": null, "CONCENTR14": null, "CONCENTR15": null, "CONCENTR16": null, "CONCENTR17": null, "CONCENTR18": null, "CONCENTR19": null, "CONCENTR20": null, "CONCENTR21": null, "CONCENTR22": null, "CONCENTR23": null, "layer": "Ruta 25", "path": "D:/Atlas de Riesgos 2024/SHAPE/Secciones Electorares Distrito 15/Rutas/Ruta 25.gpkg|layername=Ruta 25" }, "geometry": { "type": "MultiPolygon", "coordinates": [ [ [ [ 488792.332321534107905, 2143918.010739606805146 ], [ 488867.276910383370705, 2143910.457337527070194 ], [ 488900.795237445621751, 2143907.079142976552248 ], [ 488933.642904652340803, 2143903.768541886936873 ], [ 488971.143965216644574, 2143899.988941627088934 ], [ 488963.03140634461306, 2143855.126990618184209 ], [ 488951.048211923392955, 2143788.860663389787078 ], [ 488939.898188698629383, 2143727.201721582561731 ], [ 488933.389453821640927, 2143691.208818532060832 ], [ 488925.708388131577522, 2143648.732998293824494 ], [ 488870.757228668604512, 2143662.967108353041112 ], [ 488822.300490096560679, 2143675.518955432809889 ], [ 488784.358448868501, 2143685.347159172873944 ], [ 488796.21686795639107, 2143734.605520581360906 ], [ 488759.121966213511769, 2143743.717203160747886 ], [ 488774.981611411669292, 2143808.741745699662715 ], [ 488785.011795441154391, 2143871.520730067975819 ], [ 488792.332321534107905, 2143918.010739606805146 ] ] ] ] } },
{ "type": "Feature", "properties": { "fid": 5, "ID": 1762, "ENTIDAD": 9, "DISTRITO_F": 13, "DISTRITO_L": 15, "MUNICIPIO": 6, "SECCION": 1767, "TIPO": 2, "CONTROL": 40772, "GEOMETRY1_": null, "CONCENTRAD": null, "CONCENTR_1": null, "CONCENTR_2": null, "CONCENTR_3": null, "CONCENTR_4": null, "CONCENTR_5": null, "CONCENTR_6": null, "CONCENTR_7": null, "CONCENTR_8": null, "CONCENTR_9": null, "CONCENTR10": null, "CONCENTR11": null, "CONCENTR12": null, "CONCENTR13": null, "CONCENTR14": null, "CONCENTR15": null, "CONCENTR16": null, "CONCENTR17": null, "CONCENTR18": null, "CONCENTR19": null, "CONCENTR20": null, "CONCENTR21": null, "CONCENTR22": null, "CONCENTR23": null, "layer": "Ruta 25", "path": "D:/Atlas de Riesgos 2024/SHAPE/Secciones Electorares Distrito 15/Rutas/Ruta 25.gpkg|layername=Ruta 25" }, "geometry": { "type": "MultiPolygon", "coordinates": [ [ [ [ 488599.194204384810291, 2143949.318642306141555 ], [ 488650.940947935858276, 2143943.783349925652146 ], [ 488692.832259080780204, 2143940.251600996125489 ], [ 488701.961109924071934, 2143939.367647695355117 ], [ 488726.33507177955471, 2143937.007499156054109 ], [ 488753.752271401230246, 2143934.352671675849706 ], [ 488749.737743726291228, 2143921.614630476105958 ], [ 488756.179609224956948, 2143921.654444596730173 ], [ 488792.332321534107905, 2143918.010739606805146 ], [ 488785.011795441154391, 2143871.520730067975819 ], [ 488774.981611411669292, 2143808.741745699662715 ], [ 488759.121966213511769, 2143743.717203160747886 ], [ 488796.21686795639107, 2143734.605520581360906 ], [ 488784.358448868501, 2143685.347159172873944 ], [ 488752.111040909250733, 2143693.700270542874932 ], [ 488649.114917407045141, 2143721.121200811583549 ], [ 488614.994592273898888, 2143729.667232751846313 ], [ 488561.651258772821166, 2143744.406881911680102 ], [ 488598.073591009248048, 2143943.202263965271413 ], [ 488599.194204384810291, 2143949.318642306141555 ] ] ] ] } },
{ "type": "Feature", "properties": { "fid": 1, "ID": 1722, "ENTIDAD": 9, "DISTRITO_F": 13, "DISTRITO_L": 15, "MUNICIPIO": 6, "SECCION": 1727, "TIPO": 2, "CONTROL": 40767, "GEOMETRY1_": null, "CONCENTRAD": null, "CONCENTR_1": null, "CONCENTR_2": null, "CONCENTR_3": null, "CONCENTR_4": null, "CONCENTR_5": null, "CONCENTR_6": null, "CONCENTR_7": null, "CONCENTR_8": null, "CONCENTR_9": null, "CONCENTR10": null, "CONCENTR11": null, "CONCENTR12": null, "CONCENTR13": null, "CONCENTR14": null, "CONCENTR15": null, "CONCENTR16": null, "CONCENTR17": null, "CONCENTR18": null, "CONCENTR19": null, "CONCENTR20": null, "CONCENTR21": null, "CONCENTR22": null, "CONCENTR23": null, "layer": "Ruta 26", "path": "D:/Atlas de Riesgos 2024/SHAPE/Secciones Electorares Distrito 15/Rutas/Ruta 26.gpkg|layername=Ruta 26" }, "geometry": { "type": "MultiPolygon", "coordinates": [ [ [ [ 488258.02547082217643, 2144476.766957420855761 ], [ 488280.788170576386619, 2144474.482576680835336 ], [ 488311.587247869349085, 2144471.455216940958053 ], [ 488361.265554539510049, 2144465.82225726172328 ], [ 488319.359948451281525, 2144224.73575282888487 ], [ 488285.062376542249694, 2144032.288159174378961 ], [ 488275.51668410259299, 2143981.490938754752278 ], [ 488224.071480083046481, 2143986.978428454138339 ], [ 488233.62741079821717, 2144041.447229283396155 ], [ 488253.419214067282155, 2144142.755150930490345 ], [ 488199.272799583210144, 2144152.103126389440149 ], [ 488215.193598955695052, 2144239.291649368125945 ], [ 488258.02547082217643, 2144476.766957420855761 ] ] ] ] } },
{ "type": "Feature", "properties": { "fid": 2, "ID": 1734, "ENTIDAD": 9, "DISTRITO_F": 13, "DISTRITO_L": 15, "MUNICIPIO": 6, "SECCION": 1739, "TIPO": 2, "CONTROL": 40769, "GEOMETRY1_": null, "CONCENTRAD": null, "CONCENTR_1": null, "CONCENTR_2": null, "CONCENTR_3": null, "CONCENTR_4": null, "CONCENTR_5": null, "CONCENTR_6": null, "CONCENTR_7": null, "CONCENTR_8": null, "CONCENTR_9": null, "CONCENTR10": null, "CONCENTR11": null, "CONCENTR12": null, "CONCENTR13": null, "CONCENTR14": null, "CONCENTR15": null, "CONCENTR16": null, "CONCENTR17": null, "CONCENTR18": null, "CONCENTR19": null, "CONCENTR20": null, "CONCENTR21": null, "CONCENTR22": null, "CONCENTR23": null, "layer": "Ruta 26", "path": "D:/Atlas de Riesgos 2024/SHAPE/Secciones Electorares Distrito 15/Rutas/Ruta 26.gpkg|layername=Ruta 26" }, "geometry": { "type": "MultiPolygon", "coordinates": [ [ [ [ 488055.466574356949423, 2144265.422145907767117 ], [ 488112.774193027173169, 2144256.454213367309421 ], [ 488177.376526010921225, 2144245.451303047128022 ], [ 488215.193598955695052, 2144239.291649368125945 ], [ 488199.272799583210144, 2144152.103126389440149 ], [ 488253.419214067282155, 2144142.755150930490345 ], [ 488233.62741079821717, 2144041.447229283396155 ], [ 488224.071480083046481, 2143986.978428454138339 ], [ 488176.679534548311494, 2143991.521086703985929 ], [ 488172.49735160212731, 2144001.750381174497306 ], [ 488145.795802780252416, 2144058.779708242509514 ], [ 488140.724442877981346, 2144069.712639351375401 ], [ 488118.490793529490475, 2144117.270419810432941 ], [ 488100.783889859972987, 2144155.145490339957178 ], [ 488093.438568990037311, 2144170.857133169192821 ], [ 488078.921773402835242, 2144201.908561869058758 ], [ 488070.994839292892721, 2144218.86427554814145 ], [ 488069.533268001163378, 2144223.246455197688192 ], [ 488055.466574356949423, 2144265.422145907767117 ] ] ] ] } },
{ "type": "Feature", "properties": { "fid": 3, "ID": 1735, "ENTIDAD": 9, "DISTRITO_F": 13, "DISTRITO_L": 15, "MUNICIPIO": 6, "SECCION": 1740, "TIPO": 2, "CONTROL": 40766, "GEOMETRY1_": null, "CONCENTRAD": null, "CONCENTR_1": null, "CONCENTR_2": null, "CONCENTR_3": null, "CONCENTR_4": null, "CONCENTR_5": null, "CONCENTR_6": null, "CONCENTR_7": null, "CONCENTR_8": null, "CONCENTR_9": null, "CONCENTR10": null, "CONCENTR11": null, "CONCENTR12": null, "CONCENTR13": null, "CONCENTR14": null, "CONCENTR15": null, "CONCENTR16": null, "CONCENTR17": null, "CONCENTR18": null, "CONCENTR19": null, "CONCENTR20": null, "CONCENTR21": null, "CONCENTR22": null, "CONCENTR23": null, "layer": "Ruta 26", "path": "D:/Atlas de Riesgos 2024/SHAPE/Secciones Electorares Distrito 15/Rutas/Ruta 26.gpkg|layername=Ruta 26" }, "geometry": { "type": "MultiPolygon", "coordinates": [ [ [ [ 488319.359948451281525, 2144224.73575282888487 ], [ 488371.306860030686948, 2144219.661940386984497 ], [ 488425.870373132580426, 2144214.050720858387649 ], [ 488488.380534676893149, 2144207.622281427960843 ], [ 488539.60206967178965, 2144202.362352358642966 ], [ 488492.929969714081381, 2143955.048469125758857 ], [ 488474.102225849812385, 2143957.19456475507468 ], [ 488442.503752587654162, 2143960.796342325396836 ], [ 488409.302633489656728, 2143964.778548235073686 ], [ 488382.945813423662912, 2143967.939835795201361 ], [ 488376.355471144255716, 2143968.777760044671595 ], [ 488340.112483338511083, 2143973.521530564408749 ], [ 488328.039798278536182, 2143975.102916745468974 ], [ 488275.51668410259299, 2143981.490938754752278 ], [ 488285.062376542249694, 2144032.288159174378961 ], [ 488319.359948451281525, 2144224.73575282888487 ] ] ] ] } },
{ "type": "Feature", "properties": { "fid": 4, "ID": 1763, "ENTIDAD": 9, "DISTRITO_F": 13, "DISTRITO_L": 15, "MUNICIPIO": 6, "SECCION": 1768, "TIPO": 2, "CONTROL": 40773, "GEOMETRY1_": null, "CONCENTRAD": null, "CONCENTR_1": null, "CONCENTR_2": null, "CONCENTR_3": null, "CONCENTR_4": null, "CONCENTR_5": null, "CONCENTR_6": null, "CONCENTR_7": null, "CONCENTR_8": null, "CONCENTR_9": null, "CONCENTR10": null, "CONCENTR11": null, "CONCENTR12": null, "CONCENTR13": null, "CONCENTR14": null, "CONCENTR15": null, "CONCENTR16": null, "CONCENTR17": null, "CONCENTR18": null, "CONCENTR19": null, "CONCENTR20": null, "CONCENTR21": null, "CONCENTR22": null, "CONCENTR23": null, "layer": "Ruta 26", "path": "D:/Atlas de Riesgos 2024/SHAPE/Secciones Electorares Distrito 15/Rutas/Ruta 26.gpkg|layername=Ruta 26" }, "geometry": { "type": "MultiPolygon", "coordinates": [ [ [ [ 488176.679534548311494, 2143991.521086703985929 ], [ 488224.071480083046481, 2143986.978428454138339 ], [ 488275.51668410259299, 2143981.490938754752278 ], [ 488328.039798278536182, 2143975.102916745468974 ], [ 488340.112483338511083, 2143973.521530564408749 ], [ 488376.355471144255716, 2143968.777760044671595 ], [ 488382.945813423662912, 2143967.939835795201361 ], [ 488409.302633489656728, 2143964.778548235073686 ], [ 488442.503752587654162, 2143960.796342325396836 ], [ 488474.102225849812385, 2143957.19456475507468 ], [ 488492.929969714081381, 2143955.048469125758857 ], [ 488509.18195955484407, 2143954.172152765095234 ], [ 488546.062087048776448, 2143952.183555716183037 ], [ 488599.194204384810291, 2143949.318642306141555 ], [ 488598.073591009248048, 2143943.202263965271413 ], [ 488561.651258772821166, 2143744.406881911680102 ], [ 488529.204960032657254, 2143752.262425291351974 ], [ 488513.063561257731635, 2143755.957837420515716 ], [ 488478.903979424620047, 2143764.440749180037528 ], [ 488437.896311015821993, 2143769.215014431159943 ], [ 488380.626166692527477, 2143775.882617599796504 ], [ 488331.042401650571264, 2143781.655343919526786 ], [ 488245.140438632166479, 2143791.656369920354337 ], [ 488215.843564038106706, 2143794.136340250261128 ], [ 488223.66465841315221, 2143806.322430659085512 ], [ 488194.239603350113612, 2143939.336218755692244 ], [ 488189.826482073171064, 2143959.364674774929881 ], [ 488176.679534548311494, 2143991.521086703985929 ] ] ] ] } },
{ "type": "Feature", "properties": { "fid": 1, "ID": 1780, "ENTIDAD": 9, "DISTRITO_F": 13, "DISTRITO_L": 15, "MUNICIPIO": 6, "SECCION": 1785, "TIPO": 2, "CONTROL": 40704, "GEOMETRY1_": null, "CONCENTRAD": null, "CONCENTR_1": null, "CONCENTR_2": null, "CONCENTR_3": null, "CONCENTR_4": null, "CONCENTR_5": null, "CONCENTR_6": null, "CONCENTR_7": null, "CONCENTR_8": null, "CONCENTR_9": null, "CONCENTR10": null, "CONCENTR11": null, "CONCENTR12": null, "CONCENTR13": null, "CONCENTR14": null, "CONCENTR15": null, "CONCENTR16": null, "CONCENTR17": null, "CONCENTR18": null, "CONCENTR19": null, "CONCENTR20": null, "CONCENTR21": null, "CONCENTR22": null, "CONCENTR23": null, "layer": "Ruta 27", "path": "D:/Atlas de Riesgos 2024/SHAPE/Secciones Electorares Distrito 15/Rutas/Ruta 27.gpkg|layername=Ruta 27" }, "geometry": { "type": "MultiPolygon", "coordinates": [ [ [ [ 488245.140438632166479, 2143791.656369920354337 ], [ 488331.042401650571264, 2143781.655343919526786 ], [ 488380.626166692527477, 2143775.882617599796504 ], [ 488437.896311015821993, 2143769.215014431159943 ], [ 488478.903979424620047, 2143764.440749180037528 ], [ 488513.063561257731635, 2143755.957837420515716 ], [ 488529.204960032657254, 2143752.262425291351974 ], [ 488561.651258772821166, 2143744.406881911680102 ], [ 488614.994592273898888, 2143729.667232751846313 ], [ 488649.114917407045141, 2143721.121200811583549 ], [ 488752.111040909250733, 2143693.700270542874932 ], [ 488741.45045812317403, 2143630.676866464782506 ], [ 488680.394657514349092, 2143640.80425520427525 ], [ 488678.196468151116278, 2143625.98989576427266 ], [ 488602.742020853853319, 2143620.032966944389045 ], [ 488543.894772813888267, 2143632.307854744140059 ], [ 488451.833126266952604, 2143608.841161484830081 ], [ 488421.145910977735184, 2143612.451422864571214 ], [ 488425.467610308667645, 2143642.223126423545182 ], [ 488429.26899851183407, 2143668.41046479344368 ], [ 488365.939511113450862, 2143678.137315923348069 ], [ 488316.699836879270151, 2143685.700095932930708 ], [ 488265.904705493710935, 2143693.501780462451279 ], [ 488245.140438632166479, 2143791.656369920354337 ] ] ] ] } },
{ "type": "Feature", "properties": { "fid": 2, "ID": 1781, "ENTIDAD": 9, "DISTRITO_F": 13, "DISTRITO_L": 15, "MUNICIPIO": 6, "SECCION": 1786, "TIPO": 2, "CONTROL": 40706, "GEOMETRY1_": null, "CONCENTRAD": null, "CONCENTR_1": null, "CONCENTR_2": null, "CONCENTR_3": null, "CONCENTR_4": null, "CONCENTR_5": null, "CONCENTR_6": null, "CONCENTR_7": null, "CONCENTR_8": null, "CONCENTR_9": null, "CONCENTR10": null, "CONCENTR11": null, "CONCENTR12": null, "CONCENTR13": null, "CONCENTR14": null, "CONCENTR15": null, "CONCENTR16": null, "CONCENTR17": null, "CONCENTR18": null, "CONCENTR19": null, "CONCENTR20": null, "CONCENTR21": null, "CONCENTR22": null, "CONCENTR23": null, "layer": "Ruta 27", "path": "D:/Atlas de Riesgos 2024/SHAPE/Secciones Electorares Distrito 15/Rutas/Ruta 27.gpkg|layername=Ruta 27" }, "geometry": { "type": "MultiPolygon", "coordinates": [ [ [ [ 488215.843564038106706, 2143794.136340250261128 ], [ 488245.140438632166479, 2143791.656369920354337 ], [ 488265.904705493710935, 2143693.501780462451279 ], [ 488316.699836879270151, 2143685.700095932930708 ], [ 488365.939511113450862, 2143678.137315923348069 ], [ 488429.26899851183407, 2143668.41046479344368 ], [ 488425.467610308667645, 2143642.223126423545182 ], [ 488421.145910977735184, 2143612.451422864571214 ], [ 488395.834523484634701, 2143615.743890734855086 ], [ 488398.373048789857421, 2143605.45618159417063 ], [ 488400.911574097466655, 2143595.168472465127707 ], [ 488452.483723685669247, 2143579.135678065009415 ], [ 488466.646023069508374, 2143536.381562096532434 ], [ 488460.430788457684685, 2143499.760506327729672 ], [ 488444.348433815059252, 2143405.000960940960795 ], [ 488435.347470439912286, 2143351.965990852564573 ], [ 488444.276702893548645, 2143350.618181941099465 ], [ 488466.626795335032512, 2143347.244582501705736 ], [ 488487.192975330515765, 2143295.02864725375548 ], [ 488491.266639721638057, 2143284.685929443687201 ], [ 488488.905935354006942, 2143254.734499135054648 ], [ 488355.497846472775564, 2143271.538369124289602 ], [ 488334.542274493374862, 2143367.513087491504848 ], [ 488305.698457945254631, 2143371.403921100776643 ], [ 488293.818292674492113, 2143427.377864270005375 ], [ 488274.607070535363164, 2143517.738916808739305 ], [ 488257.277971848438028, 2143599.247296964749694 ], [ 488243.456523530301638, 2143664.257248394191265 ], [ 488238.5587605892797, 2143687.294148982036859 ], [ 488226.571696678642184, 2143743.675971261225641 ], [ 488215.843564038106706, 2143794.136340250261128 ] ] ] ] } },
{ "type": "Feature", "properties": { "fid": 3, "ID": 1782, "ENTIDAD": 9, "DISTRITO_F": 13, "DISTRITO_L": 15, "MUNICIPIO": 6, "SECCION": 1787, "TIPO": 2, "CONTROL": 40712, "GEOMETRY1_": null, "CONCENTRAD": null, "CONCENTR_1": null, "CONCENTR_2": null, "CONCENTR_3": null, "CONCENTR_4": null, "CONCENTR_5": null, "CONCENTR_6": null, "CONCENTR_7": null, "CONCENTR_8": null, "CONCENTR_9": null, "CONCENTR10": null, "CONCENTR11": null, "CONCENTR12": null, "CONCENTR13": null, "CONCENTR14": null, "CONCENTR15": null, "CONCENTR16": null, "CONCENTR17": null, "CONCENTR18": null, "CONCENTR19": null, "CONCENTR20": null, "CONCENTR21": null, "CONCENTR22": null, "CONCENTR23": null, "layer": "Ruta 27", "path": "D:/Atlas de Riesgos 2024/SHAPE/Secciones Electorares Distrito 15/Rutas/Ruta 27.gpkg|layername=Ruta 27" }, "geometry": { "type": "MultiPolygon", "coordinates": [ [ [ [ 488543.894772813888267, 2143632.307854744140059 ], [ 488602.742020853853319, 2143620.032966944389045 ], [ 488678.196468151116278, 2143625.98989576427266 ], [ 488686.608449587016366, 2143619.680811064317822 ], [ 488685.937425278185401, 2143602.324953294824809 ], [ 488599.725347361818422, 2143594.102275825571269 ], [ 488562.815396516176406, 2143599.677425355650485 ], [ 488557.948743578686845, 2143569.709091326221824 ], [ 488574.895658212248236, 2143566.559664246160537 ], [ 488615.83629234804539, 2143558.95122666656971 ], [ 488623.264340540277772, 2143552.419666526373476 ], [ 488611.940592133731116, 2143484.814352458808571 ], [ 488610.912756650999654, 2143478.677944428287446 ], [ 488610.412090343132149, 2143475.686171468812972 ], [ 488610.03085135074798, 2143473.41277227923274 ], [ 488595.146170096239075, 2143380.303241650573909 ], [ 488545.782917422766332, 2143388.387976790778339 ], [ 488495.021835524647031, 2143396.70164901111275 ], [ 488444.348433815059252, 2143405.000960940960795 ], [ 488460.430788457684685, 2143499.760506327729672 ], [ 488466.646023069508374, 2143536.381562096532434 ], [ 488452.483723685669247, 2143579.135678065009415 ], [ 488400.911574097466655, 2143595.168472465127707 ], [ 488398.373048789857421, 2143605.45618159417063 ], [ 488395.834523484634701, 2143615.743890734855086 ], [ 488421.145910977735184, 2143612.451422864571214 ], [ 488451.833126266952604, 2143608.841161484830081 ], [ 488543.894772813888267, 2143632.307854744140059 ] ] ] ] } },
{ "type": "Feature", "properties": { "fid": 4, "ID": 1783, "ENTIDAD": 9, "DISTRITO_F": 13, "DISTRITO_L": 15, "MUNICIPIO": 6, "SECCION": 1788, "TIPO": 2, "CONTROL": 40725, "GEOMETRY1_": null, "CONCENTRAD": null, "CONCENTR_1": null, "CONCENTR_2": null, "CONCENTR_3": null, "CONCENTR_4": null, "CONCENTR_5": null, "CONCENTR_6": null, "CONCENTR_7": null, "CONCENTR_8": null, "CONCENTR_9": null, "CONCENTR10": null, "CONCENTR11": null, "CONCENTR12": null, "CONCENTR13": null, "CONCENTR14": null, "CONCENTR15": null, "CONCENTR16": null, "CONCENTR17": null, "CONCENTR18": null, "CONCENTR19": null, "CONCENTR20": null, "CONCENTR21": null, "CONCENTR22": null, "CONCENTR23": null, "layer": "Ruta 27", "path": "D:/Atlas de Riesgos 2024/SHAPE/Secciones Electorares Distrito 15/Rutas/Ruta 27.gpkg|layername=Ruta 27" }, "geometry": { "type": "MultiPolygon", "coordinates": [ [ [ [ 488680.394657514349092, 2143640.80425520427525 ], [ 488741.45045812317403, 2143630.676866464782506 ], [ 488738.777249294274952, 2143612.051267085131258 ], [ 488730.184077930345666, 2143613.374360775575042 ], [ 488727.723230322997551, 2143594.04991272604093 ], [ 488775.12880514113931, 2143586.947499985340983 ], [ 488770.075448998017237, 2143546.846678436733782 ], [ 488774.954409128520638, 2143546.008107036352158 ], [ 488825.055800978210755, 2143537.396928966511041 ], [ 488874.402785224374384, 2143528.915414727758616 ], [ 488868.153766158327926, 2143478.602805498521775 ], [ 488817.559022745292168, 2143485.646309118252248 ], [ 488809.787103662500158, 2143486.7568728486076 ], [ 488803.176093045098241, 2143443.526958579197526 ], [ 488789.298630359175149, 2143347.294615842401981 ], [ 488787.648858537548222, 2143335.612218393012881 ], [ 488776.622410142270382, 2143348.991033791564405 ], [ 488691.760772565961815, 2143364.167613490950316 ], [ 488645.015940473065712, 2143371.974479221738875 ], [ 488595.146170096239075, 2143380.303241650573909 ], [ 488610.03085135074798, 2143473.41277227923274 ], [ 488610.412090343132149, 2143475.686171468812972 ], [ 488610.912756650999654, 2143478.677944428287446 ], [ 488611.940592133731116, 2143484.814352458808571 ], [ 488623.264340540277772, 2143552.419666526373476 ], [ 488615.83629234804539, 2143558.95122666656971 ], [ 488574.895658212248236, 2143566.559664246160537 ], [ 488557.948743578686845, 2143569.709091326221824 ], [ 488562.815396516176406, 2143599.677425355650485 ], [ 488599.725347361818422, 2143594.102275825571269 ], [ 488685.937425278185401, 2143602.324953294824809 ], [ 488686.608449587016366, 2143619.680811064317822 ], [ 488678.196468151116278, 2143625.98989576427266 ], [ 488680.394657514349092, 2143640.80425520427525 ] ] ] ] } },
{ "type": "Feature", "properties": { "fid": 5, "ID": 1784, "ENTIDAD": 9, "DISTRITO_F": 13, "DISTRITO_L": 15, "MUNICIPIO": 6, "SECCION": 1789, "TIPO": 2, "CONTROL": 40727, "GEOMETRY1_": null, "CONCENTRAD": null, "CONCENTR_1": null, "CONCENTR_2": null, "CONCENTR_3": null, "CONCENTR_4": null, "CONCENTR_5": null, "CONCENTR_6": null, "CONCENTR_7": null, "CONCENTR_8": null, "CONCENTR_9": null, "CONCENTR10": null, "CONCENTR11": null, "CONCENTR12": null, "CONCENTR13": null, "CONCENTR14": null, "CONCENTR15": null, "CONCENTR16": null, "CONCENTR17": null, "CONCENTR18": null, "CONCENTR19": null, "CONCENTR20": null, "CONCENTR21": null, "CONCENTR22": null, "CONCENTR23": null, "layer": "Ruta 27", "path": "D:/Atlas de Riesgos 2024/SHAPE/Secciones Electorares Distrito 15/Rutas/Ruta 27.gpkg|layername=Ruta 27" }, "geometry": { "type": "MultiPolygon", "coordinates": [ [ [ [ 488752.111040909250733, 2143693.700270542874932 ], [ 488784.358448868501, 2143685.347159172873944 ], [ 488822.300490096560679, 2143675.518955432809889 ], [ 488870.757228668604512, 2143662.967108353041112 ], [ 488925.708388131577522, 2143648.732998293824494 ], [ 488964.418787171249278, 2143638.689618653617799 ], [ 488969.625147100538015, 2143637.345032294280827 ], [ 488958.991747118590865, 2143580.929446985479444 ], [ 488956.217115394538268, 2143572.214334975462407 ], [ 488946.344885442813393, 2143556.147873346228153 ], [ 488945.892640170350205, 2143552.984719205647707 ], [ 488942.926339787547477, 2143532.237425966653973 ], [ 488937.197660298319533, 2143492.169132818467915 ], [ 488900.834379188192543, 2143497.30519038811326 ], [ 488898.578637753380463, 2143481.092050428502262 ], [ 488897.638020021375269, 2143474.331361148972064 ], [ 488889.356057063618209, 2143475.670562128536403 ], [ 488868.153766158327926, 2143478.602805498521775 ], [ 488874.402785224374384, 2143528.915414727758616 ], [ 488825.055800978210755, 2143537.396928966511041 ], [ 488774.954409128520638, 2143546.008107026573271 ], [ 488770.075448998017237, 2143546.846678436733782 ], [ 488775.12880514113931, 2143586.947499985340983 ], [ 488727.723230322997551, 2143594.04991272604093 ], [ 488730.184077930345666, 2143613.374360775575042 ], [ 488738.777249294274952, 2143612.051267085131258 ], [ 488741.45045812317403, 2143630.676866464782506 ], [ 488752.111040909250733, 2143693.700270542874932 ] ] ] ] } },
{ "type": "Feature", "properties": { "fid": 1, "ID": 1796, "ENTIDAD": 9, "DISTRITO_F": 13, "DISTRITO_L": 15, "MUNICIPIO": 6, "SECCION": 1801, "TIPO": 2, "CONTROL": 39992, "GEOMETRY1_": null, "CONCENTRAD": null, "CONCENTR_1": null, "CONCENTR_2": null, "CONCENTR_3": null, "CONCENTR_4": null, "CONCENTR_5": null, "CONCENTR_6": null, "CONCENTR_7": null, "CONCENTR_8": null, "CONCENTR_9": null, "CONCENTR10": null, "CONCENTR11": null, "CONCENTR12": null, "CONCENTR13": null, "CONCENTR14": null, "CONCENTR15": null, "CONCENTR16": null, "CONCENTR17": null, "CONCENTR18": null, "CONCENTR19": null, "CONCENTR20": null, "CONCENTR21": null, "CONCENTR22": null, "CONCENTR23": null, "layer": "Ruta 28", "path": "D:/Atlas de Riesgos 2024/SHAPE/Secciones Electorares Distrito 15/Rutas/Ruta 28.gpkg|layername=Ruta 28" }, "geometry": { "type": "MultiPolygon", "coordinates": [ [ [ [ 488901.682769573584665, 2143183.166783246211708 ], [ 488968.19278486375697, 2143168.99401603685692 ], [ 488976.056177614722401, 2143167.429509037174284 ], [ 488970.059648513328284, 2143124.446911887731403 ], [ 488961.157818902516738, 2143076.033699009101838 ], [ 488938.2455859433976, 2143055.702420569956303 ], [ 488936.29220570839243, 2143044.63609089050442 ], [ 488934.39861785073299, 2143028.143957121763378 ], [ 489065.749441659660079, 2143012.143343712203205 ], [ 489056.220423587888945, 2142951.78125781333074 ], [ 489055.373663006525021, 2142946.417406623251736 ], [ 488998.444046036573127, 2142954.537756832782179 ], [ 488966.625601134786848, 2142958.955460892990232 ], [ 488927.040410545421764, 2142964.451507532037795 ], [ 488905.482765660446603, 2142966.9443986620754 ], [ 488899.632122307142708, 2142967.453930133022368 ], [ 488880.176084643637296, 2142969.148352952674031 ], [ 488866.859545866667759, 2142970.431200552266091 ], [ 488835.297596916381735, 2142975.615278522018343 ], [ 488847.460572399257217, 2143055.583128460217267 ], [ 488874.316920505138114, 2143087.577212809119374 ], [ 488879.594327160331886, 2143117.359648908488452 ], [ 488845.584708101116121, 2143121.871075928676873 ], [ 488821.904643065528944, 2143125.012272107880563 ], [ 488824.807810212136246, 2143152.048012387938797 ], [ 488896.842631937295664, 2143141.342583638150245 ], [ 488901.682769573584665, 2143183.166783246211708 ] ] ] ] } },
{ "type": "Feature", "properties": { "fid": 2, "ID": 1797, "ENTIDAD": 9, "DISTRITO_F": 13, "DISTRITO_L": 15, "MUNICIPIO": 6, "SECCION": 1802, "TIPO": 2, "CONTROL": 40000, "GEOMETRY1_": null, "CONCENTRAD": null, "CONCENTR_1": null, "CONCENTR_2": null, "CONCENTR_3": null, "CONCENTR_4": null, "CONCENTR_5": null, "CONCENTR_6": null, "CONCENTR_7": null, "CONCENTR_8": null, "CONCENTR_9": null, "CONCENTR10": null, "CONCENTR11": null, "CONCENTR12": null, "CONCENTR13": null, "CONCENTR14": null, "CONCENTR15": null, "CONCENTR16": null, "CONCENTR17": null, "CONCENTR18": null, "CONCENTR19": null, "CONCENTR20": null, "CONCENTR21": null, "CONCENTR22": null, "CONCENTR23": null, "layer": "Ruta 28", "path": "D:/Atlas de Riesgos 2024/SHAPE/Secciones Electorares Distrito 15/Rutas/Ruta 28.gpkg|layername=Ruta 28" }, "geometry": { "type": "MultiPolygon", "coordinates": [ [ [ [ 488787.648858537548222, 2143335.612218393012881 ], [ 488825.229223035566974, 2143289.7306680935435 ], [ 488955.087452362698968, 2143268.307387444190681 ], [ 488949.802599980845116, 2143225.036343565676361 ], [ 488963.210357130505145, 2143198.972090246621519 ], [ 488976.056177614722401, 2143167.429509037174284 ], [ 488968.19278486375697, 2143168.99401603685692 ], [ 488901.682769573584665, 2143183.166783246211708 ], [ 488896.842631937295664, 2143141.342583638150245 ], [ 488824.807810212136246, 2143152.048012387938797 ], [ 488821.904643065528944, 2143125.012272107880563 ], [ 488845.584708101116121, 2143121.871075928676873 ], [ 488825.905822932370938, 2143098.646003918722272 ], [ 488770.952681806345936, 2143106.496454048901796 ], [ 488740.634129638026934, 2143110.827676558401436 ], [ 488749.702177492028568, 2143151.893957367166877 ], [ 488767.618896044557914, 2143171.80043513700366 ], [ 488786.281253001419827, 2143324.427479432430118 ], [ 488787.648858537548222, 2143335.612218393012881 ] ] ] ] } },
{ "type": "Feature", "properties": { "fid": 3, "ID": 1798, "ENTIDAD": 9, "DISTRITO_F": 13, "DISTRITO_L": 15, "MUNICIPIO": 6, "SECCION": 1803, "TIPO": 2, "CONTROL": 40005, "GEOMETRY1_": null, "CONCENTRAD": null, "CONCENTR_1": null, "CONCENTR_2": null, "CONCENTR_3": null, "CONCENTR_4": null, "CONCENTR_5": null, "CONCENTR_6": null, "CONCENTR_7": null, "CONCENTR_8": null, "CONCENTR_9": null, "CONCENTR10": null, "CONCENTR11": null, "CONCENTR12": null, "CONCENTR13": null, "CONCENTR14": null, "CONCENTR15": null, "CONCENTR16": null, "CONCENTR17": null, "CONCENTR18": null, "CONCENTR19": null, "CONCENTR20": null, "CONCENTR21": null, "CONCENTR22": null, "CONCENTR23": null, "layer": "Ruta 28", "path": "D:/Atlas de Riesgos 2024/SHAPE/Secciones Electorares Distrito 15/Rutas/Ruta 28.gpkg|layername=Ruta 28" }, "geometry": { "type": "MultiPolygon", "coordinates": [ [ [ [ 488444.348433815059252, 2143405.000960940960795 ], [ 488495.021835524647031, 2143396.70164901111275 ], [ 488545.782917422766332, 2143388.387976790778339 ], [ 488595.146170096239075, 2143380.303241650573909 ], [ 488645.015940473065712, 2143371.974479221738875 ], [ 488691.760772565961815, 2143364.167613490950316 ], [ 488776.622410142270382, 2143348.991033791564405 ], [ 488787.648858537548222, 2143335.612218393012881 ], [ 488786.281253001419827, 2143324.427479432430118 ], [ 488767.618896044557914, 2143171.80043513700366 ], [ 488749.702177492028568, 2143151.893957367166877 ], [ 488740.634129638026934, 2143110.827676558401436 ], [ 488738.378026080899872, 2143092.489167248830199 ], [ 488679.388110211642925, 2143101.797832588199526 ], [ 488604.192919165943749, 2143113.663705908227712 ], [ 488596.807384594867472, 2143114.829150348436087 ], [ 488601.204119615780655, 2143144.766774587333202 ], [ 488616.799698309681844, 2143166.379150627646595 ], [ 488648.19492628792068, 2143190.519652587361634 ], [ 488656.895674510917161, 2143197.209854986518621 ], [ 488648.96058266912587, 2143198.652247596532106 ], [ 488619.523522567236796, 2143204.003136895596981 ], [ 488622.57245621283073, 2143227.959041354712099 ], [ 488584.896353510848712, 2143233.621346785221249 ], [ 488581.194077036809176, 2143209.44766139658168 ], [ 488563.55382086278405, 2143212.496595045551658 ], [ 488565.513849773036782, 2143234.710251914802939 ], [ 488543.082412891904823, 2143237.541404705028981 ], [ 488499.308443144662306, 2143208.140977296046913 ], [ 488488.905935354006942, 2143254.734499135054648 ], [ 488491.266639721638057, 2143284.685929443687201 ], [ 488487.192975330515765, 2143295.02864725375548 ], [ 488466.626795335032512, 2143347.244582501705736 ], [ 488444.276702893548645, 2143350.618181941099465 ], [ 488435.347470439912286, 2143351.965990852564573 ], [ 488444.348433815059252, 2143405.000960940960795 ] ] ] ] } },
{ "type": "Feature", "properties": { "fid": 4, "ID": 1799, "ENTIDAD": 9, "DISTRITO_F": 13, "DISTRITO_L": 15, "MUNICIPIO": 6, "SECCION": 1804, "TIPO": 2, "CONTROL": 40003, "GEOMETRY1_": null, "CONCENTRAD": null, "CONCENTR_1": null, "CONCENTR_2": null, "CONCENTR_3": null, "CONCENTR_4": null, "CONCENTR_5": null, "CONCENTR_6": null, "CONCENTR_7": null, "CONCENTR_8": null, "CONCENTR_9": null, "CONCENTR10": null, "CONCENTR11": null, "CONCENTR12": null, "CONCENTR13": null, "CONCENTR14": null, "CONCENTR15": null, "CONCENTR16": null, "CONCENTR17": null, "CONCENTR18": null, "CONCENTR19": null, "CONCENTR20": null, "CONCENTR21": null, "CONCENTR22": null, "CONCENTR23": null, "layer": "Ruta 28", "path": "D:/Atlas de Riesgos 2024/SHAPE/Secciones Electorares Distrito 15/Rutas/Ruta 28.gpkg|layername=Ruta 28" }, "geometry": { "type": "MultiPolygon", "coordinates": [ [ [ [ 488543.300192163791507, 2143153.04239604761824 ], [ 488593.489599407766946, 2143145.869332767557353 ], [ 488601.204119615780655, 2143144.766774587333202 ], [ 488596.807384594867472, 2143114.829150348436087 ], [ 488604.192919165943749, 2143113.663705897983164 ], [ 488679.388110211642925, 2143101.797832588199526 ], [ 488738.378026080899872, 2143092.489167248830199 ], [ 488740.634129638026934, 2143110.827676558401436 ], [ 488770.952681806345936, 2143106.496454048901796 ], [ 488825.905822932370938, 2143098.646003918722272 ], [ 488845.584708101116121, 2143121.871075928676873 ], [ 488879.594327160331886, 2143117.359648908488452 ], [ 488874.316920505138114, 2143087.577212809119374 ], [ 488847.460572399257217, 2143055.583128460217267 ], [ 488835.297596916381735, 2142975.615278522018343 ], [ 488793.935764082474634, 2142981.709803672041744 ], [ 488773.679667012242135, 2142984.085332202259451 ], [ 488746.305823780421633, 2142987.031772912014276 ], [ 488722.53070285951253, 2142989.269777671433985 ], [ 488661.100275939854328, 2142994.919770591892302 ], [ 488605.117883856757544, 2143000.068686761893332 ], [ 488587.22922697494505, 2143002.190174201503396 ], [ 488580.428073693823535, 2143002.996750212274492 ], [ 488572.512198409938719, 2143004.035067711956799 ], [ 488565.798196158721112, 2143004.929226671345532 ], [ 488537.5346076968126, 2143008.69332146178931 ], [ 488505.63997946708696, 2143012.782377171330154 ], [ 488456.784015587647445, 2143019.920824930537492 ], [ 488457.535881089512259, 2143025.644055020995438 ], [ 488466.045660599600524, 2143090.420834909658879 ], [ 488473.174728947575204, 2143144.548940368462354 ], [ 488523.591992903966457, 2143135.63270258763805 ], [ 488540.904601407935843, 2143132.570986778009683 ], [ 488543.300192163791507, 2143153.04239604761824 ] ] ] ] } },
{ "type": "Feature", "properties": { "fid": 5, "ID": 1800, "ENTIDAD": 9, "DISTRITO_F": 13, "DISTRITO_L": 15, "MUNICIPIO": 6, "SECCION": 1805, "TIPO": 2, "CONTROL": 40002, "GEOMETRY1_": null, "CONCENTRAD": null, "CONCENTR_1": null, "CONCENTR_2": null, "CONCENTR_3": null, "CONCENTR_4": null, "CONCENTR_5": null, "CONCENTR_6": null, "CONCENTR_7": null, "CONCENTR_8": null, "CONCENTR_9": null, "CONCENTR10": null, "CONCENTR11": null, "CONCENTR12": null, "CONCENTR13": null, "CONCENTR14": null, "CONCENTR15": null, "CONCENTR16": null, "CONCENTR17": null, "CONCENTR18": null, "CONCENTR19": null, "CONCENTR20": null, "CONCENTR21": null, "CONCENTR22": null, "CONCENTR23": null, "layer": "Ruta 28", "path": "D:/Atlas de Riesgos 2024/SHAPE/Secciones Electorares Distrito 15/Rutas/Ruta 28.gpkg|layername=Ruta 28" }, "geometry": { "type": "MultiPolygon", "coordinates": [ [ [ [ 488305.698457945254631, 2143371.403921100776643 ], [ 488334.542274493374862, 2143367.513087491504848 ], [ 488355.497846472775564, 2143271.538369124289602 ], [ 488488.905935354006942, 2143254.734499135054648 ], [ 488499.308443144662306, 2143208.140977296046913 ], [ 488543.082412891904823, 2143237.541404705028981 ], [ 488565.513849773036782, 2143234.710251914802939 ], [ 488563.55382086278405, 2143212.496595045551658 ], [ 488581.194077036809176, 2143209.44766139658168 ], [ 488584.896353510848712, 2143233.621346785221249 ], [ 488622.57245621283073, 2143227.959041354712099 ], [ 488619.523522567236796, 2143204.003136895596981 ], [ 488648.96058266912587, 2143198.652247596532106 ], [ 488656.895674510917161, 2143197.209854986518621 ], [ 488648.19492628792068, 2143190.519652587361634 ], [ 488616.799698309681844, 2143166.379150627646595 ], [ 488601.204119615780655, 2143144.766774587333202 ], [ 488593.489599407766946, 2143145.869332767557353 ], [ 488543.300192163791507, 2143153.04239604761824 ], [ 488540.904601407935843, 2143132.570986778009683 ], [ 488523.591992903966457, 2143135.63270258763805 ], [ 488473.174728947575204, 2143144.548940368462354 ], [ 488466.045660599600524, 2143090.420834909658879 ], [ 488457.535881089512259, 2143025.644055020995438 ], [ 488456.784015587647445, 2143019.920824930537492 ], [ 488385.660510812478606, 2143033.300946420989931 ], [ 488384.661903694621287, 2143036.284244430717081 ], [ 488367.714043060725089, 2143084.811810679733753 ], [ 488363.397017233422957, 2143103.639288479462266 ], [ 488351.737255943531636, 2143154.490014327224344 ], [ 488341.222726226318628, 2143204.029702975880355 ], [ 488329.640329246409237, 2143258.600697174668312 ], [ 488311.579626750433818, 2143343.694524732418358 ], [ 488305.698457945254631, 2143371.403921100776643 ] ] ] ] } },
{ "type": "Feature", "properties": { "fid": 1, "ID": 1785, "ENTIDAD": 9, "DISTRITO_F": 13, "DISTRITO_L": 15, "MUNICIPIO": 6, "SECCION": 1790, "TIPO": 2, "CONTROL": 39945, "GEOMETRY1_": null, "CONCENTRAD": null, "CONCENTR_1": null, "CONCENTR_2": null, "CONCENTR_3": null, "CONCENTR_4": null, "CONCENTR_5": null, "CONCENTR_6": null, "CONCENTR_7": null, "CONCENTR_8": null, "CONCENTR_9": null, "CONCENTR10": null, "CONCENTR11": null, "CONCENTR12": null, "CONCENTR13": null, "CONCENTR14": null, "CONCENTR15": null, "CONCENTR16": null, "CONCENTR17": null, "CONCENTR18": null, "CONCENTR19": null, "CONCENTR20": null, "CONCENTR21": null, "CONCENTR22": null, "CONCENTR23": null, "layer": "Ruta 29", "path": "D:/Atlas de Riesgos 2024/SHAPE/Secciones Electorares Distrito 15/Rutas/Ruta 29.gpkg|layername=Ruta 29" }, "geometry": { "type": "MultiPolygon", "coordinates": [ [ [ [ 488969.625147100538015, 2143637.345032294280827 ], [ 489006.072726287646219, 2143627.400668684858829 ], [ 489016.072038085723761, 2143624.672572334297001 ], [ 489054.731216843880247, 2143614.596661755349487 ], [ 489068.382007415522821, 2143611.127094734460115 ], [ 489052.151346660626587, 2143534.922418267000467 ], [ 489049.259750798752066, 2143515.048435827251524 ], [ 489064.753629048645962, 2143512.129298928193748 ], [ 489058.915355213452131, 2143466.994956018868834 ], [ 489089.004915908619296, 2143463.177622958552092 ], [ 489074.856386078696232, 2143445.149657489266247 ], [ 489061.160844080557581, 2143427.698886179830879 ], [ 489056.668251317692921, 2143402.364369960967451 ], [ 489041.199134795751888, 2143304.567340603098273 ], [ 488990.816168545687106, 2143312.112936873454601 ], [ 488979.200471163843758, 2143313.85255979327485 ], [ 488959.889260268828366, 2143300.828719873912632 ], [ 488955.087452362698968, 2143268.307387444190681 ], [ 488825.229223035566974, 2143289.7306680935435 ], [ 488787.648858537548222, 2143335.612218393012881 ], [ 488789.298630359175149, 2143347.294615842401981 ], [ 488803.176093045098241, 2143443.526958579197526 ], [ 488809.787103662500158, 2143486.7568728486076 ], [ 488817.559022745292168, 2143485.646309118252248 ], [ 488868.153766158327926, 2143478.602805498521775 ], [ 488889.356057063618209, 2143475.670562128536403 ], [ 488897.638020021375269, 2143474.331361148972064 ], [ 488898.578637753380463, 2143481.092050428502262 ], [ 488900.834379188192543, 2143497.30519038811326 ], [ 488937.197660298319533, 2143492.169132818467915 ], [ 488942.926339787547477, 2143532.237425966653973 ], [ 488945.892640170350205, 2143552.984719205647707 ], [ 488946.344885442813393, 2143556.147873346228153 ], [ 488956.217115394538268, 2143572.214334975462407 ], [ 488958.991747118590865, 2143580.929446985479444 ], [ 488969.625147100538015, 2143637.345032294280827 ] ] ] ] } },
{ "type": "Feature", "properties": { "fid": 2, "ID": 1786, "ENTIDAD": 9, "DISTRITO_F": 13, "DISTRITO_L": 15, "MUNICIPIO": 6, "SECCION": 1791, "TIPO": 2, "CONTROL": 39956, "GEOMETRY1_": null, "CONCENTRAD": null, "CONCENTR_1": null, "CONCENTR_2": null, "CONCENTR_3": null, "CONCENTR_4": null, "CONCENTR_5": null, "CONCENTR_6": null, "CONCENTR_7": null, "CONCENTR_8": null, "CONCENTR_9": null, "CONCENTR10": null, "CONCENTR11": null, "CONCENTR12": null, "CONCENTR13": null, "CONCENTR14": null, "CONCENTR15": null, "CONCENTR16": null, "CONCENTR17": null, "CONCENTR18": null, "CONCENTR19": null, "CONCENTR20": null, "CONCENTR21": null, "CONCENTR22": null, "CONCENTR23": null, "layer": "Ruta 29", "path": "D:/Atlas de Riesgos 2024/SHAPE/Secciones Electorares Distrito 15/Rutas/Ruta 29.gpkg|layername=Ruta 29" }, "geometry": { "type": "MultiPolygon", "coordinates": [ [ [ [ 489068.382007415522821, 2143611.127094734460115 ], [ 489112.064025897649117, 2143600.024610225111246 ], [ 489162.133596256957389, 2143587.421050186268985 ], [ 489209.875503843009938, 2143575.392617725301534 ], [ 489221.468173891014885, 2143572.473220456857234 ], [ 489257.134295407100581, 2143563.491374395787716 ], [ 489270.120977328799199, 2143560.217575876507908 ], [ 489330.766949646931607, 2143544.929398636799306 ], [ 489317.038119448232464, 2143466.994788109324872 ], [ 489311.641175470140297, 2143434.006162029691041 ], [ 489284.479205324023496, 2143421.945912239607424 ], [ 489284.398988303786609, 2143406.704731229692698 ], [ 489284.227953843888827, 2143374.208296591416001 ], [ 489203.854032847099006, 2143387.271828511264175 ], [ 489155.549835111771245, 2143395.122925250791013 ], [ 489101.82002003287198, 2143403.855871791020036 ], [ 489104.081275718694087, 2143419.935910699423403 ], [ 489061.160844080557581, 2143427.698886179830879 ], [ 489074.856386078696232, 2143445.149657489266247 ], [ 489089.004915908619296, 2143463.177622958552092 ], [ 489058.915355213452131, 2143466.994956018868834 ], [ 489064.753629048645962, 2143512.129298928193748 ], [ 489049.259750798752066, 2143515.048435827251524 ], [ 489052.151346660626587, 2143534.922418267000467 ], [ 489068.382007415522821, 2143611.127094734460115 ] ] ] ] } },
{ "type": "Feature", "properties": { "fid": 3, "ID": 1787, "ENTIDAD": 9, "DISTRITO_F": 13, "DISTRITO_L": 15, "MUNICIPIO": 6, "SECCION": 1792, "TIPO": 2, "CONTROL": 39958, "GEOMETRY1_": null, "CONCENTRAD": null, "CONCENTR_1": null, "CONCENTR_2": null, "CONCENTR_3": null, "CONCENTR_4": null, "CONCENTR_5": null, "CONCENTR_6": null, "CONCENTR_7": null, "CONCENTR_8": null, "CONCENTR_9": null, "CONCENTR10": null, "CONCENTR11": null, "CONCENTR12": null, "CONCENTR13": null, "CONCENTR14": null, "CONCENTR15": null, "CONCENTR16": null, "CONCENTR17": null, "CONCENTR18": null, "CONCENTR19": null, "CONCENTR20": null, "CONCENTR21": null, "CONCENTR22": null, "CONCENTR23": null, "layer": "Ruta 29", "path": "D:/Atlas de Riesgos 2024/SHAPE/Secciones Electorares Distrito 15/Rutas/Ruta 29.gpkg|layername=Ruta 29" }, "geometry": { "type": "MultiPolygon", "coordinates": [ [ [ [ 489330.766949646931607, 2143544.929398636799306 ], [ 489419.166417434345931, 2143520.898618217092007 ], [ 489448.028911400702782, 2143513.794746007304639 ], [ 489463.317741840612143, 2143510.223935298155993 ], [ 489420.09118867648067, 2143170.692149807233363 ], [ 489385.917379277118016, 2142902.266988123301417 ], [ 489371.591317199287005, 2142903.368932724930346 ], [ 489362.963596942310687, 2142904.180086094420403 ], [ 489333.166024008416571, 2142907.564733874052763 ], [ 489347.308987474476453, 2143006.247922632377595 ], [ 489382.353205936145969, 2143248.026651244610548 ], [ 489290.530475990090054, 2143263.011815224774182 ], [ 489252.856288942391984, 2143269.290892004035413 ], [ 489187.547724601987284, 2143280.175731784664094 ], [ 489144.894851158780511, 2143287.284595663659275 ], [ 489137.662126427982002, 2143288.490058543626219 ], [ 489085.073684629518539, 2143297.254862512927502 ], [ 489041.199134795751888, 2143304.567340603098273 ], [ 489056.668251317692921, 2143402.364369960967451 ], [ 489061.160844080557581, 2143427.698886179830879 ], [ 489104.081275718694087, 2143419.935910699423403 ], [ 489101.82002003287198, 2143403.855871791020036 ], [ 489155.549835111771245, 2143395.122925250791013 ], [ 489203.854032847099006, 2143387.271828511264175 ], [ 489284.227953843888827, 2143374.208296591416001 ], [ 489284.398988303786609, 2143406.704731229692698 ], [ 489284.479205324023496, 2143421.945912239607424 ], [ 489311.641175470140297, 2143434.006162029691041 ], [ 489317.038119448232464, 2143466.994788109324872 ], [ 489330.766949646931607, 2143544.929398636799306 ] ] ] ] } },
{ "type": "Feature", "properties": { "fid": 4, "ID": 1794, "ENTIDAD": 9, "DISTRITO_F": 13, "DISTRITO_L": 15, "MUNICIPIO": 6, "SECCION": 1799, "TIPO": 2, "CONTROL": 39988, "GEOMETRY1_": null, "CONCENTRAD": null, "CONCENTR_1": null, "CONCENTR_2": null, "CONCENTR_3": null, "CONCENTR_4": null, "CONCENTR_5": null, "CONCENTR_6": null, "CONCENTR_7": null, "CONCENTR_8": null, "CONCENTR_9": null, "CONCENTR10": null, "CONCENTR11": null, "CONCENTR12": null, "CONCENTR13": null, "CONCENTR14": null, "CONCENTR15": null, "CONCENTR16": null, "CONCENTR17": null, "CONCENTR18": null, "CONCENTR19": null, "CONCENTR20": null, "CONCENTR21": null, "CONCENTR22": null, "CONCENTR23": null, "layer": "Ruta 29", "path": "D:/Atlas de Riesgos 2024/SHAPE/Secciones Electorares Distrito 15/Rutas/Ruta 29.gpkg|layername=Ruta 29" }, "geometry": { "type": "MultiPolygon", "coordinates": [ [ [ [ 489144.894851158780511, 2143287.284595663659275 ], [ 489187.547724601987284, 2143280.175731784664094 ], [ 489252.856288942391984, 2143269.290892004035413 ], [ 489290.530475990090054, 2143263.011815224774182 ], [ 489382.353205936145969, 2143248.026651244610548 ], [ 489347.308987474476453, 2143006.247922632377595 ], [ 489333.166024008416571, 2142907.564733874052763 ], [ 489181.295392953848932, 2142928.877414553891867 ], [ 489144.118177993805148, 2142934.094658373389393 ], [ 489137.752134031034075, 2142935.102783483918756 ], [ 489136.089404625177849, 2142940.955298612825572 ], [ 489117.680583303037565, 2143005.751112571451813 ], [ 489112.788428688945714, 2143021.220900431741029 ], [ 489147.280708105827216, 2143017.639899960719049 ], [ 489119.908516415918712, 2143070.000096499919891 ], [ 489113.701184103672858, 2143078.510417869314551 ], [ 489115.316564690845553, 2143089.60420056944713 ], [ 489116.481344058876857, 2143097.903838919475675 ], [ 489118.576924886612687, 2143100.815477819181979 ], [ 489120.584078816813417, 2143114.225391988642514 ], [ 489130.651438041881192, 2143181.486014586407691 ], [ 489140.328416063974146, 2143247.466895364690572 ], [ 489143.899713128048461, 2143280.217236295342445 ], [ 489144.894851158780511, 2143287.284595663659275 ] ] ] ] } },
{ "type": "Feature", "properties": { "fid": 5, "ID": 1795, "ENTIDAD": 9, "DISTRITO_F": 13, "DISTRITO_L": 15, "MUNICIPIO": 6, "SECCION": 1800, "TIPO": 2, "CONTROL": 39990, "GEOMETRY1_": null, "CONCENTRAD": null, "CONCENTR_1": null, "CONCENTR_2": null, "CONCENTR_3": null, "CONCENTR_4": null, "CONCENTR_5": null, "CONCENTR_6": null, "CONCENTR_7": null, "CONCENTR_8": null, "CONCENTR_9": null, "CONCENTR10": null, "CONCENTR11": null, "CONCENTR12": null, "CONCENTR13": null, "CONCENTR14": null, "CONCENTR15": null, "CONCENTR16": null, "CONCENTR17": null, "CONCENTR18": null, "CONCENTR19": null, "CONCENTR20": null, "CONCENTR21": null, "CONCENTR22": null, "CONCENTR23": null, "layer": "Ruta 29", "path": "D:/Atlas de Riesgos 2024/SHAPE/Secciones Electorares Distrito 15/Rutas/Ruta 29.gpkg|layername=Ruta 29" }, "geometry": { "type": "MultiPolygon", "coordinates": [ [ [ [ 488979.200471163843758, 2143313.85255979327485 ], [ 488990.816168545687106, 2143312.112936873454601 ], [ 489041.199134795751888, 2143304.567340603098273 ], [ 489085.073684629518539, 2143297.254862512927502 ], [ 489137.662126427982002, 2143288.490058543626219 ], [ 489144.894851158780511, 2143287.284595663659275 ], [ 489143.899713128048461, 2143280.217236295342445 ], [ 489140.328416063974146, 2143247.466895364690572 ], [ 489130.651438041881192, 2143181.486014586407691 ], [ 489120.584078816813417, 2143114.225391988642514 ], [ 489118.576924886612687, 2143100.815477819181979 ], [ 489116.481344058876857, 2143097.903838919475675 ], [ 489115.316564690845553, 2143089.60420056944713 ], [ 489113.701184103672858, 2143078.510417869314551 ], [ 489119.908516415918712, 2143070.000096499919891 ], [ 489147.280708105827216, 2143017.639899960719049 ], [ 489112.788428688945714, 2143021.220900431741029 ], [ 489117.680583303037565, 2143005.751112571451813 ], [ 489136.089404625177849, 2142940.955298612825572 ], [ 489137.752134031034075, 2142935.102783483918756 ], [ 489105.355503796716221, 2142939.534396734088659 ], [ 489055.373663006525021, 2142946.417406623251736 ], [ 489056.220423587888945, 2142951.78125781333074 ], [ 489065.749441659660079, 2143012.143343712203205 ], [ 488934.39861785073299, 2143028.143957121763378 ], [ 488936.29220570839243, 2143044.63609089050442 ], [ 488938.2455859433976, 2143055.702420569956303 ], [ 488961.157818902516738, 2143076.033699009101838 ], [ 488970.059648513328284, 2143124.446911887731403 ], [ 488976.056177614722401, 2143167.429509037174284 ], [ 488963.210357130505145, 2143198.972090246621519 ], [ 488949.802599980845116, 2143225.036343565676361 ], [ 488955.087452362698968, 2143268.307387444190681 ], [ 488959.889260268828366, 2143300.828719873912632 ], [ 488979.200471163843758, 2143313.85255979327485 ] ] ] ] } },
{ "type": "Feature", "properties": { "fid": 1, "ID": 1757, "ENTIDAD": 9, "DISTRITO_F": 13, "DISTRITO_L": 15, "MUNICIPIO": 6, "SECCION": 1762, "TIPO": 2, "CONTROL": 40718, "GEOMETRY1_": null, "CONCENTRAD": null, "CONCENTR_1": null, "CONCENTR_2": null, "CONCENTR_3": null, "CONCENTR_4": null, "CONCENTR_5": null, "CONCENTR_6": null, "CONCENTR_7": null, "CONCENTR_8": null, "CONCENTR_9": null, "CONCENTR10": null, "CONCENTR11": null, "CONCENTR12": null, "CONCENTR13": null, "CONCENTR14": null, "CONCENTR15": null, "CONCENTR16": null, "CONCENTR17": null, "CONCENTR18": null, "CONCENTR19": null, "CONCENTR20": null, "CONCENTR21": null, "CONCENTR22": null, "CONCENTR23": null, "layer": "Ruta 30", "path": "D:/Atlas de Riesgos 2024/SHAPE/Secciones Electorares Distrito 15/Rutas/Ruta 30.gpkg|layername=Ruta 30" }, "geometry": { "type": "MultiPolygon", "coordinates": [ [ [ [ 489554.997272751643322, 2143759.025969860609621 ], [ 489593.197017162747215, 2143756.162894741632044 ], [ 489623.911556440172717, 2143753.854181780014187 ], [ 489608.955367292917799, 2143612.108684574253857 ], [ 489596.900900893670041, 2143490.738486437592655 ], [ 489594.867917503288481, 2143470.26942636910826 ], [ 489494.141177582554519, 2143492.288763008080423 ], [ 489516.912078026682138, 2143650.864018593914807 ], [ 489520.012919288594276, 2143659.670407633762807 ], [ 489554.997272751643322, 2143759.025969860609621 ] ] ] ] } },
{ "type": "Feature", "properties": { "fid": 2, "ID": 1755, "ENTIDAD": 9, "DISTRITO_F": 13, "DISTRITO_L": 15, "MUNICIPIO": 6, "SECCION": 1760, "TIPO": 2, "CONTROL": 40719, "GEOMETRY1_": null, "CONCENTRAD": null, "CONCENTR_1": null, "CONCENTR_2": null, "CONCENTR_3": null, "CONCENTR_4": null, "CONCENTR_5": null, "CONCENTR_6": null, "CONCENTR_7": null, "CONCENTR_8": null, "CONCENTR_9": null, "CONCENTR10": null, "CONCENTR11": null, "CONCENTR12": null, "CONCENTR13": null, "CONCENTR14": null, "CONCENTR15": null, "CONCENTR16": null, "CONCENTR17": null, "CONCENTR18": null, "CONCENTR19": null, "CONCENTR20": null, "CONCENTR21": null, "CONCENTR22": null, "CONCENTR23": null, "layer": "Ruta 30", "path": "D:/Atlas de Riesgos 2024/SHAPE/Secciones Electorares Distrito 15/Rutas/Ruta 30.gpkg|layername=Ruta 30" }, "geometry": { "type": "MultiPolygon", "coordinates": [ [ [ [ 489600.75076158286538, 2143853.072537747677416 ], [ 489635.863519330916461, 2143850.155156538356096 ], [ 489670.976277078792918, 2143847.237775328569114 ], [ 489661.172591102949809, 2143750.667161611374468 ], [ 489623.911556440172717, 2143753.854181780014187 ], [ 489593.197017162747215, 2143756.162894741632044 ], [ 489600.75076158286538, 2143853.072537747677416 ] ] ] ] } },
{ "type": "Feature", "properties": { "fid": 3, "ID": 1756, "ENTIDAD": 9, "DISTRITO_F": 13, "DISTRITO_L": 15, "MUNICIPIO": 6, "SECCION": 1761, "TIPO": 2, "CONTROL": 40717, "GEOMETRY1_": null, "CONCENTRAD": null, "CONCENTR_1": null, "CONCENTR_2": null, "CONCENTR_3": null, "CONCENTR_4": null, "CONCENTR_5": null, "CONCENTR_6": null, "CONCENTR_7": null, "CONCENTR_8": null, "CONCENTR_9": null, "CONCENTR10": null, "CONCENTR11": null, "CONCENTR12": null, "CONCENTR13": null, "CONCENTR14": null, "CONCENTR15": null, "CONCENTR16": null, "CONCENTR17": null, "CONCENTR18": null, "CONCENTR19": null, "CONCENTR20": null, "CONCENTR21": null, "CONCENTR22": null, "CONCENTR23": null, "layer": "Ruta 30", "path": "D:/Atlas de Riesgos 2024/SHAPE/Secciones Electorares Distrito 15/Rutas/Ruta 30.gpkg|layername=Ruta 30" }, "geometry": { "type": "MultiPolygon", "coordinates": [ [ [ [ 489623.911556440172717, 2143753.854181780014187 ], [ 489661.172591102949809, 2143750.667161611374468 ], [ 489697.068952411704231, 2143747.642116160597652 ], [ 489734.611492054653354, 2143743.532685361802578 ], [ 489723.083891829999629, 2143602.052860284689814 ], [ 489706.762105752015486, 2143445.618920579086989 ], [ 489696.81455787102459, 2143447.98341380013153 ], [ 489668.382548648572993, 2143454.198784039355814 ], [ 489632.433244336629286, 2143462.057470159605145 ], [ 489594.867917503288481, 2143470.26942636910826 ], [ 489596.900900893670041, 2143490.738486437592655 ], [ 489608.955367292917799, 2143612.108684574253857 ], [ 489623.911556440172717, 2143753.854181780014187 ] ] ] ] } },
{ "type": "Feature", "properties": { "fid": 4, "ID": 1788, "ENTIDAD": 9, "DISTRITO_F": 13, "DISTRITO_L": 15, "MUNICIPIO": 6, "SECCION": 1793, "TIPO": 2, "CONTROL": 40670, "GEOMETRY1_": null, "CONCENTRAD": null, "CONCENTR_1": null, "CONCENTR_2": null, "CONCENTR_3": null, "CONCENTR_4": null, "CONCENTR_5": null, "CONCENTR_6": null, "CONCENTR_7": null, "CONCENTR_8": null, "CONCENTR_9": null, "CONCENTR10": null, "CONCENTR11": null, "CONCENTR12": null, "CONCENTR13": null, "CONCENTR14": null, "CONCENTR15": null, "CONCENTR16": null, "CONCENTR17": null, "CONCENTR18": null, "CONCENTR19": null, "CONCENTR20": null, "CONCENTR21": null, "CONCENTR22": null, "CONCENTR23": null, "layer": "Ruta 30", "path": "D:/Atlas de Riesgos 2024/SHAPE/Secciones Electorares Distrito 15/Rutas/Ruta 30.gpkg|layername=Ruta 30" }, "geometry": { "type": "MultiPolygon", "coordinates": [ [ [ [ 489696.81455787102459, 2143447.98341380013153 ], [ 489706.762105752015486, 2143445.618920579086989 ], [ 489735.362765806785319, 2143438.841545219067484 ], [ 489742.087374377995729, 2143437.155199510511011 ], [ 489777.005519534577616, 2143428.472274029627442 ], [ 489813.139055813779123, 2143420.396573049947619 ], [ 489851.710610518231988, 2143411.249167690053582 ], [ 489809.14627493073931, 2143186.731300836429 ], [ 489771.963338484056294, 2143193.69901957642287 ], [ 489748.751940434973221, 2143197.922118197195232 ], [ 489713.918945018027443, 2143204.259658686351031 ], [ 489683.405275675817393, 2143209.802433745935559 ], [ 489654.570175725733861, 2143225.129004504997283 ], [ 489662.748732537031174, 2143268.273852513637394 ], [ 489696.81455787102459, 2143447.98341380013153 ] ] ] ] } },
{ "type": "Feature", "properties": { "fid": 5, "ID": 1793, "ENTIDAD": 9, "DISTRITO_F": 13, "DISTRITO_L": 15, "MUNICIPIO": 6, "SECCION": 1798, "TIPO": 2, "CONTROL": 40669, "GEOMETRY1_": null, "CONCENTRAD": null, "CONCENTR_1": null, "CONCENTR_2": null, "CONCENTR_3": null, "CONCENTR_4": null, "CONCENTR_5": null, "CONCENTR_6": null, "CONCENTR_7": null, "CONCENTR_8": null, "CONCENTR_9": null, "CONCENTR10": null, "CONCENTR11": null, "CONCENTR12": null, "CONCENTR13": null, "CONCENTR14": null, "CONCENTR15": null, "CONCENTR16": null, "CONCENTR17": null, "CONCENTR18": null, "CONCENTR19": null, "CONCENTR20": null, "CONCENTR21": null, "CONCENTR22": null, "CONCENTR23": null, "layer": "Ruta 30", "path": "D:/Atlas de Riesgos 2024/SHAPE/Secciones Electorares Distrito 15/Rutas/Ruta 30.gpkg|layername=Ruta 30" }, "geometry": { "type": "MultiPolygon", "coordinates": [ [ [ [ 489463.317741840612143, 2143510.223935298155993 ], [ 489484.234896273352206, 2143498.05291154794395 ], [ 489494.141177582554519, 2143492.288763008080423 ], [ 489594.867917503288481, 2143470.26942636910826 ], [ 489632.433244336629286, 2143462.057470159605145 ], [ 489668.382548648572993, 2143454.198784039355814 ], [ 489696.81455787102459, 2143447.98341380013153 ], [ 489662.748732537031174, 2143268.273852513637394 ], [ 489654.570175725733861, 2143225.129004504997283 ], [ 489683.405275675817393, 2143209.802433745935559 ], [ 489713.918945018027443, 2143204.259658686351031 ], [ 489748.751940434973221, 2143197.922118197195232 ], [ 489771.963338484056294, 2143193.69901957642287 ], [ 489809.14627493073931, 2143186.731300836429 ], [ 489823.583928120555356, 2143184.109239696059376 ], [ 489810.050505143066403, 2143108.211218388751149 ], [ 489784.364495124144014, 2143112.477322388906032 ], [ 489776.838264493679162, 2143044.237203149590641 ], [ 489775.180933178926352, 2143029.213037440553308 ], [ 489762.323948509991169, 2143029.213037671055645 ], [ 489756.550668744021095, 2143029.592498380690813 ], [ 489753.982873858942185, 2143012.259882911108434 ], [ 489695.287137455015909, 2143022.832958661485463 ], [ 489688.335117522452492, 2142987.797215242404491 ], [ 489683.345327120856382, 2142957.581264352891594 ], [ 489641.752883001463488, 2142964.443482941947877 ], [ 489627.631725431943778, 2142876.765929774846882 ], [ 489589.028240362880751, 2142880.985392535105348 ], [ 489550.424755298532546, 2142885.204855304211378 ], [ 489413.123009942180943, 2142899.194123684428632 ], [ 489385.917379277118016, 2142902.266988123301417 ], [ 489420.09118867648067, 2143170.692149807233363 ], [ 489463.317741840612143, 2143510.223935298155993 ] ] ] ] } },
{ "type": "Feature", "properties": { "fid": 1, "ID": 1789, "ENTIDAD": 9, "DISTRITO_F": 13, "DISTRITO_L": 15, "MUNICIPIO": 6, "SECCION": 1794, "TIPO": 2, "CONTROL": 40671, "GEOMETRY1_": null, "CONCENTRAD": null, "CONCENTR_1": null, "CONCENTR_2": null, "CONCENTR_3": null, "CONCENTR_4": null, "CONCENTR_5": null, "CONCENTR_6": null, "CONCENTR_7": null, "CONCENTR_8": null, "CONCENTR_9": null, "CONCENTR10": null, "CONCENTR11": null, "CONCENTR12": null, "CONCENTR13": null, "CONCENTR14": null, "CONCENTR15": null, "CONCENTR16": null, "CONCENTR17": null, "CONCENTR18": null, "CONCENTR19": null, "CONCENTR20": null, "CONCENTR21": null, "CONCENTR22": null, "CONCENTR23": null, "layer": "Ruta 31", "path": "D:/Atlas de Riesgos 2024/SHAPE/Secciones Electorares Distrito 15/Rutas/Ruta 31.gpkg|layername=Ruta 31" }, "geometry": { "type": "MultiPolygon", "coordinates": [ [ [ [ 489851.710610518231988, 2143411.249167690053582 ], [ 489885.944874129141681, 2143403.872207780368626 ], [ 489892.527275968692265, 2143402.576125509571284 ], [ 489917.845046346308663, 2143396.625379750970751 ], [ 489927.853864628414158, 2143394.412208430469036 ], [ 489961.704520313942339, 2143386.802682010922581 ], [ 489999.523232673411258, 2143378.5645244512707 ], [ 490027.514921100402717, 2143372.374942421913147 ], [ 490037.218531353399158, 2143370.229259361512959 ], [ 490011.683613175177015, 2143230.376484555192292 ], [ 489997.546117330552079, 2143152.946511657442898 ], [ 489960.643607704376336, 2143159.548927846830338 ], [ 489921.568123955978081, 2143166.821689126547426 ], [ 489888.006732824374922, 2143172.58600012678653 ], [ 489849.357017335249111, 2143179.617957427166402 ], [ 489823.583928120555356, 2143184.109239696059376 ], [ 489809.14627493073931, 2143186.731300836429 ], [ 489851.710610518231988, 2143411.249167690053582 ] ] ] ] } },
{ "type": "Feature", "properties": { "fid": 2, "ID": 1790, "ENTIDAD": 9, "DISTRITO_F": 13, "DISTRITO_L": 15, "MUNICIPIO": 6, "SECCION": 1795, "TIPO": 2, "CONTROL": 40672, "GEOMETRY1_": null, "CONCENTRAD": null, "CONCENTR_1": null, "CONCENTR_2": null, "CONCENTR_3": null, "CONCENTR_4": null, "CONCENTR_5": null, "CONCENTR_6": null, "CONCENTR_7": null, "CONCENTR_8": null, "CONCENTR_9": null, "CONCENTR10": null, "CONCENTR11": null, "CONCENTR12": null, "CONCENTR13": null, "CONCENTR14": null, "CONCENTR15": null, "CONCENTR16": null, "CONCENTR17": null, "CONCENTR18": null, "CONCENTR19": null, "CONCENTR20": null, "CONCENTR21": null, "CONCENTR22": null, "CONCENTR23": null, "layer": "Ruta 31", "path": "D:/Atlas de Riesgos 2024/SHAPE/Secciones Electorares Distrito 15/Rutas/Ruta 31.gpkg|layername=Ruta 31" }, "geometry": { "type": "MultiPolygon", "coordinates": [ [ [ [ 490037.218531353399158, 2143370.229259361512959 ], [ 490071.752973025082611, 2143361.990149551536888 ], [ 490097.363197934639174, 2143356.678782771341503 ], [ 490107.573391486657783, 2143353.893482091836631 ], [ 490130.406324365525506, 2143348.742187321186066 ], [ 490139.068396436807234, 2143346.787953642662615 ], [ 490165.074589585245121, 2143341.185352072119713 ], [ 490201.161139867501333, 2143332.779327342286706 ], [ 490231.395909632963594, 2143325.9455342926085 ], [ 490247.567894462787081, 2143322.30958729237318 ], [ 490236.755386825767346, 2143304.339492353610694 ], [ 490213.965091404912528, 2143266.46263841399923 ], [ 490203.388464310555719, 2143248.884570545051247 ], [ 490174.781860812741797, 2143201.341170066036284 ], [ 490130.890844061679672, 2143128.395488598383963 ], [ 490068.10838787117973, 2143139.554090768564492 ], [ 490032.392952891590539, 2143146.316266417969018 ], [ 489997.546117330552079, 2143152.946511657442898 ], [ 490011.683613175177015, 2143230.376484555192292 ], [ 490037.218531353399158, 2143370.229259361512959 ] ] ] ] } },
{ "type": "Feature", "properties": { "fid": 3, "ID": 1791, "ENTIDAD": 9, "DISTRITO_F": 13, "DISTRITO_L": 15, "MUNICIPIO": 6, "SECCION": 1796, "TIPO": 2, "CONTROL": 40673, "GEOMETRY1_": null, "CONCENTRAD": null, "CONCENTR_1": null, "CONCENTR_2": null, "CONCENTR_3": null, "CONCENTR_4": null, "CONCENTR_5": null, "CONCENTR_6": null, "CONCENTR_7": null, "CONCENTR_8": null, "CONCENTR_9": null, "CONCENTR10": null, "CONCENTR11": null, "CONCENTR12": null, "CONCENTR13": null, "CONCENTR14": null, "CONCENTR15": null, "CONCENTR16": null, "CONCENTR17": null, "CONCENTR18": null, "CONCENTR19": null, "CONCENTR20": null, "CONCENTR21": null, "CONCENTR22": null, "CONCENTR23": null, "layer": "Ruta 31", "path": "D:/Atlas de Riesgos 2024/SHAPE/Secciones Electorares Distrito 15/Rutas/Ruta 31.gpkg|layername=Ruta 31" }, "geometry": { "type": "MultiPolygon", "coordinates": [ [ [ [ 489823.583928120555356, 2143184.109239696059376 ], [ 489849.357017335249111, 2143179.617957427166402 ], [ 489888.006732824374922, 2143172.58600012678653 ], [ 489921.568123955978081, 2143166.821689126547426 ], [ 489960.643607704376336, 2143159.548927846830338 ], [ 489997.546117330552079, 2143152.946511657442898 ], [ 490032.392952891590539, 2143146.316266417969018 ], [ 490068.10838787117973, 2143139.554090768564492 ], [ 490130.890844061679672, 2143128.395488598383963 ], [ 490093.633990679634735, 2143062.935576249845326 ], [ 490071.204478979227133, 2143023.489286391064525 ], [ 490053.866602035646793, 2142993.031594141852111 ], [ 490034.499424562207423, 2142959.036745202727616 ], [ 490015.166658602538519, 2142925.069272113963962 ], [ 489996.59412743197754, 2142892.437523804605007 ], [ 489958.750782823248301, 2142825.947152376640588 ], [ 489938.937056712165941, 2142835.793366806581616 ], [ 489880.233846525894478, 2142848.803845435380936 ], [ 489843.139277639100328, 2142853.500905145425349 ], [ 489857.278466459305491, 2142943.363298673648387 ], [ 489859.861581410339568, 2142959.916747462935746 ], [ 489865.11817094089929, 2142993.121983502060175 ], [ 489865.96286314399913, 2142998.743517021648586 ], [ 489870.689962143311277, 2143028.600798391271383 ], [ 489835.180195061140694, 2143034.417054221499711 ], [ 489800.983954955183435, 2143040.535768820904195 ], [ 489810.050505143066403, 2143108.211218388751149 ], [ 489823.583928120555356, 2143184.109239696059376 ] ] ] ] } },
{ "type": "Feature", "properties": { "fid": 4, "ID": 1792, "ENTIDAD": 9, "DISTRITO_F": 13, "DISTRITO_L": 15, "MUNICIPIO": 6, "SECCION": 1797, "TIPO": 2, "CONTROL": 40674, "GEOMETRY1_": null, "CONCENTRAD": null, "CONCENTR_1": null, "CONCENTR_2": null, "CONCENTR_3": null, "CONCENTR_4": null, "CONCENTR_5": null, "CONCENTR_6": null, "CONCENTR_7": null, "CONCENTR_8": null, "CONCENTR_9": null, "CONCENTR10": null, "CONCENTR11": null, "CONCENTR12": null, "CONCENTR13": null, "CONCENTR14": null, "CONCENTR15": null, "CONCENTR16": null, "CONCENTR17": null, "CONCENTR18": null, "CONCENTR19": null, "CONCENTR20": null, "CONCENTR21": null, "CONCENTR22": null, "CONCENTR23": null, "layer": "Ruta 31", "path": "D:/Atlas de Riesgos 2024/SHAPE/Secciones Electorares Distrito 15/Rutas/Ruta 31.gpkg|layername=Ruta 31" }, "geometry": { "type": "MultiPolygon", "coordinates": [ [ [ [ 489784.364495124144014, 2143112.477322388906032 ], [ 489810.050505143066403, 2143108.211218388751149 ], [ 489800.983954955183435, 2143040.535768820904195 ], [ 489835.180195061140694, 2143034.417054221499711 ], [ 489870.689962143311277, 2143028.600798391271383 ], [ 489865.96286314399913, 2142998.743517021648586 ], [ 489865.11817094089929, 2142993.121983502060175 ], [ 489859.861581410339568, 2142959.916747462935746 ], [ 489857.278466459305491, 2142943.363298673648387 ], [ 489843.139277639100328, 2142853.500905145425349 ], [ 489804.050085783062968, 2142857.720761945471168 ], [ 489776.634592323796824, 2142860.680389685556293 ], [ 489741.928418474097271, 2142864.427079685032368 ], [ 489706.411978696007282, 2142868.261241585481912 ], [ 489671.028969887585845, 2142871.709450505208224 ], [ 489627.631725431943778, 2142876.765929774846882 ], [ 489641.752883001463488, 2142964.443482941947877 ], [ 489683.345327120856382, 2142957.581264352891594 ], [ 489688.335117522452492, 2142987.797215242404491 ], [ 489695.287137455015909, 2143022.832958661485463 ], [ 489753.982873858942185, 2143012.259882911108434 ], [ 489756.550668744021095, 2143029.592498380690813 ], [ 489762.323948509991169, 2143029.213037671055645 ], [ 489775.180933178926352, 2143029.213037440553308 ], [ 489776.838264493679162, 2143044.237203149590641 ], [ 489784.364495124144014, 2143112.477322388906032 ] ] ] ] } },
{ "type": "Feature", "properties": { "fid": 1, "ID": 1747, "ENTIDAD": 9, "DISTRITO_F": 13, "DISTRITO_L": 15, "MUNICIPIO": 6, "SECCION": 1752, "TIPO": 2, "CONTROL": 39999, "GEOMETRY1_": null, "CONCENTRAD": null, "CONCENTR_1": null, "CONCENTR_2": null, "CONCENTR_3": null, "CONCENTR_4": null, "CONCENTR_5": null, "CONCENTR_6": null, "CONCENTR_7": null, "CONCENTR_8": null, "CONCENTR_9": null, "CONCENTR10": null, "CONCENTR11": null, "CONCENTR12": null, "CONCENTR13": null, "CONCENTR14": null, "CONCENTR15": null, "CONCENTR16": null, "CONCENTR17": null, "CONCENTR18": null, "CONCENTR19": null, "CONCENTR20": null, "CONCENTR21": null, "CONCENTR22": null, "CONCENTR23": null, "layer": "Ruta 32", "path": "D:/Atlas de Riesgos 2024/SHAPE/Secciones Electorares Distrito 15/Rutas/Ruta 32.gpkg|layername=Ruta 32" }, "geometry": { "type": "MultiPolygon", "coordinates": [ [ [ [ 490289.900883814843837, 2144126.008592450525612 ], [ 490325.412870068452321, 2144122.798323400318623 ], [ 490362.429827729647513, 2144119.30388921033591 ], [ 490399.236443129600957, 2144115.875256671570241 ], [ 490436.314091153850313, 2144112.336767781060189 ], [ 490450.886674730340019, 2144110.975713470950723 ], [ 490469.333014708361588, 2144103.4762172116898 ], [ 490486.527673455362674, 2144096.485601241700351 ], [ 490506.107011881307699, 2144088.525476061739028 ], [ 490525.686350307427347, 2144080.565350892022252 ], [ 490562.388993259286508, 2144066.226696762256324 ], [ 490596.239011542755179, 2144053.376721082720906 ], [ 490673.18362080748193, 2144023.459252043627203 ], [ 490654.922743190778419, 2143993.969934914726764 ], [ 490637.868071612610947, 2143966.704943374730647 ], [ 490618.623347227636259, 2143935.756965286098421 ], [ 490599.509205295296852, 2143905.052730856928974 ], [ 490584.706549138354603, 2143910.576241726521403 ], [ 490573.272587196552195, 2143914.842747166752815 ], [ 490554.098601650330238, 2143921.997389986179769 ], [ 490516.611968848912511, 2143935.985273065976799 ], [ 490476.527187076106202, 2143950.942637835629284 ], [ 490488.124065789219458, 2143984.444731504656374 ], [ 490497.306531005364377, 2144006.715245294384658 ], [ 490459.824724529171363, 2144013.128602373879403 ], [ 490429.069200299039949, 2144016.071250274311751 ], [ 490391.737759585783351, 2144019.701353763230145 ], [ 490352.714728123624809, 2144023.514620863366872 ], [ 490317.884793906181585, 2144026.882804663386196 ], [ 490308.953499769908376, 2143935.261754845734686 ], [ 490301.343683443847112, 2143879.51588782761246 ], [ 490270.839586197398603, 2143882.693398607429117 ], [ 490265.254378279612865, 2143883.275191217660904 ], [ 490270.963455994729884, 2143938.646779856644571 ], [ 490280.163132249901537, 2144030.1035246537067 ], [ 490289.900883814843837, 2144126.008592450525612 ] ] ] ] } },
{ "type": "Feature", "properties": { "fid": 2, "ID": 1748, "ENTIDAD": 9, "DISTRITO_F": 13, "DISTRITO_L": 15, "MUNICIPIO": 6, "SECCION": 1753, "TIPO": 2, "CONTROL": 40001, "GEOMETRY1_": null, "CONCENTRAD": null, "CONCENTR_1": null, "CONCENTR_2": null, "CONCENTR_3": null, "CONCENTR_4": null, "CONCENTR_5": null, "CONCENTR_6": null, "CONCENTR_7": null, "CONCENTR_8": null, "CONCENTR_9": null, "CONCENTR10": null, "CONCENTR11": null, "CONCENTR12": null, "CONCENTR13": null, "CONCENTR14": null, "CONCENTR15": null, "CONCENTR16": null, "CONCENTR17": null, "CONCENTR18": null, "CONCENTR19": null, "CONCENTR20": null, "CONCENTR21": null, "CONCENTR22": null, "CONCENTR23": null, "layer": "Ruta 32", "path": "D:/Atlas de Riesgos 2024/SHAPE/Secciones Electorares Distrito 15/Rutas/Ruta 32.gpkg|layername=Ruta 32" }, "geometry": { "type": "MultiPolygon", "coordinates": [ [ [ [ 490317.884793906181585, 2144026.882804663386196 ], [ 490352.714728123624809, 2144023.514620863366872 ], [ 490391.737759585783351, 2144019.701353763230145 ], [ 490429.069200299039949, 2144016.071250274311751 ], [ 490459.824724529171363, 2144013.128602373879403 ], [ 490497.306531005364377, 2144006.715245294384658 ], [ 490488.124065789219458, 2143984.444731504656374 ], [ 490476.527187076106202, 2143950.942637835629284 ], [ 490516.611968848912511, 2143935.985273065976799 ], [ 490554.098601650330238, 2143921.997389986179769 ], [ 490573.272587196552195, 2143914.842747166752815 ], [ 490584.706549138354603, 2143910.576241726521403 ], [ 490599.509205295296852, 2143905.052730856928974 ], [ 490581.280547614442185, 2143875.751354527659714 ], [ 490561.679841534467414, 2143844.188271408434957 ], [ 490545.363152151403483, 2143850.474993458483368 ], [ 490535.812390926701482, 2143854.154844177886844 ], [ 490530.731507581542246, 2143856.112477896269411 ], [ 490491.228882250143215, 2143871.332601287867874 ], [ 490451.904659863270354, 2143886.370124857407063 ], [ 490440.219258387107402, 2143852.689370888285339 ], [ 490428.95861005235929, 2143820.182134119328111 ], [ 490417.347860434150789, 2143787.459012910258025 ], [ 490405.380369933263864, 2143755.202099530026317 ], [ 490393.897204784268979, 2143722.759792522527277 ], [ 490359.164644773118198, 2143730.794937931466848 ], [ 490321.243868819845375, 2143739.567655781749636 ], [ 490285.536440438008867, 2143747.828330471180379 ], [ 490249.676430291146971, 2143756.085641630925238 ], [ 490245.791413306025788, 2143756.980225701350719 ], [ 490212.794219821051229, 2143764.693340260535479 ], [ 490220.30856138758827, 2143799.784091959241778 ], [ 490217.552246457140427, 2143800.410401489585638 ], [ 490187.711307835357729, 2143807.854065089020878 ], [ 490178.864383055537473, 2143810.063448779750615 ], [ 490171.797096337017138, 2143811.843590988777578 ], [ 490144.252281069057062, 2143818.781711709685624 ], [ 490140.627916519413702, 2143819.694634108804166 ], [ 490141.283414360601455, 2143826.788791448809206 ], [ 490147.594730949262157, 2143895.09332287684083 ], [ 490155.757008480548393, 2143894.266420776955783 ], [ 490183.21723992866464, 2143891.510455066803843 ], [ 490191.179803008330055, 2143890.68487233761698 ], [ 490202.918395690678153, 2143889.488605997059494 ], [ 490229.074565151880961, 2143886.881458037532866 ], [ 490236.158128234848846, 2143886.175395276863128 ], [ 490265.254378279612865, 2143883.275191217660904 ], [ 490270.839586197398603, 2143882.693398607429117 ], [ 490301.343683443847112, 2143879.51588782761246 ], [ 490308.953499769908376, 2143935.261754845734686 ], [ 490317.884793906181585, 2144026.882804663386196 ] ] ] ] } },
{ "type": "Feature", "properties": { "fid": 3, "ID": 1749, "ENTIDAD": 9, "DISTRITO_F": 13, "DISTRITO_L": 15, "MUNICIPIO": 6, "SECCION": 1754, "TIPO": 2, "CONTROL": 39993, "GEOMETRY1_": null, "CONCENTRAD": null, "CONCENTR_1": null, "CONCENTR_2": null, "CONCENTR_3": null, "CONCENTR_4": null, "CONCENTR_5": null, "CONCENTR_6": null, "CONCENTR_7": null, "CONCENTR_8": null, "CONCENTR_9": null, "CONCENTR10": null, "CONCENTR11": null, "CONCENTR12": null, "CONCENTR13": null, "CONCENTR14": null, "CONCENTR15": null, "CONCENTR16": null, "CONCENTR17": null, "CONCENTR18": null, "CONCENTR19": null, "CONCENTR20": null, "CONCENTR21": null, "CONCENTR22": null, "CONCENTR23": null, "layer": "Ruta 32", "path": "D:/Atlas de Riesgos 2024/SHAPE/Secciones Electorares Distrito 15/Rutas/Ruta 32.gpkg|layername=Ruta 32" }, "geometry": { "type": "MultiPolygon", "coordinates": [ [ [ [ 490339.653576128883287, 2143639.027845833916217 ], [ 490375.768758348771371, 2143632.992311594542116 ], [ 490401.845933013537433, 2143628.654283363837749 ], [ 490411.731726501253434, 2143627.009747414384037 ], [ 490427.923107678070664, 2143624.316255143843591 ], [ 490383.31150383874774, 2143549.613663597032428 ], [ 490349.669452127884142, 2143493.279700428247452 ], [ 490313.749966674775351, 2143433.132150940131396 ], [ 490308.453627095499542, 2143424.263375600334257 ], [ 490247.567894462787081, 2143322.30958729237318 ], [ 490231.395909632963594, 2143325.9455342926085 ], [ 490201.161139867501333, 2143332.779327342286706 ], [ 490165.074589585245121, 2143341.185352072119713 ], [ 490139.068396436807234, 2143346.787953642662615 ], [ 490130.406324365525506, 2143348.742187321186066 ], [ 490107.573391486657783, 2143353.893482091836631 ], [ 490097.363197934639174, 2143356.678782771341503 ], [ 490108.291265357576776, 2143409.07815161999315 ], [ 490073.482261781289708, 2143417.451787540689111 ], [ 490038.673258203023579, 2143425.8254234502092 ], [ 490051.143590878637042, 2143484.155721657443792 ], [ 490061.298361205263063, 2143531.007889436092228 ], [ 490065.676717741764151, 2143530.077818537130952 ], [ 490090.206125083030201, 2143524.867167487274855 ], [ 490092.795197151543107, 2143524.317184726707637 ], [ 490095.893788426066749, 2143523.65896752756089 ], [ 490124.799157831468619, 2143517.518754218704998 ], [ 490127.616164493549149, 2143516.920352538116276 ], [ 490143.334228786523454, 2143513.581448047887534 ], [ 490159.845362555817701, 2143510.074076058343053 ], [ 490162.437131838814821, 2143509.523520337417722 ], [ 490167.568947915686294, 2143529.780688466504216 ], [ 490181.586562116863206, 2143595.565296564716846 ], [ 490214.542894372774754, 2143588.126337175257504 ], [ 490250.234248917957302, 2143580.070023896172643 ], [ 490290.33909382490674, 2143570.889198556076735 ], [ 490319.880876905226614, 2143564.126475705765188 ], [ 490324.881565971649252, 2143562.981714946217835 ], [ 490339.653576128883287, 2143639.027845833916217 ] ] ] ] } },
{ "type": "Feature", "properties": { "fid": 4, "ID": 1750, "ENTIDAD": 9, "DISTRITO_F": 13, "DISTRITO_L": 15, "MUNICIPIO": 6, "SECCION": 1755, "TIPO": 2, "CONTROL": 39991, "GEOMETRY1_": null, "CONCENTRAD": null, "CONCENTR_1": null, "CONCENTR_2": null, "CONCENTR_3": null, "CONCENTR_4": null, "CONCENTR_5": null, "CONCENTR_6": null, "CONCENTR_7": null, "CONCENTR_8": null, "CONCENTR_9": null, "CONCENTR10": null, "CONCENTR11": null, "CONCENTR12": null, "CONCENTR13": null, "CONCENTR14": null, "CONCENTR15": null, "CONCENTR16": null, "CONCENTR17": null, "CONCENTR18": null, "CONCENTR19": null, "CONCENTR20": null, "CONCENTR21": null, "CONCENTR22": null, "CONCENTR23": null, "layer": "Ruta 32", "path": "D:/Atlas de Riesgos 2024/SHAPE/Secciones Electorares Distrito 15/Rutas/Ruta 32.gpkg|layername=Ruta 32" }, "geometry": { "type": "MultiPolygon", "coordinates": [ [ [ [ 490451.904659863270354, 2143886.370124857407063 ], [ 490491.228882250143215, 2143871.332601287867874 ], [ 490530.731507581542246, 2143856.112477896269411 ], [ 490535.812390926701482, 2143854.154844177886844 ], [ 490545.363152151403483, 2143850.474993458483368 ], [ 490561.679841534467414, 2143844.188271408434957 ], [ 490524.80753222637577, 2143783.407359840348363 ], [ 490506.551927711348981, 2143753.31282121129334 ], [ 490501.309235435212031, 2143744.672387031372637 ], [ 490487.985100741963834, 2143722.712809252087027 ], [ 490469.897968653182033, 2143692.887315442319959 ], [ 490451.402576382271945, 2143662.474465833045542 ], [ 490427.923107678070664, 2143624.316255143843591 ], [ 490411.731726501253434, 2143627.009747414384037 ], [ 490401.845933013537433, 2143628.654283363837749 ], [ 490375.768758348771371, 2143632.992311594542116 ], [ 490339.653576128883287, 2143639.027845833916217 ], [ 490324.881565971649252, 2143562.981714946217835 ], [ 490319.880876905226614, 2143564.126475705765188 ], [ 490290.33909382490674, 2143570.889198556076735 ], [ 490250.234248917957302, 2143580.070023896172643 ], [ 490214.542894372774754, 2143588.126337175257504 ], [ 490181.586562116863206, 2143595.565296564716846 ], [ 490167.568947915686294, 2143529.780688466504216 ], [ 490162.437131838814821, 2143509.523520337417722 ], [ 490159.845362555817701, 2143510.074076058343053 ], [ 490143.334228786523454, 2143513.581448047887534 ], [ 490127.616164493549149, 2143516.920352538116276 ], [ 490124.799157831468619, 2143517.518754218704998 ], [ 490095.893788426066749, 2143523.65896752756089 ], [ 490092.795197151543107, 2143524.317184726707637 ], [ 490090.206125083030201, 2143524.867167487274855 ], [ 490065.676717741764151, 2143530.077818537130952 ], [ 490061.298361205263063, 2143531.007889436092228 ], [ 490051.143590878637042, 2143484.155721657443792 ], [ 490038.673258203023579, 2143425.8254234502092 ], [ 490073.482261781289708, 2143417.451787540689111 ], [ 490108.291265357576776, 2143409.07815161999315 ], [ 490097.363197934639174, 2143356.678782771341503 ], [ 490071.752973025082611, 2143361.990149551536888 ], [ 490037.218531353399158, 2143370.229259361512959 ], [ 490027.514921100402717, 2143372.374942421913147 ], [ 489999.523232673411258, 2143378.5645244512707 ], [ 489961.704520313942339, 2143386.802682010922581 ], [ 489927.853864628414158, 2143394.412208430469036 ], [ 489917.845046346308663, 2143396.625379750970751 ], [ 489947.973874046001583, 2143582.237882855348289 ], [ 489950.104172841471154, 2143606.315209675114602 ], [ 489957.964778470050078, 2143724.16961813159287 ], [ 489967.433344529592432, 2143775.599151749629527 ], [ 489981.785679798806086, 2143826.067302428651601 ], [ 489992.209097849030513, 2143857.062349838204682 ], [ 489997.716193355328869, 2143855.691927187610418 ], [ 490029.712376106646843, 2143847.74664143845439 ], [ 490036.63797365030041, 2143846.026878427714109 ], [ 490063.55603554303525, 2143839.342590638902038 ], [ 490070.017317753576208, 2143837.704742868430912 ], [ 490101.301695141359232, 2143829.621923738624901 ], [ 490107.56247420667205, 2143828.023316959384829 ], [ 490137.846280225436203, 2143820.388215619139373 ], [ 490140.627916519413702, 2143819.694634108804166 ], [ 490144.252281069057062, 2143818.781711709685624 ], [ 490171.797096337017138, 2143811.843590988777578 ], [ 490178.864383055537473, 2143810.063448779750615 ], [ 490187.711307835357729, 2143807.854065089020878 ], [ 490217.552246457140427, 2143800.410401489585638 ], [ 490220.30856138758827, 2143799.784091959241778 ], [ 490212.794219821051229, 2143764.693340260535479 ], [ 490245.791413306025788, 2143756.980225701350719 ], [ 490249.676430291146971, 2143756.085641630925238 ], [ 490285.536440438008867, 2143747.828330471180379 ], [ 490321.243868819845375, 2143739.567655781749636 ], [ 490359.164644773118198, 2143730.794937931466848 ], [ 490393.897204784268979, 2143722.759792522527277 ], [ 490405.380369933263864, 2143755.202099530026317 ], [ 490417.347860434150789, 2143787.459012910258025 ], [ 490428.95861005235929, 2143820.182134119328111 ], [ 490440.219258387107402, 2143852.689370888285339 ], [ 490451.904659863270354, 2143886.370124857407063 ] ] ] ] } },
{ "type": "Feature", "properties": { "fid": 1, "ID": 1753, "ENTIDAD": 9, "DISTRITO_F": 13, "DISTRITO_L": 15, "MUNICIPIO": 6, "SECCION": 1758, "TIPO": 2, "CONTROL": 40716, "GEOMETRY1_": null, "CONCENTRAD": null, "CONCENTR_1": null, "CONCENTR_2": null, "CONCENTR_3": null, "CONCENTR_4": null, "CONCENTR_5": null, "CONCENTR_6": null, "CONCENTR_7": null, "CONCENTR_8": null, "CONCENTR_9": null, "CONCENTR10": null, "CONCENTR11": null, "CONCENTR12": null, "CONCENTR13": null, "CONCENTR14": null, "CONCENTR15": null, "CONCENTR16": null, "CONCENTR17": null, "CONCENTR18": null, "CONCENTR19": null, "CONCENTR20": null, "CONCENTR21": null, "CONCENTR22": null, "CONCENTR23": null, "layer": "Ruta 33", "path": "D:/Atlas de Riesgos 2024/SHAPE/Secciones Electorares Distrito 15/Rutas/Ruta 33.gpkg|layername=Ruta 34" }, "geometry": { "type": "MultiPolygon", "coordinates": [ [ [ [ 489734.611492054653354, 2143743.532685361802578 ], [ 489771.132435526582412, 2143741.149871521163732 ], [ 489807.560646756668575, 2143737.490363670978695 ], [ 489845.053840402106289, 2143733.960126951802522 ], [ 489831.537564659316558, 2143592.497045215219259 ], [ 489813.139055813779123, 2143420.396573049947619 ], [ 489777.005519534577616, 2143428.472274029627442 ], [ 489742.087374377995729, 2143437.155199510511011 ], [ 489735.362765806785319, 2143438.841545219067484 ], [ 489706.762105752015486, 2143445.618920579086989 ], [ 489723.083891829999629, 2143602.052860284689814 ], [ 489734.611492054653354, 2143743.532685361802578 ] ] ] ] } },
{ "type": "Feature", "properties": { "fid": 2, "ID": 1754, "ENTIDAD": 9, "DISTRITO_F": 13, "DISTRITO_L": 15, "MUNICIPIO": 6, "SECCION": 1759, "TIPO": 2, "CONTROL": 39985, "GEOMETRY1_": null, "CONCENTRAD": null, "CONCENTR_1": null, "CONCENTR_2": null, "CONCENTR_3": null, "CONCENTR_4": null, "CONCENTR_5": null, "CONCENTR_6": null, "CONCENTR_7": null, "CONCENTR_8": null, "CONCENTR_9": null, "CONCENTR10": null, "CONCENTR11": null, "CONCENTR12": null, "CONCENTR13": null, "CONCENTR14": null, "CONCENTR15": null, "CONCENTR16": null, "CONCENTR17": null, "CONCENTR18": null, "CONCENTR19": null, "CONCENTR20": null, "CONCENTR21": null, "CONCENTR22": null, "CONCENTR23": null, "layer": "Ruta 33", "path": "D:/Atlas de Riesgos 2024/SHAPE/Secciones Electorares Distrito 15/Rutas/Ruta 33.gpkg|layername=Ruta 34" }, "geometry": { "type": "MultiPolygon", "coordinates": [ [ [ [ 489752.634491303469986, 2143933.27265749592334 ], [ 489790.034883318643551, 2143930.001397216226906 ], [ 489826.531023988965899, 2143926.073563036043197 ], [ 489863.011759291868657, 2143922.167292606085539 ], [ 489854.588697965780739, 2143832.204374458640814 ], [ 489891.067961194145028, 2143829.063064559362829 ], [ 489881.574713896494359, 2143729.850727251265198 ], [ 489845.053840402106289, 2143733.960126951802522 ], [ 489807.560646756668575, 2143737.490363670978695 ], [ 489771.132435526582412, 2143741.149871521163732 ], [ 489734.611492054653354, 2143743.532685361802578 ], [ 489745.494970800122246, 2143841.5986761986278 ], [ 489752.634491303469986, 2143933.27265749592334 ] ] ] ] } },
{ "type": "Feature", "properties": { "fid": 3, "ID": 1742, "ENTIDAD": 9, "DISTRITO_F": 13, "DISTRITO_L": 15, "MUNICIPIO": 6, "SECCION": 1747, "TIPO": 2, "CONTROL": 40721, "GEOMETRY1_": null, "CONCENTRAD": null, "CONCENTR_1": null, "CONCENTR_2": null, "CONCENTR_3": null, "CONCENTR_4": null, "CONCENTR_5": null, "CONCENTR_6": null, "CONCENTR_7": null, "CONCENTR_8": null, "CONCENTR_9": null, "CONCENTR10": null, "CONCENTR11": null, "CONCENTR12": null, "CONCENTR13": null, "CONCENTR14": null, "CONCENTR15": null, "CONCENTR16": null, "CONCENTR17": null, "CONCENTR18": null, "CONCENTR19": null, "CONCENTR20": null, "CONCENTR21": null, "CONCENTR22": null, "CONCENTR23": null, "layer": "Ruta 33", "path": "D:/Atlas de Riesgos 2024/SHAPE/Secciones Electorares Distrito 15/Rutas/Ruta 33.gpkg|layername=Ruta 34" }, "geometry": { "type": "MultiPolygon", "coordinates": [ [ [ [ 489571.755360359849874, 2143949.049251515883952 ], [ 489603.943762908398639, 2143946.241743095684797 ], [ 489642.832462150952779, 2143942.879506945144385 ], [ 489678.928199197689537, 2143939.755119225475937 ], [ 489716.6023752890178, 2143936.413568335585296 ], [ 489752.634491303469986, 2143933.27265749592334 ], [ 489745.494970800122246, 2143841.5986761986278 ], [ 489734.611492054653354, 2143743.532685361802578 ], [ 489697.068952411704231, 2143747.642116160597652 ], [ 489661.172591102949809, 2143750.667161611374468 ], [ 489670.976277078792918, 2143847.237775328569114 ], [ 489635.863519330916461, 2143850.155156538356096 ], [ 489600.75076158286538, 2143853.072537747677416 ], [ 489593.197017162747215, 2143756.162894741632044 ], [ 489554.997272751643322, 2143759.025969860609621 ], [ 489562.982889926526695, 2143857.266498897224665 ], [ 489571.755360359849874, 2143949.049251515883952 ] ] ] ] } },
{ "type": "Feature", "properties": { "fid": 4, "ID": 1751, "ENTIDAD": 9, "DISTRITO_F": 13, "DISTRITO_L": 15, "MUNICIPIO": 6, "SECCION": 1756, "TIPO": 2, "CONTROL": 39995, "GEOMETRY1_": null, "CONCENTRAD": null, "CONCENTR_1": null, "CONCENTR_2": null, "CONCENTR_3": null, "CONCENTR_4": null, "CONCENTR_5": null, "CONCENTR_6": null, "CONCENTR_7": null, "CONCENTR_8": null, "CONCENTR_9": null, "CONCENTR10": null, "CONCENTR11": null, "CONCENTR12": null, "CONCENTR13": null, "CONCENTR14": null, "CONCENTR15": null, "CONCENTR16": null, "CONCENTR17": null, "CONCENTR18": null, "CONCENTR19": null, "CONCENTR20": null, "CONCENTR21": null, "CONCENTR22": null, "CONCENTR23": null, "layer": "Ruta 33", "path": "D:/Atlas de Riesgos 2024/SHAPE/Secciones Electorares Distrito 15/Rutas/Ruta 33.gpkg|layername=Ruta 34" }, "geometry": { "type": "MultiPolygon", "coordinates": [ [ [ [ 489871.951075294346083, 2143978.19481804408133 ], [ 489905.889001144387294, 2143974.898433505557477 ], [ 489912.585903586063068, 2143974.070709055289626 ], [ 489944.936261124559678, 2143970.903236334677786 ], [ 489939.03556659037713, 2143916.80631130700931 ], [ 489977.428309070761316, 2143913.343066866975278 ], [ 489998.859053896449041, 2143911.028545965906233 ], [ 490005.835255732294172, 2143910.275116017088294 ], [ 490037.509410161583219, 2143906.854306647088379 ], [ 490043.108761104638688, 2143906.249576625879854 ], [ 490074.730305788747501, 2143902.834449117071927 ], [ 490081.179952468548436, 2143902.137887136545032 ], [ 490111.055487266683485, 2143898.91132872691378 ], [ 490118.420952835469507, 2143898.115858287084848 ], [ 490147.594730949262157, 2143895.09332287684083 ], [ 490141.283414360601455, 2143826.788791448809206 ], [ 490140.627916519413702, 2143819.694634108804166 ], [ 490137.846280225436203, 2143820.388215619139373 ], [ 490107.56247420667205, 2143828.023316959384829 ], [ 490101.301695141359232, 2143829.621923738624901 ], [ 490070.017317753576208, 2143837.704742868430912 ], [ 490063.55603554303525, 2143839.342590638902038 ], [ 490036.63797365030041, 2143846.026878427714109 ], [ 490029.712376106646843, 2143847.74664143845439 ], [ 489997.716193355328869, 2143855.691927187610418 ], [ 489992.209097849030513, 2143857.062349838204682 ], [ 489981.785679798806086, 2143826.067302428651601 ], [ 489967.433344529592432, 2143775.599151749629527 ], [ 489957.964778470050078, 2143724.16961813159287 ], [ 489918.694190900132526, 2143727.053962592501193 ], [ 489881.574713896494359, 2143729.850727251265198 ], [ 489891.067961194145028, 2143829.063064559362829 ], [ 489854.588697965780739, 2143832.204374458640814 ], [ 489863.011759291868657, 2143922.167292606085539 ], [ 489871.951075294346083, 2143978.19481804408133 ] ] ] ] } },
{ "type": "Feature", "properties": { "fid": 5, "ID": 1752, "ENTIDAD": 9, "DISTRITO_F": 13, "DISTRITO_L": 15, "MUNICIPIO": 6, "SECCION": 1757, "TIPO": 2, "CONTROL": 40715, "GEOMETRY1_": null, "CONCENTRAD": null, "CONCENTR_1": null, "CONCENTR_2": null, "CONCENTR_3": null, "CONCENTR_4": null, "CONCENTR_5": null, "CONCENTR_6": null, "CONCENTR_7": null, "CONCENTR_8": null, "CONCENTR_9": null, "CONCENTR10": null, "CONCENTR11": null, "CONCENTR12": null, "CONCENTR13": null, "CONCENTR14": null, "CONCENTR15": null, "CONCENTR16": null, "CONCENTR17": null, "CONCENTR18": null, "CONCENTR19": null, "CONCENTR20": null, "CONCENTR21": null, "CONCENTR22": null, "CONCENTR23": null, "layer": "Ruta 33", "path": "D:/Atlas de Riesgos 2024/SHAPE/Secciones Electorares Distrito 15/Rutas/Ruta 33.gpkg|layername=Ruta 34" }, "geometry": { "type": "MultiPolygon", "coordinates": [ [ [ [ 489845.053840402106289, 2143733.960126951802522 ], [ 489881.574713896494359, 2143729.850727251265198 ], [ 489918.694190900132526, 2143727.053962592501193 ], [ 489957.964778470050078, 2143724.16961813159287 ], [ 489950.104172841471154, 2143606.315209675114602 ], [ 489947.973874046001583, 2143582.237882855348289 ], [ 489917.845046346308663, 2143396.625379750970751 ], [ 489892.527275968692265, 2143402.576125509571284 ], [ 489885.944874129141681, 2143403.872207780368626 ], [ 489851.710610518231988, 2143411.249167690053582 ], [ 489813.139055813779123, 2143420.396573049947619 ], [ 489831.537564659316558, 2143592.497045215219259 ], [ 489845.053840402106289, 2143733.960126951802522 ] ] ] ] } },
{ "type": "Feature", "properties": { "fid": 1, "ID": 1708, "ENTIDAD": 9, "DISTRITO_F": 13, "DISTRITO_L": 15, "MUNICIPIO": 6, "SECCION": 1713, "TIPO": 2, "CONTROL": 39997, "GEOMETRY1_": null, "CONCENTRAD": null, "CONCENTR_1": null, "CONCENTR_2": null, "CONCENTR_3": null, "CONCENTR_4": null, "CONCENTR_5": null, "CONCENTR_6": null, "CONCENTR_7": null, "CONCENTR_8": null, "CONCENTR_9": null, "CONCENTR10": null, "CONCENTR11": null, "CONCENTR12": null, "CONCENTR13": null, "CONCENTR14": null, "CONCENTR15": null, "CONCENTR16": null, "CONCENTR17": null, "CONCENTR18": null, "CONCENTR19": null, "CONCENTR20": null, "CONCENTR21": null, "CONCENTR22": null, "CONCENTR23": null, "layer": "Ruta 34", "path": "D:/Atlas de Riesgos 2024/SHAPE/Secciones Electorares Distrito 15/Rutas/Ruta 34.gpkg|layername=Ruta 34" }, "geometry": { "type": "MultiPolygon", "coordinates": [ [ [ [ 490161.76919747935608, 2144382.772882273420691 ], [ 490198.326560200774111, 2144378.934840623755008 ], [ 490234.883922924520448, 2144375.096798974089324 ], [ 490273.548966335423756, 2144372.003947763238102 ], [ 490265.399236598692369, 2144277.135592706501484 ], [ 490257.071777049044613, 2144184.266920289024711 ], [ 490251.343025451700669, 2144129.494207100942731 ], [ 490215.607272653840482, 2144132.642168940510601 ], [ 490178.518398137530312, 2144136.638134810142219 ], [ 490170.299391902866773, 2144040.831807083450258 ], [ 490132.543980266549625, 2144044.452542252838612 ], [ 490141.774932891712524, 2144140.099669189658016 ], [ 490146.170354622707237, 2144192.98097648890689 ], [ 490154.003330209467094, 2144288.363590866327286 ], [ 490161.76919747935608, 2144382.772882273420691 ] ] ] ] } },
{ "type": "Feature", "properties": { "fid": 2, "ID": 1709, "ENTIDAD": 9, "DISTRITO_F": 13, "DISTRITO_L": 15, "MUNICIPIO": 6, "SECCION": 1714, "TIPO": 2, "CONTROL": 39949, "GEOMETRY1_": null, "CONCENTRAD": null, "CONCENTR_1": null, "CONCENTR_2": null, "CONCENTR_3": null, "CONCENTR_4": null, "CONCENTR_5": null, "CONCENTR_6": null, "CONCENTR_7": null, "CONCENTR_8": null, "CONCENTR_9": null, "CONCENTR10": null, "CONCENTR11": null, "CONCENTR12": null, "CONCENTR13": null, "CONCENTR14": null, "CONCENTR15": null, "CONCENTR16": null, "CONCENTR17": null, "CONCENTR18": null, "CONCENTR19": null, "CONCENTR20": null, "CONCENTR21": null, "CONCENTR22": null, "CONCENTR23": null, "layer": "Ruta 34", "path": "D:/Atlas de Riesgos 2024/SHAPE/Secciones Electorares Distrito 15/Rutas/Ruta 34.gpkg|layername=Ruta 34" }, "geometry": { "type": "MultiPolygon", "coordinates": [ [ [ [ 490051.131854514009319, 2144394.652534602675587 ], [ 490088.711035429616459, 2144390.991031372919679 ], [ 490125.477841037674807, 2144387.480037822388113 ], [ 490161.76919747935608, 2144382.772882273420691 ], [ 490154.003330209467094, 2144288.363590866327286 ], [ 490146.170354622707237, 2144192.98097648890689 ], [ 490141.774932891712524, 2144140.099669189658016 ], [ 490105.412312783417292, 2144143.527596630621701 ], [ 490081.60890851233853, 2144145.770442180335522 ], [ 490066.75716625264613, 2144147.16982875065878 ], [ 490029.078671599330846, 2144150.720037090126425 ], [ 490033.835757615277544, 2144203.061803978402168 ], [ 490042.595599163381848, 2144299.261413696222007 ], [ 490051.131854514009319, 2144394.652534602675587 ] ] ] ] } },
{ "type": "Feature", "properties": { "fid": 3, "ID": 1744, "ENTIDAD": 9, "DISTRITO_F": 13, "DISTRITO_L": 15, "MUNICIPIO": 6, "SECCION": 1749, "TIPO": 2, "CONTROL": 39971, "GEOMETRY1_": null, "CONCENTRAD": null, "CONCENTR_1": null, "CONCENTR_2": null, "CONCENTR_3": null, "CONCENTR_4": null, "CONCENTR_5": null, "CONCENTR_6": null, "CONCENTR_7": null, "CONCENTR_8": null, "CONCENTR_9": null, "CONCENTR10": null, "CONCENTR11": null, "CONCENTR12": null, "CONCENTR13": null, "CONCENTR14": null, "CONCENTR15": null, "CONCENTR16": null, "CONCENTR17": null, "CONCENTR18": null, "CONCENTR19": null, "CONCENTR20": null, "CONCENTR21": null, "CONCENTR22": null, "CONCENTR23": null, "layer": "Ruta 34", "path": "D:/Atlas de Riesgos 2024/SHAPE/Secciones Electorares Distrito 15/Rutas/Ruta 34.gpkg|layername=Ruta 34" }, "geometry": { "type": "MultiPolygon", "coordinates": [ [ [ [ 489818.971505025983788, 2144170.517118238843977 ], [ 489855.810206432943232, 2144167.046038338914514 ], [ 489892.546320561959874, 2144163.584624599199742 ], [ 489929.573069597419817, 2144160.095826160162687 ], [ 489966.693652482354082, 2144156.587316260673106 ], [ 489955.712873889016919, 2144061.367273922078311 ], [ 489944.936261124559678, 2143970.903236334677786 ], [ 489912.585903586063068, 2143974.070709055289626 ], [ 489905.889001144387294, 2143974.898433505557477 ], [ 489871.951075294346083, 2143978.19481804408133 ], [ 489863.011759291868657, 2143922.167292606085539 ], [ 489826.531023988965899, 2143926.073563036043197 ], [ 489790.034883318643551, 2143930.001397216226906 ], [ 489792.607891425257549, 2143986.607555984519422 ], [ 489799.840295736154076, 2143985.863746074028313 ], [ 489808.922730324033182, 2144075.340720791835338 ], [ 489818.971505025983788, 2144170.517118238843977 ] ] ] ] } },
{ "type": "Feature", "properties": { "fid": 4, "ID": 1745, "ENTIDAD": 9, "DISTRITO_F": 13, "DISTRITO_L": 15, "MUNICIPIO": 6, "SECCION": 1750, "TIPO": 2, "CONTROL": 39955, "GEOMETRY1_": null, "CONCENTRAD": null, "CONCENTR_1": null, "CONCENTR_2": null, "CONCENTR_3": null, "CONCENTR_4": null, "CONCENTR_5": null, "CONCENTR_6": null, "CONCENTR_7": null, "CONCENTR_8": null, "CONCENTR_9": null, "CONCENTR10": null, "CONCENTR11": null, "CONCENTR12": null, "CONCENTR13": null, "CONCENTR14": null, "CONCENTR15": null, "CONCENTR16": null, "CONCENTR17": null, "CONCENTR18": null, "CONCENTR19": null, "CONCENTR20": null, "CONCENTR21": null, "CONCENTR22": null, "CONCENTR23": null, "layer": "Ruta 34", "path": "D:/Atlas de Riesgos 2024/SHAPE/Secciones Electorares Distrito 15/Rutas/Ruta 34.gpkg|layername=Ruta 34" }, "geometry": { "type": "MultiPolygon", "coordinates": [ [ [ [ 489969.457325642288197, 2144306.755592155270278 ], [ 490006.004004301561508, 2144302.770197545178235 ], [ 490042.595599163381848, 2144299.261413696222007 ], [ 490033.835757615277544, 2144203.061803978402168 ], [ 490029.078671599330846, 2144150.720037090126425 ], [ 490066.75716625264613, 2144147.16982875065878 ], [ 490081.60890851233853, 2144145.770442180335522 ], [ 490105.412312783417292, 2144143.527596630621701 ], [ 490141.774932891712524, 2144140.099669189658016 ], [ 490132.543980266549625, 2144044.452542252838612 ], [ 490123.79715576255694, 2143953.354114675428718 ], [ 490118.420952835469507, 2143898.115858287084848 ], [ 490111.055487266683485, 2143898.91132872691378 ], [ 490081.179952468548436, 2143902.137887136545032 ], [ 490074.730305788747501, 2143902.834449117071927 ], [ 490043.108761104638688, 2143906.249576625879854 ], [ 490037.509410161583219, 2143906.854306647088379 ], [ 490005.835255732294172, 2143910.275116017088294 ], [ 489998.859053896449041, 2143911.028545965906233 ], [ 489977.428309070761316, 2143913.343066866975278 ], [ 489939.03556659037713, 2143916.80631130700931 ], [ 489944.936261124559678, 2143970.903236334677786 ], [ 489955.712873889016919, 2144061.367273922078311 ], [ 489966.693652482354082, 2144156.587316260673106 ], [ 489929.573069597419817, 2144160.095826160162687 ], [ 489934.180137514893431, 2144213.53992466814816 ], [ 489961.158560899377335, 2144210.706822188105434 ], [ 489969.457325642288197, 2144306.755592155270278 ] ] ] ] } },
{ "type": "Feature", "properties": { "fid": 5, "ID": 1746, "ENTIDAD": 9, "DISTRITO_F": 13, "DISTRITO_L": 15, "MUNICIPIO": 6, "SECCION": 1751, "TIPO": 2, "CONTROL": 39998, "GEOMETRY1_": null, "CONCENTRAD": null, "CONCENTR_1": null, "CONCENTR_2": null, "CONCENTR_3": null, "CONCENTR_4": null, "CONCENTR_5": null, "CONCENTR_6": null, "CONCENTR_7": null, "CONCENTR_8": null, "CONCENTR_9": null, "CONCENTR10": null, "CONCENTR11": null, "CONCENTR12": null, "CONCENTR13": null, "CONCENTR14": null, "CONCENTR15": null, "CONCENTR16": null, "CONCENTR17": null, "CONCENTR18": null, "CONCENTR19": null, "CONCENTR20": null, "CONCENTR21": null, "CONCENTR22": null, "CONCENTR23": null, "layer": "Ruta 34", "path": "D:/Atlas de Riesgos 2024/SHAPE/Secciones Electorares Distrito 15/Rutas/Ruta 34.gpkg|layername=Ruta 34" }, "geometry": { "type": "MultiPolygon", "coordinates": [ [ [ [ 490178.518398137530312, 2144136.638134810142219 ], [ 490215.607272653840482, 2144132.642168940510601 ], [ 490251.343025451700669, 2144129.494207100942731 ], [ 490289.900883814843837, 2144126.008592450525612 ], [ 490280.163132249901537, 2144030.1035246537067 ], [ 490270.963455994729884, 2143938.646779856644571 ], [ 490265.254378279612865, 2143883.275191217660904 ], [ 490236.158128234848846, 2143886.175395276863128 ], [ 490229.074565151880961, 2143886.881458037532866 ], [ 490202.918395690678153, 2143889.488605997059494 ], [ 490191.179803008330055, 2143890.68487233761698 ], [ 490183.21723992866464, 2143891.510455066803843 ], [ 490155.757008480548393, 2143894.266420776955783 ], [ 490147.594730949262157, 2143895.09332287684083 ], [ 490118.420952835469507, 2143898.115858287084848 ], [ 490123.79715576255694, 2143953.354114675428718 ], [ 490132.543980266549625, 2144044.452542252838612 ], [ 490170.299391902866773, 2144040.831807083450258 ], [ 490178.518398137530312, 2144136.638134810142219 ] ] ] ] } },
{ "type": "Feature", "properties": { "fid": 1, "ID": 1702, "ENTIDAD": 9, "DISTRITO_F": 13, "DISTRITO_L": 15, "MUNICIPIO": 6, "SECCION": 1707, "TIPO": 2, "CONTROL": 40730, "GEOMETRY1_": null, "CONCENTRAD": null, "CONCENTR_1": null, "CONCENTR_2": null, "CONCENTR_3": null, "CONCENTR_4": null, "CONCENTR_5": null, "CONCENTR_6": null, "CONCENTR_7": null, "CONCENTR_8": null, "CONCENTR_9": null, "CONCENTR10": null, "CONCENTR11": null, "CONCENTR12": null, "CONCENTR13": null, "CONCENTR14": null, "CONCENTR15": null, "CONCENTR16": null, "CONCENTR17": null, "CONCENTR18": null, "CONCENTR19": null, "CONCENTR20": null, "CONCENTR21": null, "CONCENTR22": null, "CONCENTR23": null, "layer": "Ruta 35", "path": "D:/Atlas de Riesgos 2024/SHAPE/Secciones Electorares Distrito 15/Rutas/Ruta 35.gpkg|layername=Ruta 35" }, "geometry": { "type": "MultiPolygon", "coordinates": [ [ [ [ 489583.446279148512986, 2144748.88692841399461 ], [ 489611.081441762566101, 2144745.45024729333818 ], [ 489620.225991893792525, 2144744.313040203880519 ], [ 489629.370542024727911, 2144743.175833113491535 ], [ 489658.031092567602172, 2144739.611635784618556 ], [ 489702.376824046019465, 2144734.096845085266978 ], [ 489736.914414854953066, 2144729.80178491352126 ], [ 489767.404441298043821, 2144726.010075804777443 ], [ 489799.512663646019064, 2144722.017129474785179 ], [ 489974.424963494297117, 2144700.265211294870824 ], [ 489988.31004164746264, 2144698.149389535654336 ], [ 490002.427233664260712, 2144695.998198035638779 ], [ 490027.056709444441367, 2144692.245134475175291 ], [ 490066.655832563643344, 2144684.726312614511698 ], [ 490090.214804517745506, 2144678.711255275644362 ], [ 490118.285068927682005, 2144668.68615989619866 ], [ 490134.826474758447148, 2144663.67361215595156 ], [ 490151.367880535370205, 2144655.653535956051201 ], [ 490145.854077602562029, 2144599.011749817058444 ], [ 490109.862249433645047, 2144602.503143697977066 ], [ 490088.711035429616459, 2144390.991031372919679 ], [ 490051.131854514009319, 2144394.652534602675587 ], [ 490042.595599163381848, 2144299.261413696222007 ], [ 490006.004004301561508, 2144302.770197545178235 ], [ 489969.457325642288197, 2144306.755592155270278 ], [ 489978.434996140305884, 2144402.018637652974576 ], [ 489970.993364938010927, 2144402.761672453023493 ], [ 489940.611525684129447, 2144405.795249793212861 ], [ 489902.787382099078968, 2144409.571929142810404 ], [ 489877.259709520032629, 2144412.120825822930783 ], [ 489842.178944705752656, 2144415.758746622595936 ], [ 489804.993633722129744, 2144419.436414903029799 ], [ 489768.919337828992866, 2144423.088262922130525 ], [ 489731.355021953699179, 2144426.890947602223605 ], [ 489694.927876520552672, 2144430.576596612110734 ], [ 489657.942751350754406, 2144434.319863772485405 ], [ 489621.678299177496228, 2144437.994110652245581 ], [ 489610.263399653718807, 2144343.371838824357837 ], [ 489599.987676094693597, 2144248.634692067746073 ], [ 489563.169417659693863, 2144252.271064087282866 ], [ 489548.028322914615273, 2144253.766481187194586 ], [ 489478.182778132264502, 2144260.664808136876673 ], [ 489487.229167174664326, 2144357.047926004510373 ], [ 489495.950752847420517, 2144449.970485021360219 ], [ 489500.703636809368618, 2144505.568904821295291 ], [ 489503.074537710577715, 2144525.869563969783485 ], [ 489509.989680346625391, 2144599.647463927511126 ], [ 489518.784418672148604, 2144693.2476528249681 ], [ 489530.814532216230873, 2144701.768983284477144 ], [ 489543.345900567539502, 2144714.801606444641948 ], [ 489560.88981614477234, 2144726.831720013637096 ], [ 489567.504515572625678, 2144733.299426163546741 ], [ 489583.446279148512986, 2144748.88692841399461 ] ] ] ] } },
{ "type": "Feature", "properties": { "fid": 2, "ID": 1710, "ENTIDAD": 9, "DISTRITO_F": 13, "DISTRITO_L": 15, "MUNICIPIO": 6, "SECCION": 1715, "TIPO": 2, "CONTROL": 39957, "GEOMETRY1_": null, "CONCENTRAD": null, "CONCENTR_1": null, "CONCENTR_2": null, "CONCENTR_3": null, "CONCENTR_4": null, "CONCENTR_5": null, "CONCENTR_6": null, "CONCENTR_7": null, "CONCENTR_8": null, "CONCENTR_9": null, "CONCENTR10": null, "CONCENTR11": null, "CONCENTR12": null, "CONCENTR13": null, "CONCENTR14": null, "CONCENTR15": null, "CONCENTR16": null, "CONCENTR17": null, "CONCENTR18": null, "CONCENTR19": null, "CONCENTR20": null, "CONCENTR21": null, "CONCENTR22": null, "CONCENTR23": null, "layer": "Ruta 35", "path": "D:/Atlas de Riesgos 2024/SHAPE/Secciones Electorares Distrito 15/Rutas/Ruta 35.gpkg|layername=Ruta 35" }, "geometry": { "type": "MultiPolygon", "coordinates": [ [ [ [ 489842.178944705752656, 2144415.758746622595936 ], [ 489877.259709520032629, 2144412.120825822930783 ], [ 489902.787382099078968, 2144409.571929142810404 ], [ 489940.611525684129447, 2144405.795249793212861 ], [ 489970.993364938010927, 2144402.761672453023493 ], [ 489978.434996140305884, 2144402.018637652974576 ], [ 489969.457325642288197, 2144306.755592155270278 ], [ 489961.158560899377335, 2144210.706822188105434 ], [ 489934.180137514893431, 2144213.53992466814816 ], [ 489929.573069597419817, 2144160.095826160162687 ], [ 489892.546320561959874, 2144163.584624599199742 ], [ 489855.810206432943232, 2144167.046038338914514 ], [ 489818.971505025983788, 2144170.517118238843977 ], [ 489824.099282089737244, 2144225.132090708240867 ], [ 489833.384238666156307, 2144320.80851149559021 ], [ 489842.178944705752656, 2144415.758746622595936 ] ] ] ] } },
{ "type": "Feature", "properties": { "fid": 3, "ID": 1711, "ENTIDAD": 9, "DISTRITO_F": 13, "DISTRITO_L": 15, "MUNICIPIO": 6, "SECCION": 1716, "TIPO": 2, "CONTROL": 39959, "GEOMETRY1_": null, "CONCENTRAD": null, "CONCENTR_1": null, "CONCENTR_2": null, "CONCENTR_3": null, "CONCENTR_4": null, "CONCENTR_5": null, "CONCENTR_6": null, "CONCENTR_7": null, "CONCENTR_8": null, "CONCENTR_9": null, "CONCENTR10": null, "CONCENTR11": null, "CONCENTR12": null, "CONCENTR13": null, "CONCENTR14": null, "CONCENTR15": null, "CONCENTR16": null, "CONCENTR17": null, "CONCENTR18": null, "CONCENTR19": null, "CONCENTR20": null, "CONCENTR21": null, "CONCENTR22": null, "CONCENTR23": null, "layer": "Ruta 35", "path": "D:/Atlas de Riesgos 2024/SHAPE/Secciones Electorares Distrito 15/Rutas/Ruta 35.gpkg|layername=Ruta 35" }, "geometry": { "type": "MultiPolygon", "coordinates": [ [ [ [ 489621.678299177496228, 2144437.994110652245581 ], [ 489657.942751350754406, 2144434.319863772485405 ], [ 489694.927876520552672, 2144430.576596612110734 ], [ 489731.355021953699179, 2144426.890947602223605 ], [ 489768.919337828992866, 2144423.088262922130525 ], [ 489804.993633722129744, 2144419.436414903029799 ], [ 489842.178944705752656, 2144415.758746622595936 ], [ 489833.384238666156307, 2144320.80851149559021 ], [ 489824.099282089737244, 2144225.132090708240867 ], [ 489818.971505025983788, 2144170.517118238843977 ], [ 489781.617221766209695, 2144174.036778189241886 ], [ 489745.239951746130828, 2144177.464380299672484 ], [ 489708.555064785934519, 2144180.920967239420861 ], [ 489713.689853040850721, 2144236.689342827536166 ], [ 489722.490404170937836, 2144332.061510775238276 ], [ 489685.902007144060917, 2144335.73919981578365 ], [ 489649.304040129878558, 2144339.437291575130075 ], [ 489610.263399653718807, 2144343.371838824357837 ], [ 489621.678299177496228, 2144437.994110652245581 ] ] ] ] } },
{ "type": "Feature", "properties": { "fid": 4, "ID": 1741, "ENTIDAD": 9, "DISTRITO_F": 13, "DISTRITO_L": 15, "MUNICIPIO": 6, "SECCION": 1746, "TIPO": 2, "CONTROL": 39964, "GEOMETRY1_": null, "CONCENTRAD": null, "CONCENTR_1": null, "CONCENTR_2": null, "CONCENTR_3": null, "CONCENTR_4": null, "CONCENTR_5": null, "CONCENTR_6": null, "CONCENTR_7": null, "CONCENTR_8": null, "CONCENTR_9": null, "CONCENTR10": null, "CONCENTR11": null, "CONCENTR12": null, "CONCENTR13": null, "CONCENTR14": null, "CONCENTR15": null, "CONCENTR16": null, "CONCENTR17": null, "CONCENTR18": null, "CONCENTR19": null, "CONCENTR20": null, "CONCENTR21": null, "CONCENTR22": null, "CONCENTR23": null, "layer": "Ruta 35", "path": "D:/Atlas de Riesgos 2024/SHAPE/Secciones Electorares Distrito 15/Rutas/Ruta 35.gpkg|layername=Ruta 35" }, "geometry": { "type": "MultiPolygon", "coordinates": [ [ [ [ 489610.263399653718807, 2144343.371838824357837 ], [ 489649.304040129878558, 2144339.437291575130075 ], [ 489685.902007144060917, 2144335.73919981578365 ], [ 489722.490404170937836, 2144332.061510775238276 ], [ 489713.689853040850721, 2144236.689342827536166 ], [ 489708.555064785934519, 2144180.920967239420861 ], [ 489671.364047004608437, 2144184.425243709236383 ], [ 489661.937008346896619, 2144089.474791521206498 ], [ 489652.015216183732264, 2143999.651922984514385 ], [ 489683.683923851756845, 2143996.89958676462993 ], [ 489678.928199197689537, 2143939.755119225475937 ], [ 489642.832462150952779, 2143942.879506945144385 ], [ 489603.943762908398639, 2143946.241743095684797 ], [ 489571.755360359849874, 2143949.049251515883952 ], [ 489577.29072403855389, 2144007.066499413456768 ], [ 489585.24329109233804, 2144096.813279641326517 ], [ 489594.578918984800112, 2144196.058063548523933 ], [ 489599.987676094693597, 2144248.634692067746073 ], [ 489610.263399653718807, 2144343.371838824357837 ] ] ] ] } },
{ "type": "Feature", "properties": { "fid": 5, "ID": 1743, "ENTIDAD": 9, "DISTRITO_F": 13, "DISTRITO_L": 15, "MUNICIPIO": 6, "SECCION": 1748, "TIPO": 2, "CONTROL": 39965, "GEOMETRY1_": null, "CONCENTRAD": null, "CONCENTR_1": null, "CONCENTR_2": null, "CONCENTR_3": null, "CONCENTR_4": null, "CONCENTR_5": null, "CONCENTR_6": null, "CONCENTR_7": null, "CONCENTR_8": null, "CONCENTR_9": null, "CONCENTR10": null, "CONCENTR11": null, "CONCENTR12": null, "CONCENTR13": null, "CONCENTR14": null, "CONCENTR15": null, "CONCENTR16": null, "CONCENTR17": null, "CONCENTR18": null, "CONCENTR19": null, "CONCENTR20": null, "CONCENTR21": null, "CONCENTR22": null, "CONCENTR23": null, "layer": "Ruta 35", "path": "D:/Atlas de Riesgos 2024/SHAPE/Secciones Electorares Distrito 15/Rutas/Ruta 35.gpkg|layername=Ruta 35" }, "geometry": { "type": "MultiPolygon", "coordinates": [ [ [ [ 489671.364047004608437, 2144184.425243709236383 ], [ 489708.555064785934519, 2144180.920967239420861 ], [ 489745.239951746130828, 2144177.464380299672484 ], [ 489781.617221766209695, 2144174.036778189241886 ], [ 489818.971505025983788, 2144170.517118238843977 ], [ 489808.922730324033182, 2144075.340720791835338 ], [ 489799.840295736154076, 2143985.863746074028313 ], [ 489792.607891425257549, 2143986.607555984519422 ], [ 489790.034883318643551, 2143930.001397216226906 ], [ 489752.634491303469986, 2143933.27265749592334 ], [ 489716.6023752890178, 2143936.413568335585296 ], [ 489678.928199197689537, 2143939.755119225475937 ], [ 489683.683923851756845, 2143996.89958676462993 ], [ 489652.015216183732264, 2143999.651922984514385 ], [ 489661.937008346896619, 2144089.474791521206498 ], [ 489671.364047004608437, 2144184.425243709236383 ] ] ] ] } },
{ "type": "Feature", "properties": { "fid": 1, "ID": 1703, "ENTIDAD": 9, "DISTRITO_F": 13, "DISTRITO_L": 15, "MUNICIPIO": 6, "SECCION": 1708, "TIPO": 2, "CONTROL": 40732, "GEOMETRY1_": null, "CONCENTRAD": null, "CONCENTR_1": null, "CONCENTR_2": null, "CONCENTR_3": null, "CONCENTR_4": null, "CONCENTR_5": null, "CONCENTR_6": null, "CONCENTR_7": null, "CONCENTR_8": null, "CONCENTR_9": null, "CONCENTR10": null, "CONCENTR11": null, "CONCENTR12": null, "CONCENTR13": null, "CONCENTR14": null, "CONCENTR15": null, "CONCENTR16": null, "CONCENTR17": null, "CONCENTR18": null, "CONCENTR19": null, "CONCENTR20": null, "CONCENTR21": null, "CONCENTR22": null, "CONCENTR23": null, "layer": "Ruta 36", "path": "D:/Atlas de Riesgos 2024/SHAPE/Secciones Electorares Distrito 15/Rutas/Ruta 36.gpkg|layername=Ruta 36" }, "geometry": { "type": "MultiPolygon", "coordinates": [ [ [ [ 490151.367880535370205, 2144655.653535956051201 ], [ 490188.404671202646568, 2144636.302052315790206 ], [ 490222.836897646717262, 2144615.393519027624279 ], [ 490257.443173778010532, 2144591.289593387395144 ], [ 490234.883922924520448, 2144375.096798974089324 ], [ 490198.326560200774111, 2144378.934840623755008 ], [ 490161.76919747935608, 2144382.772882273420691 ], [ 490125.477841037674807, 2144387.480037822388113 ], [ 490088.711035429616459, 2144390.991031372919679 ], [ 490109.862249433645047, 2144602.503143697977066 ], [ 490145.854077602562029, 2144599.011749817058444 ], [ 490151.367880535370205, 2144655.653535956051201 ] ] ] ] } },
{ "type": "Feature", "properties": { "fid": 2, "ID": 1704, "ENTIDAD": 9, "DISTRITO_F": 13, "DISTRITO_L": 15, "MUNICIPIO": 6, "SECCION": 1709, "TIPO": 2, "CONTROL": 39944, "GEOMETRY1_": null, "CONCENTRAD": null, "CONCENTR_1": null, "CONCENTR_2": null, "CONCENTR_3": null, "CONCENTR_4": null, "CONCENTR_5": null, "CONCENTR_6": null, "CONCENTR_7": null, "CONCENTR_8": null, "CONCENTR_9": null, "CONCENTR10": null, "CONCENTR11": null, "CONCENTR12": null, "CONCENTR13": null, "CONCENTR14": null, "CONCENTR15": null, "CONCENTR16": null, "CONCENTR17": null, "CONCENTR18": null, "CONCENTR19": null, "CONCENTR20": null, "CONCENTR21": null, "CONCENTR22": null, "CONCENTR23": null, "layer": "Ruta 36", "path": "D:/Atlas de Riesgos 2024/SHAPE/Secciones Electorares Distrito 15/Rutas/Ruta 36.gpkg|layername=Ruta 36" }, "geometry": { "type": "MultiPolygon", "coordinates": [ [ [ [ 490257.443173778010532, 2144591.289593387395144 ], [ 490292.949607720598578, 2144565.892501937691122 ], [ 490329.979914712836035, 2144539.405412459280342 ], [ 490363.972338570922147, 2144515.091264250222594 ], [ 490399.127414968272205, 2144489.945492321625352 ], [ 490433.984692830767017, 2144465.064584111794829 ], [ 490422.751952879014425, 2144357.430059303995222 ], [ 490384.928924664738588, 2144360.876691864803433 ], [ 490349.61128018744057, 2144364.30406061373651 ], [ 490314.158062672475353, 2144367.893036024644971 ], [ 490273.548966335423756, 2144372.003947763238102 ], [ 490234.883922924520448, 2144375.096798974089324 ], [ 490257.443173778010532, 2144591.289593387395144 ] ] ] ] } },
{ "type": "Feature", "properties": { "fid": 3, "ID": 1705, "ENTIDAD": 9, "DISTRITO_F": 13, "DISTRITO_L": 15, "MUNICIPIO": 6, "SECCION": 1710, "TIPO": 2, "CONTROL": 40355, "GEOMETRY1_": null, "CONCENTRAD": null, "CONCENTR_1": null, "CONCENTR_2": null, "CONCENTR_3": null, "CONCENTR_4": null, "CONCENTR_5": null, "CONCENTR_6": null, "CONCENTR_7": null, "CONCENTR_8": null, "CONCENTR_9": null, "CONCENTR10": null, "CONCENTR11": null, "CONCENTR12": null, "CONCENTR13": null, "CONCENTR14": null, "CONCENTR15": null, "CONCENTR16": null, "CONCENTR17": null, "CONCENTR18": null, "CONCENTR19": null, "CONCENTR20": null, "CONCENTR21": null, "CONCENTR22": null, "CONCENTR23": null, "layer": "Ruta 36", "path": "D:/Atlas de Riesgos 2024/SHAPE/Secciones Electorares Distrito 15/Rutas/Ruta 36.gpkg|layername=Ruta 36" }, "geometry": { "type": "MultiPolygon", "coordinates": [ [ [ [ 490433.984692830767017, 2144465.064584111794829 ], [ 490468.472317888750695, 2144440.932761952280998 ], [ 490502.933611802814994, 2144416.832648653071374 ], [ 490537.8209639689303, 2144392.434576383791864 ], [ 490565.681146175251342, 2144372.950875363778323 ], [ 490622.663226570060942, 2144333.470648984890431 ], [ 490709.627334212127607, 2144273.217274026013911 ], [ 490714.744590906833764, 2144269.671674286480993 ], [ 490780.813937661703676, 2144223.891702498309314 ], [ 490729.569796491821762, 2144143.642158989794552 ], [ 490683.789881720033009, 2144068.877630752976984 ], [ 490616.038056946243159, 2144099.571205721236765 ], [ 490609.972684492473491, 2144102.686746071558446 ], [ 490583.379558496526442, 2144113.544017280917615 ], [ 490544.434048849798273, 2144139.057394770439714 ], [ 490516.525558851135429, 2144150.677096039522439 ], [ 490491.582911575387698, 2144165.165545359719545 ], [ 490522.270980393281206, 2144251.144122487399727 ], [ 490485.989017275103834, 2144255.330503616482019 ], [ 490449.707054159254767, 2144259.516884746495634 ], [ 490459.204151810146868, 2144353.49999564466998 ], [ 490422.751952879014425, 2144357.430059303995222 ], [ 490433.984692830767017, 2144465.064584111794829 ] ] ] ] } },
{ "type": "Feature", "properties": { "fid": 4, "ID": 1706, "ENTIDAD": 9, "DISTRITO_F": 13, "DISTRITO_L": 15, "MUNICIPIO": 6, "SECCION": 1711, "TIPO": 2, "CONTROL": 39947, "GEOMETRY1_": null, "CONCENTRAD": null, "CONCENTR_1": null, "CONCENTR_2": null, "CONCENTR_3": null, "CONCENTR_4": null, "CONCENTR_5": null, "CONCENTR_6": null, "CONCENTR_7": null, "CONCENTR_8": null, "CONCENTR_9": null, "CONCENTR10": null, "CONCENTR11": null, "CONCENTR12": null, "CONCENTR13": null, "CONCENTR14": null, "CONCENTR15": null, "CONCENTR16": null, "CONCENTR17": null, "CONCENTR18": null, "CONCENTR19": null, "CONCENTR20": null, "CONCENTR21": null, "CONCENTR22": null, "CONCENTR23": null, "layer": "Ruta 36", "path": "D:/Atlas de Riesgos 2024/SHAPE/Secciones Electorares Distrito 15/Rutas/Ruta 36.gpkg|layername=Ruta 36" }, "geometry": { "type": "MultiPolygon", "coordinates": [ [ [ [ 490384.928924664738588, 2144360.876691864803433 ], [ 490422.751952879014425, 2144357.430059303995222 ], [ 490459.204151810146868, 2144353.49999564466998 ], [ 490449.707054159254767, 2144259.516884746495634 ], [ 490485.989017275103834, 2144255.330503616482019 ], [ 490522.270980393281206, 2144251.144122487399727 ], [ 490491.582911575387698, 2144165.165545359719545 ], [ 490516.525558851135429, 2144150.677096039522439 ], [ 490544.434048849798273, 2144139.057394770439714 ], [ 490583.379558496526442, 2144113.544017280917615 ], [ 490609.972684492473491, 2144102.686746071558446 ], [ 490616.038056946243159, 2144099.571205721236765 ], [ 490683.789881720033009, 2144068.877630752976984 ], [ 490698.810010449727997, 2144064.393172791227698 ], [ 490673.18362080748193, 2144023.459252043627203 ], [ 490596.239011542755179, 2144053.376721082720906 ], [ 490562.388993259286508, 2144066.226696762256324 ], [ 490525.686350307427347, 2144080.565350892022252 ], [ 490506.107011881307699, 2144088.525476061739028 ], [ 490486.527673455362674, 2144096.485601241700351 ], [ 490469.333014708361588, 2144103.4762172116898 ], [ 490450.886674730340019, 2144110.975713470950723 ], [ 490436.314091153850313, 2144112.336767781060189 ], [ 490399.236443129600957, 2144115.875256671570241 ], [ 490362.429827729647513, 2144119.30388921033591 ], [ 490368.085540792439133, 2144172.941791859455407 ], [ 490375.960564427601639, 2144265.838028187397867 ], [ 490384.928924664738588, 2144360.876691864803433 ] ] ] ] } },
{ "type": "Feature", "properties": { "fid": 5, "ID": 1707, "ENTIDAD": 9, "DISTRITO_F": 13, "DISTRITO_L": 15, "MUNICIPIO": 6, "SECCION": 1712, "TIPO": 2, "CONTROL": 39948, "GEOMETRY1_": null, "CONCENTRAD": null, "CONCENTR_1": null, "CONCENTR_2": null, "CONCENTR_3": null, "CONCENTR_4": null, "CONCENTR_5": null, "CONCENTR_6": null, "CONCENTR_7": null, "CONCENTR_8": null, "CONCENTR_9": null, "CONCENTR10": null, "CONCENTR11": null, "CONCENTR12": null, "CONCENTR13": null, "CONCENTR14": null, "CONCENTR15": null, "CONCENTR16": null, "CONCENTR17": null, "CONCENTR18": null, "CONCENTR19": null, "CONCENTR20": null, "CONCENTR21": null, "CONCENTR22": null, "CONCENTR23": null, "layer": "Ruta 36", "path": "D:/Atlas de Riesgos 2024/SHAPE/Secciones Electorares Distrito 15/Rutas/Ruta 36.gpkg|layername=Ruta 36" }, "geometry": { "type": "MultiPolygon", "coordinates": [ [ [ [ 490273.548966335423756, 2144372.003947763238102 ], [ 490314.158062672475353, 2144367.893036024644971 ], [ 490349.61128018744057, 2144364.30406061373651 ], [ 490384.928924664738588, 2144360.876691864803433 ], [ 490375.960564427601639, 2144265.838028187397867 ], [ 490368.085540792439133, 2144172.941791859455407 ], [ 490362.429827729647513, 2144119.30388921033591 ], [ 490325.412870068452321, 2144122.798323400318623 ], [ 490289.900883814843837, 2144126.008592450525612 ], [ 490251.343025451700669, 2144129.494207100942731 ], [ 490257.071777049044613, 2144184.266920289024711 ], [ 490265.399236598692369, 2144277.135592706501484 ], [ 490273.548966335423756, 2144372.003947763238102 ] ] ] ] } },
{ "type": "Feature", "properties": { "fid": 1, "ID": 1668, "ENTIDAD": 9, "DISTRITO_F": 13, "DISTRITO_L": 15, "MUNICIPIO": 6, "SECCION": 1673, "TIPO": 2, "CONTROL": 40783, "GEOMETRY1_": null, "CONCENTRAD": null, "CONCENTR_1": null, "CONCENTR_2": null, "CONCENTR_3": null, "CONCENTR_4": null, "CONCENTR_5": null, "CONCENTR_6": null, "CONCENTR_7": null, "CONCENTR_8": null, "CONCENTR_9": null, "CONCENTR10": null, "CONCENTR11": null, "CONCENTR12": null, "CONCENTR13": null, "CONCENTR14": null, "CONCENTR15": null, "CONCENTR16": null, "CONCENTR17": null, "CONCENTR18": null, "CONCENTR19": null, "CONCENTR20": null, "CONCENTR21": null, "CONCENTR22": null, "CONCENTR23": null, "layer": "Ruta 37", "path": "D:/Atlas de Riesgos 2024/SHAPE/Secciones Electorares Distrito 15/Rutas/Ruta 37.gpkg|layername=Ruta 37" }, "geometry": { "type": "MultiPolygon", "coordinates": [ [ [ [ 489688.815944614005275, 2144956.324842657893896 ], [ 489974.13568883924745, 2144917.230544119141996 ], [ 490065.709028512064833, 2144867.495057909749448 ], [ 490036.609860815224238, 2144803.827325251884758 ], [ 489988.31004164746264, 2144698.149389535654336 ], [ 489974.424963494297117, 2144700.265211294870824 ], [ 489799.512663646019064, 2144722.017129474785179 ], [ 489767.404441298043821, 2144726.010075804777443 ], [ 489736.914414854953066, 2144729.80178491352126 ], [ 489702.376824046019465, 2144734.096845085266978 ], [ 489658.031092567602172, 2144739.611635784618556 ], [ 489673.43367783469148, 2144852.183310091029853 ], [ 489688.815944614005275, 2144956.324842657893896 ] ] ] ] } },
{ "type": "Feature", "properties": { "fid": 2, "ID": 1674, "ENTIDAD": 9, "DISTRITO_F": 13, "DISTRITO_L": 15, "MUNICIPIO": 6, "SECCION": 1679, "TIPO": 2, "CONTROL": 40351, "GEOMETRY1_": null, "CONCENTRAD": null, "CONCENTR_1": null, "CONCENTR_2": null, "CONCENTR_3": null, "CONCENTR_4": null, "CONCENTR_5": null, "CONCENTR_6": null, "CONCENTR_7": null, "CONCENTR_8": null, "CONCENTR_9": null, "CONCENTR10": null, "CONCENTR11": null, "CONCENTR12": null, "CONCENTR13": null, "CONCENTR14": null, "CONCENTR15": null, "CONCENTR16": null, "CONCENTR17": null, "CONCENTR18": null, "CONCENTR19": null, "CONCENTR20": null, "CONCENTR21": null, "CONCENTR22": null, "CONCENTR23": null, "layer": "Ruta 37", "path": "D:/Atlas de Riesgos 2024/SHAPE/Secciones Electorares Distrito 15/Rutas/Ruta 37.gpkg|layername=Ruta 37" }, "geometry": { "type": "MultiPolygon", "coordinates": [ [ [ [ 490635.388395646994468, 2144561.348845328669995 ], [ 490694.312887348583899, 2144528.07922035921365 ], [ 490758.682361000508536, 2144491.735279410611838 ], [ 490823.051834657322615, 2144455.391338461544365 ], [ 490898.904667885799427, 2144412.563725712709129 ], [ 490780.813937661703676, 2144223.891702498309314 ], [ 490714.744590906833764, 2144269.671674286480993 ], [ 490709.627334212127607, 2144273.217274026013911 ], [ 490622.663226570060942, 2144333.470648984890431 ], [ 490565.681146175251342, 2144372.950875363778323 ], [ 490635.388395646994468, 2144561.348845328669995 ] ] ] ] } },
{ "type": "Feature", "properties": { "fid": 3, "ID": 1675, "ENTIDAD": 9, "DISTRITO_F": 13, "DISTRITO_L": 15, "MUNICIPIO": 6, "SECCION": 1680, "TIPO": 2, "CONTROL": 40870, "GEOMETRY1_": null, "CONCENTRAD": null, "CONCENTR_1": null, "CONCENTR_2": null, "CONCENTR_3": null, "CONCENTR_4": null, "CONCENTR_5": null, "CONCENTR_6": null, "CONCENTR_7": null, "CONCENTR_8": null, "CONCENTR_9": null, "CONCENTR10": null, "CONCENTR11": null, "CONCENTR12": null, "CONCENTR13": null, "CONCENTR14": null, "CONCENTR15": null, "CONCENTR16": null, "CONCENTR17": null, "CONCENTR18": null, "CONCENTR19": null, "CONCENTR20": null, "CONCENTR21": null, "CONCENTR22": null, "CONCENTR23": null, "layer": "Ruta 37", "path": "D:/Atlas de Riesgos 2024/SHAPE/Secciones Electorares Distrito 15/Rutas/Ruta 37.gpkg|layername=Ruta 37" }, "geometry": { "type": "MultiPolygon", "coordinates": [ [ [ [ 490212.598468144249637, 2144935.689963218290359 ], [ 490242.299438448622823, 2144931.943071578629315 ], [ 490235.824825212534051, 2144879.471203919965774 ], [ 490266.374216717260424, 2144874.95065963966772 ], [ 490272.678558784886263, 2144874.017775020096451 ], [ 490302.560965362121351, 2144869.595927800051868 ], [ 490334.395164102839772, 2144864.885264259297401 ], [ 490359.167608248244505, 2144861.21956341015175 ], [ 490403.819981472101063, 2144854.612131310161203 ], [ 490444.639372245641425, 2144848.571884551085532 ], [ 490486.551881050691009, 2144842.369883731007576 ], [ 490561.707270912767854, 2144831.248769701458514 ], [ 490656.165814180509187, 2144817.271272792015225 ], [ 490625.82045402249787, 2144711.06251432467252 ], [ 490646.050692924123723, 2144707.016466044820845 ], [ 490642.880038796109147, 2144702.043139834422618 ], [ 490630.09276462829439, 2144681.98567435471341 ], [ 490618.899115558364429, 2144659.598376195412129 ], [ 490611.063561075541656, 2144635.532030606642365 ], [ 490612.742607883526944, 2144604.749495367985219 ], [ 490617.779749528563116, 2144587.959021538030356 ], [ 490623.936256118526217, 2144575.646007348317653 ], [ 490635.388395646994468, 2144561.348845328669995 ], [ 490565.681146175251342, 2144372.950875363778323 ], [ 490537.8209639689303, 2144392.434576383791864 ], [ 490502.933611802814994, 2144416.832648653071374 ], [ 490468.472317888750695, 2144440.932761952280998 ], [ 490433.984692830767017, 2144465.064584111794829 ], [ 490399.127414968272205, 2144489.945492321625352 ], [ 490363.972338570922147, 2144515.091264250222594 ], [ 490329.979914712836035, 2144539.405412459280342 ], [ 490292.949607720598578, 2144565.892501937691122 ], [ 490257.443173778010532, 2144591.289593387395144 ], [ 490222.836897646717262, 2144615.393519027624279 ], [ 490188.404671202646568, 2144636.302052315790206 ], [ 490151.367880535370205, 2144655.653535956051201 ], [ 490134.826474758447148, 2144663.67361215595156 ], [ 490118.285068927682005, 2144668.68615989619866 ], [ 490090.214804517745506, 2144678.711255275644362 ], [ 490066.655832563643344, 2144684.726312614511698 ], [ 490027.056709444441367, 2144692.245134475175291 ], [ 490002.427233664260712, 2144695.998198035638779 ], [ 489988.31004164746264, 2144698.149389535654336 ], [ 490036.609860815224238, 2144803.827325251884758 ], [ 490065.709028512064833, 2144867.495057909749448 ], [ 490075.536442847573198, 2144888.475917190313339 ], [ 490081.612324742483906, 2144902.29078895971179 ], [ 490202.862220887443982, 2144884.348843209445477 ], [ 490212.598468144249637, 2144935.689963218290359 ] ] ] ] } },
{ "type": "Feature", "properties": { "fid": 4, "ID": 1676, "ENTIDAD": 9, "DISTRITO_F": 13, "DISTRITO_L": 15, "MUNICIPIO": 6, "SECCION": 1681, "TIPO": 2, "CONTROL": 40799, "GEOMETRY1_": null, "CONCENTRAD": null, "CONCENTR_1": null, "CONCENTR_2": null, "CONCENTR_3": null, "CONCENTR_4": null, "CONCENTR_5": null, "CONCENTR_6": null, "CONCENTR_7": null, "CONCENTR_8": null, "CONCENTR_9": null, "CONCENTR10": null, "CONCENTR11": null, "CONCENTR12": null, "CONCENTR13": null, "CONCENTR14": null, "CONCENTR15": null, "CONCENTR16": null, "CONCENTR17": null, "CONCENTR18": null, "CONCENTR19": null, "CONCENTR20": null, "CONCENTR21": null, "CONCENTR22": null, "CONCENTR23": null, "layer": "Ruta 37", "path": "D:/Atlas de Riesgos 2024/SHAPE/Secciones Electorares Distrito 15/Rutas/Ruta 37.gpkg|layername=Ruta 37" }, "geometry": { "type": "MultiPolygon", "coordinates": [ [ [ [ 490129.644616604666226, 2145007.383386436384171 ], [ 490276.158462056599092, 2144987.350000616628677 ], [ 490654.504887566261459, 2144935.617279598955065 ], [ 490669.001960967085324, 2144923.471273348201066 ], [ 490683.476638289284892, 2144911.34188740933314 ], [ 490700.672341062338091, 2144890.100135349202901 ], [ 490708.764436224242672, 2144863.800823479890823 ], [ 490708.764435803110246, 2144837.501511751674116 ], [ 490706.741411704744678, 2144824.857611911837012 ], [ 490704.718387606553733, 2144812.213712071999907 ], [ 490699.660827654530294, 2144799.064056282863021 ], [ 490681.453612004348543, 2144762.649624933023006 ], [ 490675.19331757054897, 2144752.812019333709031 ], [ 490646.050692924123723, 2144707.016466044820845 ], [ 490625.82045402249787, 2144711.06251432467252 ], [ 490656.165814180509187, 2144817.271272792015225 ], [ 490561.707270912767854, 2144831.248769701458514 ], [ 490486.551881050691009, 2144842.369883731007576 ], [ 490444.639372245641425, 2144848.571884551085532 ], [ 490403.819981472101063, 2144854.612131310161203 ], [ 490359.167608248244505, 2144861.21956341015175 ], [ 490334.395164102839772, 2144864.885264259297401 ], [ 490302.560965362121351, 2144869.595927800051868 ], [ 490272.678558784886263, 2144874.017775020096451 ], [ 490266.374216717260424, 2144874.95065963966772 ], [ 490235.824825212534051, 2144879.471203919965774 ], [ 490242.299438448622823, 2144931.943071578629315 ], [ 490212.598468144249637, 2144935.689963218290359 ], [ 490202.862220887443982, 2144884.348843209445477 ], [ 490081.612324742483906, 2144902.29078895971179 ], [ 490129.644616604666226, 2145007.383386436384171 ] ] ] ] } },
{ "type": "Feature", "properties": { "fid": 5, "ID": 1681, "ENTIDAD": 9, "DISTRITO_F": 13, "DISTRITO_L": 15, "MUNICIPIO": 6, "SECCION": 1686, "TIPO": 2, "CONTROL": 40784, "GEOMETRY1_": null, "CONCENTRAD": null, "CONCENTR_1": null, "CONCENTR_2": null, "CONCENTR_3": null, "CONCENTR_4": null, "CONCENTR_5": null, "CONCENTR_6": null, "CONCENTR_7": null, "CONCENTR_8": null, "CONCENTR_9": null, "CONCENTR10": null, "CONCENTR11": null, "CONCENTR12": null, "CONCENTR13": null, "CONCENTR14": null, "CONCENTR15": null, "CONCENTR16": null, "CONCENTR17": null, "CONCENTR18": null, "CONCENTR19": null, "CONCENTR20": null, "CONCENTR21": null, "CONCENTR22": null, "CONCENTR23": null, "layer": "Ruta 37", "path": "D:/Atlas de Riesgos 2024/SHAPE/Secciones Electorares Distrito 15/Rutas/Ruta 37.gpkg|layername=Ruta 37" }, "geometry": { "type": "MultiPolygon", "coordinates": [ [ [ [ 489703.232183434709441, 2145070.570480594877154 ], [ 490026.582898846070748, 2145022.535873946268111 ], [ 490129.644616604666226, 2145007.383386436384171 ], [ 490081.612324742483906, 2144902.29078895971179 ], [ 490075.536442847573198, 2144888.475917190313339 ], [ 490065.709028512064833, 2144867.495057909749448 ], [ 489974.13568883924745, 2144917.230544119141996 ], [ 489688.815944614005275, 2144956.324842657893896 ], [ 489703.232183434709441, 2145070.570480594877154 ] ] ] ] } },
{ "type": "Feature", "properties": { "fid": 1, "ID": 1672, "ENTIDAD": 9, "DISTRITO_F": 13, "DISTRITO_L": 15, "MUNICIPIO": 6, "SECCION": 1677, "TIPO": 2, "CONTROL": 40809, "GEOMETRY1_": null, "CONCENTRAD": null, "CONCENTR_1": null, "CONCENTR_2": null, "CONCENTR_3": null, "CONCENTR_4": null, "CONCENTR_5": null, "CONCENTR_6": null, "CONCENTR_7": null, "CONCENTR_8": null, "CONCENTR_9": null, "CONCENTR10": null, "CONCENTR11": null, "CONCENTR12": null, "CONCENTR13": null, "CONCENTR14": null, "CONCENTR15": null, "CONCENTR16": null, "CONCENTR17": null, "CONCENTR18": null, "CONCENTR19": null, "CONCENTR20": null, "CONCENTR21": null, "CONCENTR22": null, "CONCENTR23": null, "layer": "Ruta 38", "path": "D:/Atlas de Riesgos 2024/SHAPE/Secciones Electorares Distrito 15/Rutas/Ruta 38.gpkg|layername=Ruta 38" }, "geometry": { "type": "MultiPolygon", "coordinates": [ [ [ [ 491800.553720390773378, 2145878.313674531877041 ], [ 491806.690237873117439, 2145871.741579602006823 ], [ 491810.959987214126159, 2145867.168758272659034 ], [ 491773.11090864345897, 2145802.889666324481368 ], [ 491765.947292515775189, 2145808.506365114822984 ], [ 491755.107650949037634, 2145818.478261723183095 ], [ 491714.349869135359768, 2145751.915526585653424 ], [ 491597.412923769210465, 2145561.578312361147255 ], [ 491533.323364494543057, 2145597.640144839882851 ], [ 491510.807964104984421, 2145610.50876588979736 ], [ 491483.018742414482404, 2145616.37832702929154 ], [ 491497.268373895494733, 2145686.676506607793272 ], [ 491531.46748686186038, 2145679.076702896971256 ], [ 491536.301954510156065, 2145706.401953627355397 ], [ 491553.113698094966821, 2145801.424848014488816 ], [ 491585.616084084380418, 2145783.573996394872665 ], [ 491602.095517930749338, 2145819.440999583341181 ], [ 491608.267764463147614, 2145832.874712673481554 ], [ 491615.516842620039824, 2145848.652118123136461 ], [ 491617.91524744493654, 2145853.872175702825189 ], [ 491657.81421277334448, 2145859.57202754355967 ], [ 491701.108956308336928, 2145868.890243771951646 ], [ 491713.91936902370071, 2145867.722652422264218 ], [ 491729.776433420076501, 2145867.975709091871977 ], [ 491741.373517978470773, 2145867.605745042674243 ], [ 491764.466539207962342, 2145867.330827793106437 ], [ 491789.07160357182147, 2145872.554249132052064 ], [ 491800.553720390773378, 2145878.313674531877041 ] ] ] ] } },
{ "type": "Feature", "properties": { "fid": 2, "ID": 1673, "ENTIDAD": 9, "DISTRITO_F": 13, "DISTRITO_L": 15, "MUNICIPIO": 6, "SECCION": 1678, "TIPO": 2, "CONTROL": 40810, "GEOMETRY1_": null, "CONCENTRAD": null, "CONCENTR_1": null, "CONCENTR_2": null, "CONCENTR_3": null, "CONCENTR_4": null, "CONCENTR_5": null, "CONCENTR_6": null, "CONCENTR_7": null, "CONCENTR_8": null, "CONCENTR_9": null, "CONCENTR10": null, "CONCENTR11": null, "CONCENTR12": null, "CONCENTR13": null, "CONCENTR14": null, "CONCENTR15": null, "CONCENTR16": null, "CONCENTR17": null, "CONCENTR18": null, "CONCENTR19": null, "CONCENTR20": null, "CONCENTR21": null, "CONCENTR22": null, "CONCENTR23": null, "layer": "Ruta 38", "path": "D:/Atlas de Riesgos 2024/SHAPE/Secciones Electorares Distrito 15/Rutas/Ruta 38.gpkg|layername=Ruta 38" }, "geometry": { "type": "MultiPolygon", "coordinates": [ [ [ [ 489812.352379043819383, 2146107.199329966213554 ], [ 489871.762783001060598, 2146104.466964986175299 ], [ 489894.61911576113198, 2146103.415771275293082 ], [ 490091.152080030122306, 2146074.843979727476835 ], [ 490134.544316490413621, 2146068.502036467194557 ], [ 490155.240354639652651, 2146065.477230407297611 ], [ 490228.255194279539865, 2146055.203783967532218 ], [ 490264.657288280432113, 2146050.081880468409508 ], [ 490339.159773242194206, 2146039.22266046795994 ], [ 490351.874680745706428, 2146038.191721767187119 ], [ 490423.53177561314078, 2146028.22598186833784 ], [ 490509.723061721248087, 2146015.77628036821261 ], [ 490520.97444517724216, 2146014.151100239250809 ], [ 490814.412325515819248, 2145966.673517299816012 ], [ 491016.951491597283166, 2145937.04061775142327 ], [ 491219.49065767636057, 2145907.407718190923333 ], [ 491437.255700372275896, 2145876.267172783147544 ], [ 491472.334105937508866, 2145870.475523781962693 ], [ 491494.331097543297801, 2145867.655792112462223 ], [ 491530.511351218214259, 2145863.017948492895812 ], [ 491580.785035802109633, 2145856.721321693155915 ], [ 491617.91524744493654, 2145853.872175702825189 ], [ 491615.516842620039824, 2145848.652118123136461 ], [ 491608.267764463147614, 2145832.874712673481554 ], [ 491602.095517930749338, 2145819.440999583341181 ], [ 491585.616084084380418, 2145783.573996394872665 ], [ 491553.113698094966821, 2145801.424848014488816 ], [ 491536.301954510156065, 2145706.401953627355397 ], [ 491531.46748686186038, 2145679.076702896971256 ], [ 491497.268373895494733, 2145686.676506607793272 ], [ 491483.018742414482404, 2145616.37832702929154 ], [ 491510.807964104984421, 2145610.50876588979736 ], [ 491533.323364494543057, 2145597.640144839882851 ], [ 491597.412923769210465, 2145561.578312361147255 ], [ 491559.621242984663695, 2145501.655861333012581 ], [ 491521.540297604806256, 2145438.246339944191277 ], [ 491433.275832364859525, 2145292.885230548214167 ], [ 491415.695724829798564, 2145264.897335099056363 ], [ 491330.311426271800883, 2145127.413139583542943 ], [ 491290.480779972800519, 2145063.278580254875124 ], [ 491242.355815833376255, 2144985.788665976375341 ], [ 491075.277697341050953, 2144708.227922515012324 ], [ 490969.531256437010597, 2144528.783237179275602 ], [ 490898.904667885799427, 2144412.563725712709129 ], [ 490823.051834657322615, 2144455.391338461544365 ], [ 490758.682361000508536, 2144491.735279410611838 ], [ 490694.312887348583899, 2144528.07922035921365 ], [ 490635.388395646994468, 2144561.348845328669995 ], [ 490623.936256118526217, 2144575.646007348317653 ], [ 490617.779749528563116, 2144587.959021538030356 ], [ 490612.742607883526944, 2144604.749495367985219 ], [ 490611.063561075541656, 2144635.532030606642365 ], [ 490618.899115558364429, 2144659.598376195412129 ], [ 490630.09276462829439, 2144681.98567435471341 ], [ 490642.880038796109147, 2144702.043139834422618 ], [ 490646.050692924123723, 2144707.016466044820845 ], [ 490675.19331757054897, 2144752.812019333709031 ], [ 490681.453612004348543, 2144762.649624933023006 ], [ 490699.660827654530294, 2144799.064056282863021 ], [ 490704.718387606553733, 2144812.213712071999907 ], [ 490706.741411704744678, 2144824.857611911837012 ], [ 490708.764435803110246, 2144837.501511751674116 ], [ 490708.764436224242672, 2144863.800823479890823 ], [ 490700.672341062338091, 2144890.100135349202901 ], [ 490683.476638289284892, 2144911.34188740933314 ], [ 490669.001960967085324, 2144923.471273348201066 ], [ 490654.504887566261459, 2144935.617279598955065 ], [ 490512.160827144456562, 2145048.546105135697871 ], [ 490502.07271841407055, 2145058.634214615914971 ], [ 490485.499396952160168, 2145076.648695794865489 ], [ 490468.926075587107334, 2145100.427810873836279 ], [ 490458.837967001833022, 2145119.162871183361858 ], [ 490452.352754437772091, 2145137.177352203056216 ], [ 490445.867541779763997, 2145149.427199322264642 ], [ 490439.382329262210988, 2145170.323997292201966 ], [ 490435.058854356931988, 2145190.500215981621295 ], [ 490425.691325180057902, 2145221.485123299527913 ], [ 490414.882637558679562, 2145250.308292929083109 ], [ 490406.956266466178931, 2145261.116981599014252 ], [ 490399.02989537268877, 2145271.925670279189944 ], [ 490379.574257046857383, 2145287.057834557723254 ], [ 490366.603831448941492, 2145294.26362713938579 ], [ 490359.037749834940769, 2145297.506233818363398 ], [ 490323.343470497988164, 2145308.571737398393452 ], [ 490270.713924164767377, 2145316.036989837419242 ], [ 489752.586489920970052, 2145392.769129385706037 ], [ 489718.92375820397865, 2145397.229186255484819 ], [ 489761.290241435344797, 2145648.144844378810376 ], [ 489766.540191109699663, 2145677.124566578306258 ], [ 489774.520114613347687, 2145713.454218316357583 ], [ 489788.589979738288093, 2145781.913562055211514 ], [ 489794.912525259598624, 2145819.673090084921569 ], [ 489805.134678639878985, 2145873.339392432942986 ], [ 489817.711936070933007, 2145939.369990371633321 ], [ 489824.90435989596881, 2146005.700113098602742 ], [ 489826.261715715168975, 2146018.21794858854264 ], [ 489825.311741168261506, 2146064.76674329675734 ], [ 489814.210188094875775, 2146101.11634202580899 ], [ 489812.352379043819383, 2146107.199329966213554 ] ] ] ] } },
{ "type": "Feature", "properties": { "fid": 3, "ID": 1677, "ENTIDAD": 9, "DISTRITO_F": 13, "DISTRITO_L": 15, "MUNICIPIO": 6, "SECCION": 1682, "TIPO": 2, "CONTROL": 40795, "GEOMETRY1_": null, "CONCENTRAD": null, "CONCENTR_1": null, "CONCENTR_2": null, "CONCENTR_3": null, "CONCENTR_4": null, "CONCENTR_5": null, "CONCENTR_6": null, "CONCENTR_7": null, "CONCENTR_8": null, "CONCENTR_9": null, "CONCENTR10": null, "CONCENTR11": null, "CONCENTR12": null, "CONCENTR13": null, "CONCENTR14": null, "CONCENTR15": null, "CONCENTR16": null, "CONCENTR17": null, "CONCENTR18": null, "CONCENTR19": null, "CONCENTR20": null, "CONCENTR21": null, "CONCENTR22": null, "CONCENTR23": null, "layer": "Ruta 38", "path": "D:/Atlas de Riesgos 2024/SHAPE/Secciones Electorares Distrito 15/Rutas/Ruta 38.gpkg|layername=Ruta 38" }, "geometry": { "type": "MultiPolygon", "coordinates": [ [ [ [ 490172.630418405635282, 2145101.502736453898251 ], [ 490314.995806135062594, 2145077.646683924365789 ], [ 490320.765068350767251, 2145076.966648943722248 ], [ 490373.506878735788632, 2145070.970450524706393 ], [ 490424.526829150214326, 2145062.719051965512335 ], [ 490512.160827144456562, 2145048.546105135697871 ], [ 490654.504887566261459, 2144935.617279598955065 ], [ 490276.158462056599092, 2144987.350000616628677 ], [ 490129.644616604666226, 2145007.383386436384171 ], [ 490026.582898846070748, 2145022.535873946268111 ], [ 490027.732086293457542, 2145027.958034645300359 ], [ 490037.240100251976401, 2145072.819279654417187 ], [ 490133.467003874538932, 2145056.609557275194675 ], [ 490150.018658753659111, 2145053.821379325352609 ], [ 490172.630418405635282, 2145101.502736453898251 ] ] ] ] } },
{ "type": "Feature", "properties": { "fid": 4, "ID": 1678, "ENTIDAD": 9, "DISTRITO_F": 13, "DISTRITO_L": 15, "MUNICIPIO": 6, "SECCION": 1683, "TIPO": 2, "CONTROL": 40794, "GEOMETRY1_": null, "CONCENTRAD": null, "CONCENTR_1": null, "CONCENTR_2": null, "CONCENTR_3": null, "CONCENTR_4": null, "CONCENTR_5": null, "CONCENTR_6": null, "CONCENTR_7": null, "CONCENTR_8": null, "CONCENTR_9": null, "CONCENTR10": null, "CONCENTR11": null, "CONCENTR12": null, "CONCENTR13": null, "CONCENTR14": null, "CONCENTR15": null, "CONCENTR16": null, "CONCENTR17": null, "CONCENTR18": null, "CONCENTR19": null, "CONCENTR20": null, "CONCENTR21": null, "CONCENTR22": null, "CONCENTR23": null, "layer": "Ruta 38", "path": "D:/Atlas de Riesgos 2024/SHAPE/Secciones Electorares Distrito 15/Rutas/Ruta 38.gpkg|layername=Ruta 38" }, "geometry": { "type": "MultiPolygon", "coordinates": [ [ [ [ 489752.586489920970052, 2145392.769129385706037 ], [ 490270.713924164767377, 2145316.036989837419242 ], [ 490323.343470497988164, 2145308.571737398393452 ], [ 490359.037749834940769, 2145297.506233818363398 ], [ 490366.603831448941492, 2145294.26362713938579 ], [ 490379.574257046857383, 2145287.057834557723254 ], [ 490399.02989537268877, 2145271.925670279189944 ], [ 490406.956266466178931, 2145261.116981599014252 ], [ 490414.882637558679562, 2145250.308292929083109 ], [ 490425.691325180057902, 2145221.485123299527913 ], [ 490435.058854356931988, 2145190.500215981621295 ], [ 490439.382329262210988, 2145170.323997292201966 ], [ 490445.867541779763997, 2145149.427199322264642 ], [ 490452.352754437772091, 2145137.177352203056216 ], [ 490458.837967001833022, 2145119.162871183361858 ], [ 490468.926075587107334, 2145100.427810873836279 ], [ 490485.499396952160168, 2145076.648695794865489 ], [ 490502.07271841407055, 2145058.634214615914971 ], [ 490512.160827144456562, 2145048.546105135697871 ], [ 490424.526829150214326, 2145062.719051965512335 ], [ 490373.506878735788632, 2145070.970450524706393 ], [ 490320.765068350767251, 2145076.966648943722248 ], [ 490314.995806135062594, 2145077.646683924365789 ], [ 490172.630418405635282, 2145101.502736453898251 ], [ 489783.575193878903519, 2145166.37943135201931 ], [ 489721.227347932988778, 2145176.462315311655402 ], [ 489736.387274831708055, 2145281.031358998734504 ], [ 489752.586489920970052, 2145392.769129385706037 ] ] ] ] } },
{ "type": "Feature", "properties": { "fid": 1, "ID": 1868, "ENTIDAD": 9, "DISTRITO_F": 13, "DISTRITO_L": 15, "MUNICIPIO": 6, "SECCION": 1873, "TIPO": 2, "CONTROL": 40332, "GEOMETRY1_": null, "CONCENTRAD": null, "CONCENTR_1": null, "CONCENTR_2": null, "CONCENTR_3": null, "CONCENTR_4": null, "CONCENTR_5": null, "CONCENTR_6": null, "CONCENTR_7": null, "CONCENTR_8": null, "CONCENTR_9": null, "CONCENTR10": null, "CONCENTR11": null, "CONCENTR12": null, "CONCENTR13": null, "CONCENTR14": null, "CONCENTR15": null, "CONCENTR16": null, "CONCENTR17": null, "CONCENTR18": null, "CONCENTR19": null, "CONCENTR20": null, "CONCENTR21": null, "CONCENTR22": null, "CONCENTR23": null, "layer": "Ruta 39", "path": "D:/Atlas de Riesgos 2024/SHAPE/Secciones Electorares Distrito 15/Rutas/Ruta 39.gpkg|layername=Ruta 39" }, "geometry": { "type": "MultiPolygon", "coordinates": [ [ [ [ 491075.277697341050953, 2144708.227922515012324 ], [ 491082.992178934218828, 2144703.507491054479033 ], [ 491091.716501516290009, 2144698.169145734515041 ], [ 491097.839768886391539, 2144694.422365915495902 ], [ 491234.208027601707727, 2144610.979686046950519 ], [ 491226.957521529169753, 2144569.143322678748518 ], [ 491204.777865788142662, 2144531.754325028974563 ], [ 491181.27356095938012, 2144495.784117861185223 ], [ 491159.699825311894529, 2144460.536145911086351 ], [ 491136.005914986191783, 2144423.778225933201611 ], [ 490989.553569759125821, 2144516.332399850711226 ], [ 490983.380740701803006, 2144520.171287969686091 ], [ 490974.58106155844871, 2144525.643025499302894 ], [ 490969.531256437010597, 2144528.783237179275602 ], [ 491075.277697341050953, 2144708.227922515012324 ] ] ] ] } },
{ "type": "Feature", "properties": { "fid": 2, "ID": 1869, "ENTIDAD": 9, "DISTRITO_F": 13, "DISTRITO_L": 15, "MUNICIPIO": 6, "SECCION": 1874, "TIPO": 2, "CONTROL": 40335, "GEOMETRY1_": null, "CONCENTRAD": null, "CONCENTR_1": null, "CONCENTR_2": null, "CONCENTR_3": null, "CONCENTR_4": null, "CONCENTR_5": null, "CONCENTR_6": null, "CONCENTR_7": null, "CONCENTR_8": null, "CONCENTR_9": null, "CONCENTR10": null, "CONCENTR11": null, "CONCENTR12": null, "CONCENTR13": null, "CONCENTR14": null, "CONCENTR15": null, "CONCENTR16": null, "CONCENTR17": null, "CONCENTR18": null, "CONCENTR19": null, "CONCENTR20": null, "CONCENTR21": null, "CONCENTR22": null, "CONCENTR23": null, "layer": "Ruta 39", "path": "D:/Atlas de Riesgos 2024/SHAPE/Secciones Electorares Distrito 15/Rutas/Ruta 39.gpkg|layername=Ruta 39" }, "geometry": { "type": "MultiPolygon", "coordinates": [ [ [ [ 491226.957521529169753, 2144569.143322678748518 ], [ 491204.12763629242545, 2144433.261084052734077 ], [ 491202.96416797011625, 2144426.336183712817729 ], [ 491197.297077663999517, 2144392.605969592463225 ], [ 491196.265918207296636, 2144386.258147274143994 ], [ 491189.556522385159042, 2144344.955075924284756 ], [ 491182.245874154497869, 2144299.950692025944591 ], [ 491178.384954207460396, 2144276.182851196266711 ], [ 491175.924410932057071, 2144262.191628596745431 ], [ 491163.861049515544437, 2144193.596543718595058 ], [ 491041.122088699776214, 2144269.057788487058133 ], [ 490894.135652922908776, 2144359.405905954539776 ], [ 490919.268321002658922, 2144400.739668142516166 ], [ 490909.444895400956739, 2144406.170279611833394 ], [ 490898.904667885799427, 2144412.563725712709129 ], [ 490969.531256437010597, 2144528.783237179275602 ], [ 490974.58106155844871, 2144525.643025499302894 ], [ 490983.380740701803006, 2144520.171287969686091 ], [ 490989.553569759125821, 2144516.332399850711226 ], [ 491136.005914986191783, 2144423.778225933201611 ], [ 491159.699825311894529, 2144460.536145911086351 ], [ 491181.27356095938012, 2144495.784117861185223 ], [ 491204.777865788142662, 2144531.754325028974563 ], [ 491226.957521529169753, 2144569.143322678748518 ] ] ] ] } },
{ "type": "Feature", "properties": { "fid": 3, "ID": 1870, "ENTIDAD": 9, "DISTRITO_F": 13, "DISTRITO_L": 15, "MUNICIPIO": 6, "SECCION": 1875, "TIPO": 2, "CONTROL": 40339, "GEOMETRY1_": null, "CONCENTRAD": null, "CONCENTR_1": null, "CONCENTR_2": null, "CONCENTR_3": null, "CONCENTR_4": null, "CONCENTR_5": null, "CONCENTR_6": null, "CONCENTR_7": null, "CONCENTR_8": null, "CONCENTR_9": null, "CONCENTR10": null, "CONCENTR11": null, "CONCENTR12": null, "CONCENTR13": null, "CONCENTR14": null, "CONCENTR15": null, "CONCENTR16": null, "CONCENTR17": null, "CONCENTR18": null, "CONCENTR19": null, "CONCENTR20": null, "CONCENTR21": null, "CONCENTR22": null, "CONCENTR23": null, "layer": "Ruta 39", "path": "D:/Atlas de Riesgos 2024/SHAPE/Secciones Electorares Distrito 15/Rutas/Ruta 39.gpkg|layername=Ruta 39" }, "geometry": { "type": "MultiPolygon", "coordinates": [ [ [ [ 491041.122088699776214, 2144269.057788487058133 ], [ 491163.861049515544437, 2144193.596543718595058 ], [ 491156.504393096489366, 2144149.895734780468047 ], [ 491148.043825688073412, 2144101.064232901204377 ], [ 491147.009575272037182, 2144095.476542891003191 ], [ 491139.95955884444993, 2144057.387792092282325 ], [ 491138.90413131628884, 2144051.685689623001963 ], [ 491126.052173266070895, 2143978.048931114375591 ], [ 491116.787341894523706, 2143920.385148426517844 ], [ 491090.846976862347219, 2143946.889364735223353 ], [ 490916.182015213940758, 2143989.123909144662321 ], [ 490891.535626920813229, 2144000.586778343655169 ], [ 490880.233160584873985, 2144009.255665863398463 ], [ 490886.356588823837228, 2144014.110727973747998 ], [ 490910.233188800048083, 2144057.260328462347388 ], [ 490940.116242007992696, 2144105.954374981578439 ], [ 490971.21018820774043, 2144156.024446180090308 ], [ 490995.036436235532165, 2144194.639054539147764 ], [ 491018.738034239679109, 2144233.052323617972434 ], [ 491041.122088699776214, 2144269.057788487058133 ] ] ] ] } },
{ "type": "Feature", "properties": { "fid": 4, "ID": 1871, "ENTIDAD": 9, "DISTRITO_F": 13, "DISTRITO_L": 15, "MUNICIPIO": 6, "SECCION": 1876, "TIPO": 2, "CONTROL": 40342, "GEOMETRY1_": null, "CONCENTRAD": null, "CONCENTR_1": null, "CONCENTR_2": null, "CONCENTR_3": null, "CONCENTR_4": null, "CONCENTR_5": null, "CONCENTR_6": null, "CONCENTR_7": null, "CONCENTR_8": null, "CONCENTR_9": null, "CONCENTR10": null, "CONCENTR11": null, "CONCENTR12": null, "CONCENTR13": null, "CONCENTR14": null, "CONCENTR15": null, "CONCENTR16": null, "CONCENTR17": null, "CONCENTR18": null, "CONCENTR19": null, "CONCENTR20": null, "CONCENTR21": null, "CONCENTR22": null, "CONCENTR23": null, "layer": "Ruta 39", "path": "D:/Atlas de Riesgos 2024/SHAPE/Secciones Electorares Distrito 15/Rutas/Ruta 39.gpkg|layername=Ruta 39" }, "geometry": { "type": "MultiPolygon", "coordinates": [ [ [ [ 490898.904667885799427, 2144412.563725712709129 ], [ 490909.444895400956739, 2144406.170279611833394 ], [ 490919.268321003997698, 2144400.739668142516166 ], [ 490894.135652922908776, 2144359.405905954539776 ], [ 491041.122088699776214, 2144269.057788487058133 ], [ 491018.738034239679109, 2144233.052323617972434 ], [ 490995.036436235532165, 2144194.639054539147764 ], [ 490971.21018820774043, 2144156.024446180090308 ], [ 490940.116242007992696, 2144105.954374981578439 ], [ 490910.233188800048083, 2144057.260328462347388 ], [ 490886.356588823837228, 2144014.110727973747998 ], [ 490880.233160584873985, 2144009.255665863398463 ], [ 490719.594894152891356, 2144057.882341323420405 ], [ 490712.58783310133731, 2144060.003442922607064 ], [ 490698.810010449727997, 2144064.393172791227698 ], [ 490683.789881720033009, 2144068.877630752976984 ], [ 490729.569796491821762, 2144143.642158989794552 ], [ 490780.813937661703676, 2144223.891702498309314 ], [ 490898.904667885799427, 2144412.563725712709129 ] ] ] ] } },
{ "type": "Feature", "properties": { "fid": 5, "ID": 1898, "ENTIDAD": 9, "DISTRITO_F": 13, "DISTRITO_L": 15, "MUNICIPIO": 6, "SECCION": 1903, "TIPO": 2, "CONTROL": 40029, "GEOMETRY1_": null, "CONCENTRAD": null, "CONCENTR_1": null, "CONCENTR_2": null, "CONCENTR_3": null, "CONCENTR_4": null, "CONCENTR_5": null, "CONCENTR_6": null, "CONCENTR_7": null, "CONCENTR_8": null, "CONCENTR_9": null, "CONCENTR10": null, "CONCENTR11": null, "CONCENTR12": null, "CONCENTR13": null, "CONCENTR14": null, "CONCENTR15": null, "CONCENTR16": null, "CONCENTR17": null, "CONCENTR18": null, "CONCENTR19": null, "CONCENTR20": null, "CONCENTR21": null, "CONCENTR22": null, "CONCENTR23": null, "layer": "Ruta 39", "path": "D:/Atlas de Riesgos 2024/SHAPE/Secciones Electorares Distrito 15/Rutas/Ruta 39.gpkg|layername=Ruta 39" }, "geometry": { "type": "MultiPolygon", "coordinates": [ [ [ [ 491197.297077663999517, 2144392.605969592463225 ], [ 491240.802360029600095, 2144384.999652903992683 ], [ 491289.460201785725076, 2144376.492480123881251 ], [ 491337.046254051674623, 2144368.172695403918624 ], [ 491385.86158000055002, 2144359.608672514557838 ], [ 491435.789735429920256, 2144350.899745244532824 ], [ 491396.016276732319966, 2144156.70377469016239 ], [ 491376.452660638664383, 2144167.528049089480191 ], [ 491348.806194155244157, 2144182.824451238382608 ], [ 491342.38462697021896, 2144186.805482748895884 ], [ 491304.694989904761314, 2144206.838943128008395 ], [ 491267.23279952025041, 2144227.805984008591622 ], [ 491260.211321466253139, 2144231.260370908305049 ], [ 491221.218328122748062, 2144252.667431166861206 ], [ 491215.600058086391073, 2144255.751847997773439 ], [ 491178.384954207460396, 2144276.182851196266711 ], [ 491182.245874154497869, 2144299.950692025944591 ], [ 491189.556522385159042, 2144344.955075924284756 ], [ 491196.265918207296636, 2144386.258147274143994 ], [ 491197.297077663999517, 2144392.605969592463225 ] ] ] ] } },
{ "type": "Feature", "properties": { "fid": 1, "ID": 1865, "ENTIDAD": 9, "DISTRITO_F": 13, "DISTRITO_L": 15, "MUNICIPIO": 6, "SECCION": 1870, "TIPO": 2, "CONTROL": 40026, "GEOMETRY1_": null, "CONCENTRAD": null, "CONCENTR_1": null, "CONCENTR_2": null, "CONCENTR_3": null, "CONCENTR_4": null, "CONCENTR_5": null, "CONCENTR_6": null, "CONCENTR_7": null, "CONCENTR_8": null, "CONCENTR_9": null, "CONCENTR10": null, "CONCENTR11": null, "CONCENTR12": null, "CONCENTR13": null, "CONCENTR14": null, "CONCENTR15": null, "CONCENTR16": null, "CONCENTR17": null, "CONCENTR18": null, "CONCENTR19": null, "CONCENTR20": null, "CONCENTR21": null, "CONCENTR22": null, "CONCENTR23": null, "layer": "Ruta 40", "path": "D:/Atlas de Riesgos 2024/SHAPE/Secciones Electorares Distrito 15/Rutas/Ruta 40.gpkg|layername=Ruta 40" }, "geometry": { "type": "MultiPolygon", "coordinates": [ [ [ [ 491740.500955181545578, 2144591.016152698080987 ], [ 491916.595521938405, 2144559.336034778505564 ], [ 491971.33114565705182, 2144550.418988858815283 ], [ 492027.510923596855719, 2144541.259496649261564 ], [ 491999.05761944927508, 2144416.364223353099078 ], [ 491972.850609437271487, 2144291.345002565998584 ], [ 491965.810756685095839, 2144257.761739736422896 ], [ 491904.893029720464256, 2144268.13580815680325 ], [ 491843.975302759092301, 2144278.509876576252282 ], [ 491785.040929303213488, 2144288.546187076251954 ], [ 491726.106555849662982, 2144298.582497585564852 ], [ 491665.761419471353292, 2144308.859055925160646 ], [ 491691.238958707777783, 2144419.817308212630451 ], [ 491715.37492106895661, 2144524.93280529929325 ], [ 491719.994277248624712, 2144543.134115279186517 ], [ 491733.424796402803622, 2144558.962941628880799 ], [ 491740.500955181545578, 2144591.016152698080987 ] ] ] ] } },
{ "type": "Feature", "properties": { "fid": 2, "ID": 1866, "ENTIDAD": 9, "DISTRITO_F": 13, "DISTRITO_L": 15, "MUNICIPIO": 6, "SECCION": 1871, "TIPO": 2, "CONTROL": 39940, "GEOMETRY1_": null, "CONCENTRAD": null, "CONCENTR_1": null, "CONCENTR_2": null, "CONCENTR_3": null, "CONCENTR_4": null, "CONCENTR_5": null, "CONCENTR_6": null, "CONCENTR_7": null, "CONCENTR_8": null, "CONCENTR_9": null, "CONCENTR10": null, "CONCENTR11": null, "CONCENTR12": null, "CONCENTR13": null, "CONCENTR14": null, "CONCENTR15": null, "CONCENTR16": null, "CONCENTR17": null, "CONCENTR18": null, "CONCENTR19": null, "CONCENTR20": null, "CONCENTR21": null, "CONCENTR22": null, "CONCENTR23": null, "layer": "Ruta 40", "path": "D:/Atlas de Riesgos 2024/SHAPE/Secciones Electorares Distrito 15/Rutas/Ruta 40.gpkg|layername=Ruta 40" }, "geometry": { "type": "MultiPolygon", "coordinates": [ [ [ [ 491493.76721742405789, 2144634.08409368712455 ], [ 491560.157578838290647, 2144622.326154007110745 ], [ 491617.06722927337978, 2144612.247277757152915 ], [ 491740.500955181545578, 2144591.016152698080987 ], [ 491733.424796402803622, 2144558.962941628880799 ], [ 491719.994277248624712, 2144543.134115279186517 ], [ 491715.37492106895661, 2144524.93280529929325 ], [ 491691.238958707777783, 2144419.817308212630451 ], [ 491665.761419471353292, 2144308.859055925160646 ], [ 491608.351922285975888, 2144319.35397769510746 ], [ 491550.942425101995468, 2144329.848899465519935 ], [ 491534.943454981606919, 2144332.773640984669328 ], [ 491504.274012039939407, 2144338.380263946019113 ], [ 491496.81377269490622, 2144339.74405621457845 ], [ 491473.761585992004257, 2144343.95818293467164 ], [ 491435.789735429920256, 2144350.899745244532824 ], [ 491442.680379592929967, 2144384.556304824072868 ], [ 491493.76721742405789, 2144634.08409368712455 ] ] ] ] } },
{ "type": "Feature", "properties": { "fid": 3, "ID": 1867, "ENTIDAD": 9, "DISTRITO_F": 13, "DISTRITO_L": 15, "MUNICIPIO": 6, "SECCION": 1872, "TIPO": 2, "CONTROL": 39930, "GEOMETRY1_": null, "CONCENTRAD": null, "CONCENTR_1": null, "CONCENTR_2": null, "CONCENTR_3": null, "CONCENTR_4": null, "CONCENTR_5": null, "CONCENTR_6": null, "CONCENTR_7": null, "CONCENTR_8": null, "CONCENTR_9": null, "CONCENTR10": null, "CONCENTR11": null, "CONCENTR12": null, "CONCENTR13": null, "CONCENTR14": null, "CONCENTR15": null, "CONCENTR16": null, "CONCENTR17": null, "CONCENTR18": null, "CONCENTR19": null, "CONCENTR20": null, "CONCENTR21": null, "CONCENTR22": null, "CONCENTR23": null, "layer": "Ruta 40", "path": "D:/Atlas de Riesgos 2024/SHAPE/Secciones Electorares Distrito 15/Rutas/Ruta 40.gpkg|layername=Ruta 40" }, "geometry": { "type": "MultiPolygon", "coordinates": [ [ [ [ 491247.998655927600339, 2144675.047216395381838 ], [ 491293.967567422660068, 2144667.108880235813558 ], [ 491342.140930395980831, 2144658.681285236030817 ], [ 491371.85936727427179, 2144653.589352346025407 ], [ 491493.76721742405789, 2144634.08409368712455 ], [ 491442.680379592929967, 2144384.556304824072868 ], [ 491435.789735429920256, 2144350.899745244532824 ], [ 491385.86158000055002, 2144359.608672514557838 ], [ 491337.046254051674623, 2144368.172695403918624 ], [ 491289.460201785725076, 2144376.492480123881251 ], [ 491240.802360029600095, 2144384.999652903992683 ], [ 491197.297077663999517, 2144392.605969592463225 ], [ 491202.96416797011625, 2144426.336183712817729 ], [ 491204.12763629242545, 2144433.261084052734077 ], [ 491226.957521529169753, 2144569.143322678748518 ], [ 491234.208027601707727, 2144610.979686046950519 ], [ 491247.998655927600339, 2144675.047216395381838 ] ] ] ] } },
{ "type": "Feature", "properties": { "fid": 4, "ID": 1872, "ENTIDAD": 9, "DISTRITO_F": 13, "DISTRITO_L": 15, "MUNICIPIO": 6, "SECCION": 1877, "TIPO": 2, "CONTROL": 40030, "GEOMETRY1_": null, "CONCENTRAD": null, "CONCENTR_1": null, "CONCENTR_2": null, "CONCENTR_3": null, "CONCENTR_4": null, "CONCENTR_5": null, "CONCENTR_6": null, "CONCENTR_7": null, "CONCENTR_8": null, "CONCENTR_9": null, "CONCENTR10": null, "CONCENTR11": null, "CONCENTR12": null, "CONCENTR13": null, "CONCENTR14": null, "CONCENTR15": null, "CONCENTR16": null, "CONCENTR17": null, "CONCENTR18": null, "CONCENTR19": null, "CONCENTR20": null, "CONCENTR21": null, "CONCENTR22": null, "CONCENTR23": null, "layer": "Ruta 40", "path": "D:/Atlas de Riesgos 2024/SHAPE/Secciones Electorares Distrito 15/Rutas/Ruta 40.gpkg|layername=Ruta 40" }, "geometry": { "type": "MultiPolygon", "coordinates": [ [ [ [ 491435.789735429920256, 2144350.899745244532824 ], [ 491473.761585992004257, 2144343.95818293467164 ], [ 491496.81377269490622, 2144339.74405621457845 ], [ 491504.274012039939407, 2144338.380263946019113 ], [ 491534.943454981606919, 2144332.773640984669328 ], [ 491550.942425101995468, 2144329.848899465519935 ], [ 491608.351922285975888, 2144319.35397769510746 ], [ 491665.761419471353292, 2144308.859055925160646 ], [ 491648.513904384803027, 2144234.929779197555035 ], [ 491628.782181378861424, 2144149.325555399991572 ], [ 491600.725826467794832, 2144044.387846923433244 ], [ 491593.43829588056542, 2144048.37760750297457 ], [ 491558.497703279834241, 2144067.50683425180614 ], [ 491551.686313436075579, 2144071.246985272504389 ], [ 491519.965746458387002, 2144088.646236101631075 ], [ 491503.608810937497765, 2144097.349027910735458 ], [ 491482.607794572715648, 2144108.20836915075779 ], [ 491449.367560617858544, 2144125.342648710589856 ], [ 491411.381173942820169, 2144147.671930609736592 ], [ 491396.016276732319966, 2144156.70377469016239 ], [ 491435.789735429920256, 2144350.899745244532824 ] ] ] ] } },
{ "type": "Feature", "properties": { "fid": 5, "ID": 1873, "ENTIDAD": 9, "DISTRITO_F": 13, "DISTRITO_L": 15, "MUNICIPIO": 6, "SECCION": 1878, "TIPO": 2, "CONTROL": 40032, "GEOMETRY1_": null, "CONCENTRAD": null, "CONCENTR_1": null, "CONCENTR_2": null, "CONCENTR_3": null, "CONCENTR_4": null, "CONCENTR_5": null, "CONCENTR_6": null, "CONCENTR_7": null, "CONCENTR_8": null, "CONCENTR_9": null, "CONCENTR10": null, "CONCENTR11": null, "CONCENTR12": null, "CONCENTR13": null, "CONCENTR14": null, "CONCENTR15": null, "CONCENTR16": null, "CONCENTR17": null, "CONCENTR18": null, "CONCENTR19": null, "CONCENTR20": null, "CONCENTR21": null, "CONCENTR22": null, "CONCENTR23": null, "layer": "Ruta 40", "path": "D:/Atlas de Riesgos 2024/SHAPE/Secciones Electorares Distrito 15/Rutas/Ruta 40.gpkg|layername=Ruta 40" }, "geometry": { "type": "MultiPolygon", "coordinates": [ [ [ [ 491665.761419471353292, 2144308.859055925160646 ], [ 491726.106555849662982, 2144298.582497585564852 ], [ 491785.040929303213488, 2144288.546187076251954 ], [ 491843.975302759092301, 2144278.509876576252282 ], [ 491767.546164165774826, 2143954.693442274350673 ], [ 491722.946362833783496, 2143978.612298725172877 ], [ 491717.484694993239827, 2143981.534552964847535 ], [ 491667.888042412465438, 2144008.187046843580902 ], [ 491662.392222883063368, 2144011.141797784715891 ], [ 491606.750361996644642, 2144041.089548002928495 ], [ 491600.725826467794832, 2144044.387846923433244 ], [ 491628.782181378861424, 2144149.325555399991572 ], [ 491648.513904384803027, 2144234.929779197555035 ], [ 491665.761419471353292, 2144308.859055925160646 ] ] ] ] } },
{ "type": "Feature", "properties": { "fid": 1, "ID": 1841, "ENTIDAD": 9, "DISTRITO_F": 13, "DISTRITO_L": 15, "MUNICIPIO": 6, "SECCION": 1846, "TIPO": 2, "CONTROL": 40998, "GEOMETRY1_": null, "CONCENTRAD": null, "CONCENTR_1": null, "CONCENTR_2": null, "CONCENTR_3": null, "CONCENTR_4": null, "CONCENTR_5": null, "CONCENTR_6": null, "CONCENTR_7": null, "CONCENTR_8": null, "CONCENTR_9": null, "CONCENTR10": null, "CONCENTR11": null, "CONCENTR12": null, "CONCENTR13": null, "CONCENTR14": null, "CONCENTR15": null, "CONCENTR16": null, "CONCENTR17": null, "CONCENTR18": null, "CONCENTR19": null, "CONCENTR20": null, "CONCENTR21": null, "CONCENTR22": null, "CONCENTR23": null, "layer": "Ruta 41", "path": "D:/Atlas de Riesgos 2024/SHAPE/Secciones Electorares Distrito 15/Rutas/Ruta 41.gpkg|layername=Ruta 41" }, "geometry": { "type": "MultiPolygon", "coordinates": [ [ [ [ 491597.412923769210465, 2145561.578312361147255 ], [ 491605.015683814242948, 2145559.962321021128446 ], [ 491614.951566998672206, 2145557.849996871314943 ], [ 491621.937323571997695, 2145556.365222920663655 ], [ 491685.442922621092293, 2145545.10646280227229 ], [ 491737.556273591471836, 2145535.867407881654799 ], [ 491672.506660836050287, 2145399.04880393575877 ], [ 491738.207462499034591, 2145388.082607036456466 ], [ 491681.002044989552815, 2145252.971137409564108 ], [ 491610.123788005439565, 2145264.017433969769627 ], [ 491539.998516847204883, 2145275.029254148714244 ], [ 491451.917152260313742, 2145289.766315679065883 ], [ 491441.352347639156505, 2145291.533933338709176 ], [ 491433.275832364859525, 2145292.885230548214167 ], [ 491521.540297604806256, 2145438.246339944191277 ], [ 491559.621242984663695, 2145501.655861333012581 ], [ 491597.412923769210465, 2145561.578312361147255 ] ] ] ] } },
{ "type": "Feature", "properties": { "fid": 2, "ID": 1842, "ENTIDAD": 9, "DISTRITO_F": 13, "DISTRITO_L": 15, "MUNICIPIO": 6, "SECCION": 1847, "TIPO": 2, "CONTROL": 40999, "GEOMETRY1_": null, "CONCENTRAD": null, "CONCENTR_1": null, "CONCENTR_2": null, "CONCENTR_3": null, "CONCENTR_4": null, "CONCENTR_5": null, "CONCENTR_6": null, "CONCENTR_7": null, "CONCENTR_8": null, "CONCENTR_9": null, "CONCENTR10": null, "CONCENTR11": null, "CONCENTR12": null, "CONCENTR13": null, "CONCENTR14": null, "CONCENTR15": null, "CONCENTR16": null, "CONCENTR17": null, "CONCENTR18": null, "CONCENTR19": null, "CONCENTR20": null, "CONCENTR21": null, "CONCENTR22": null, "CONCENTR23": null, "layer": "Ruta 41", "path": "D:/Atlas de Riesgos 2024/SHAPE/Secciones Electorares Distrito 15/Rutas/Ruta 41.gpkg|layername=Ruta 41" }, "geometry": { "type": "MultiPolygon", "coordinates": [ [ [ [ 491738.207462499034591, 2145388.082607036456466 ], [ 491799.014544520177878, 2145374.650852086022496 ], [ 491735.834079301101156, 2145208.148742850869894 ], [ 491873.502385947445873, 2145185.204022150952369 ], [ 491803.458498059015255, 2144887.625172180123627 ], [ 491554.860014988691546, 2144931.495321248658001 ], [ 491436.123496994900052, 2144952.448742558248341 ], [ 491303.657053490343969, 2144974.781548537313938 ], [ 491271.672414169006515, 2144980.311520476825535 ], [ 491264.279941567860078, 2144981.69258857704699 ], [ 491253.749871933716349, 2144983.6599434572272 ], [ 491242.355815833376255, 2144985.788665976375341 ], [ 491290.480779972800519, 2145063.278580254875124 ], [ 491330.311426271800883, 2145127.413139583542943 ], [ 491415.695724829798564, 2145264.897335099056363 ], [ 491433.275832364859525, 2145292.885230548214167 ], [ 491441.352347639156505, 2145291.533933338709176 ], [ 491451.917152260313742, 2145289.766315679065883 ], [ 491539.998516847204883, 2145275.029254148714244 ], [ 491610.123788005439565, 2145264.017433969769627 ], [ 491681.002044989552815, 2145252.971137409564108 ], [ 491738.207462499034591, 2145388.082607036456466 ] ] ] ] } },
{ "type": "Feature", "properties": { "fid": 3, "ID": 1844, "ENTIDAD": 9, "DISTRITO_F": 13, "DISTRITO_L": 15, "MUNICIPIO": 6, "SECCION": 1849, "TIPO": 2, "CONTROL": 39924, "GEOMETRY1_": null, "CONCENTRAD": null, "CONCENTR_1": null, "CONCENTR_2": null, "CONCENTR_3": null, "CONCENTR_4": null, "CONCENTR_5": null, "CONCENTR_6": null, "CONCENTR_7": null, "CONCENTR_8": null, "CONCENTR_9": null, "CONCENTR10": null, "CONCENTR11": null, "CONCENTR12": null, "CONCENTR13": null, "CONCENTR14": null, "CONCENTR15": null, "CONCENTR16": null, "CONCENTR17": null, "CONCENTR18": null, "CONCENTR19": null, "CONCENTR20": null, "CONCENTR21": null, "CONCENTR22": null, "CONCENTR23": null, "layer": "Ruta 41", "path": "D:/Atlas de Riesgos 2024/SHAPE/Secciones Electorares Distrito 15/Rutas/Ruta 41.gpkg|layername=Ruta 41" }, "geometry": { "type": "MultiPolygon", "coordinates": [ [ [ [ 491242.355815833376255, 2144985.788665976375341 ], [ 491253.749871933716349, 2144983.6599434572272 ], [ 491264.279941567860078, 2144981.69258857704699 ], [ 491271.672414169006515, 2144980.311520476825535 ], [ 491303.657053490343969, 2144974.781548537313938 ], [ 491436.123496994900052, 2144952.448742558248341 ], [ 491422.491782481549308, 2144889.054654649924487 ], [ 491385.662593884742819, 2144717.781054694671184 ], [ 491371.85936727427179, 2144653.589352346025407 ], [ 491342.140930395980831, 2144658.681285236030817 ], [ 491293.967567422660068, 2144667.108880235813558 ], [ 491247.998655927600339, 2144675.047216395381838 ], [ 491234.208027601707727, 2144610.979686046950519 ], [ 491097.839768886391539, 2144694.422365915495902 ], [ 491091.716501516290009, 2144698.169145734515041 ], [ 491082.992178934218828, 2144703.507491054479033 ], [ 491075.277697341050953, 2144708.227922515012324 ], [ 491242.355815833376255, 2144985.788665976375341 ] ] ] ] } },
{ "type": "Feature", "properties": { "fid": 4, "ID": 1845, "ENTIDAD": 9, "DISTRITO_F": 13, "DISTRITO_L": 15, "MUNICIPIO": 6, "SECCION": 1850, "TIPO": 2, "CONTROL": 39911, "GEOMETRY1_": null, "CONCENTRAD": null, "CONCENTR_1": null, "CONCENTR_2": null, "CONCENTR_3": null, "CONCENTR_4": null, "CONCENTR_5": null, "CONCENTR_6": null, "CONCENTR_7": null, "CONCENTR_8": null, "CONCENTR_9": null, "CONCENTR10": null, "CONCENTR11": null, "CONCENTR12": null, "CONCENTR13": null, "CONCENTR14": null, "CONCENTR15": null, "CONCENTR16": null, "CONCENTR17": null, "CONCENTR18": null, "CONCENTR19": null, "CONCENTR20": null, "CONCENTR21": null, "CONCENTR22": null, "CONCENTR23": null, "layer": "Ruta 41", "path": "D:/Atlas de Riesgos 2024/SHAPE/Secciones Electorares Distrito 15/Rutas/Ruta 41.gpkg|layername=Ruta 41" }, "geometry": { "type": "MultiPolygon", "coordinates": [ [ [ [ 491436.123496994900052, 2144952.448742558248341 ], [ 491554.860014988691546, 2144931.495321248658001 ], [ 491803.458498059015255, 2144887.625172180123627 ], [ 491796.670445757568814, 2144849.328111560549587 ], [ 491791.952551910770126, 2144822.710540181491524 ], [ 491790.386584743566345, 2144816.519081601407379 ], [ 491542.01467431767378, 2144859.451117631047964 ], [ 491523.339525186049286, 2144772.218275682535022 ], [ 491518.942189267778303, 2144753.888193182647228 ], [ 491507.403199128690176, 2144697.778655284550041 ], [ 491493.76721742405789, 2144634.08409368712455 ], [ 491371.85936727427179, 2144653.589352346025407 ], [ 491385.662593884742819, 2144717.781054694671184 ], [ 491422.491782481549308, 2144889.054654649924487 ], [ 491436.123496994900052, 2144952.448742558248341 ] ] ] ] } },
{ "type": "Feature", "properties": { "fid": 5, "ID": 1846, "ENTIDAD": 9, "DISTRITO_F": 13, "DISTRITO_L": 15, "MUNICIPIO": 6, "SECCION": 1851, "TIPO": 2, "CONTROL": 39910, "GEOMETRY1_": null, "CONCENTRAD": null, "CONCENTR_1": null, "CONCENTR_2": null, "CONCENTR_3": null, "CONCENTR_4": null, "CONCENTR_5": null, "CONCENTR_6": null, "CONCENTR_7": null, "CONCENTR_8": null, "CONCENTR_9": null, "CONCENTR10": null, "CONCENTR11": null, "CONCENTR12": null, "CONCENTR13": null, "CONCENTR14": null, "CONCENTR15": null, "CONCENTR16": null, "CONCENTR17": null, "CONCENTR18": null, "CONCENTR19": null, "CONCENTR20": null, "CONCENTR21": null, "CONCENTR22": null, "CONCENTR23": null, "layer": "Ruta 41", "path": "D:/Atlas de Riesgos 2024/SHAPE/Secciones Electorares Distrito 15/Rutas/Ruta 41.gpkg|layername=Ruta 41" }, "geometry": { "type": "MultiPolygon", "coordinates": [ [ [ [ 491803.458498059015255, 2144887.625172180123627 ], [ 491946.812560628401116, 2144864.160707750357687 ], [ 491982.071326386416331, 2144858.397254920564592 ], [ 491916.595521938405, 2144559.336034778505564 ], [ 491740.500955181545578, 2144591.016152698080987 ], [ 491617.06722927337978, 2144612.247277757152915 ], [ 491560.157578838290647, 2144622.326154007110745 ], [ 491493.76721742405789, 2144634.08409368712455 ], [ 491507.403199128690176, 2144697.778655284550041 ], [ 491518.942189267778303, 2144753.888193182647228 ], [ 491523.339525186049286, 2144772.218275682535022 ], [ 491542.01467431767378, 2144859.451117631047964 ], [ 491790.386584743566345, 2144816.519081601407379 ], [ 491791.952551910770126, 2144822.710540181491524 ], [ 491796.670445757568814, 2144849.328111560549587 ], [ 491803.458498059015255, 2144887.625172180123627 ] ] ] ] } },
{ "type": "Feature", "properties": { "fid": 1, "ID": 1826, "ENTIDAD": 9, "DISTRITO_F": 13, "DISTRITO_L": 15, "MUNICIPIO": 6, "SECCION": 1831, "TIPO": 2, "CONTROL": 40997, "GEOMETRY1_": null, "CONCENTRAD": null, "CONCENTR_1": null, "CONCENTR_2": null, "CONCENTR_3": null, "CONCENTR_4": null, "CONCENTR_5": null, "CONCENTR_6": null, "CONCENTR_7": null, "CONCENTR_8": null, "CONCENTR_9": null, "CONCENTR10": null, "CONCENTR11": null, "CONCENTR12": null, "CONCENTR13": null, "CONCENTR14": null, "CONCENTR15": null, "CONCENTR16": null, "CONCENTR17": null, "CONCENTR18": null, "CONCENTR19": null, "CONCENTR20": null, "CONCENTR21": null, "CONCENTR22": null, "CONCENTR23": null, "layer": "Ruta 42", "path": "D:/Atlas de Riesgos 2024/SHAPE/Secciones Electorares Distrito 15/Rutas/Ruta 42.gpkg|layername=Ruta 42" }, "geometry": { "type": "MultiPolygon", "coordinates": [ [ [ [ 491905.757381741539575, 2146033.92926204809919 ], [ 491916.089967908628751, 2146029.042380808386952 ], [ 491933.609937012486625, 2146020.756167958490551 ], [ 492063.34022259269841, 2145959.399167060852051 ], [ 492371.465206901426427, 2145776.751482915133238 ], [ 492560.926138250273652, 2145664.289740928448737 ], [ 492552.666039297764655, 2145622.071458510123193 ], [ 492545.319898092013318, 2145626.614641998894513 ], [ 492489.490993507439271, 2145661.141742729116231 ], [ 492426.31594772572862, 2145700.212026947643608 ], [ 492299.96585618989775, 2145778.352595394942909 ], [ 492209.038395119307097, 2145834.586219063028693 ], [ 492091.207104496308602, 2145907.458378680981696 ], [ 492045.128885601647198, 2145935.955217720940709 ], [ 491986.312299717450514, 2145680.81765274843201 ], [ 491944.441683715558611, 2145499.189174222759902 ], [ 491873.502385947445873, 2145185.204022150952369 ], [ 491735.834079301101156, 2145208.148742850869894 ], [ 491799.014544520177878, 2145374.650852086022496 ], [ 491738.207462499034591, 2145388.082607036456466 ], [ 491672.506660836050287, 2145399.04880393575877 ], [ 491737.556273591471836, 2145535.867407881654799 ], [ 491685.442922621092293, 2145545.10646280227229 ], [ 491621.937323571997695, 2145556.365222920663655 ], [ 491614.951566998672206, 2145557.849996871314943 ], [ 491605.015683814242948, 2145559.962321021128446 ], [ 491597.412923769210465, 2145561.578312361147255 ], [ 491714.349869135359768, 2145751.915526585653424 ], [ 491755.107650949037634, 2145818.478261723183095 ], [ 491765.947292515775189, 2145808.506365114822984 ], [ 491773.11090864345897, 2145802.889666324481368 ], [ 491810.959987214126159, 2145867.168758272659034 ], [ 491806.690237873117439, 2145871.741579602006823 ], [ 491800.553720390773378, 2145878.313674531877041 ], [ 491816.796422833518591, 2145886.548672842327505 ], [ 491820.03053786046803, 2145890.157754332292825 ], [ 491827.422514260921162, 2145902.932569451630116 ], [ 491883.425171441806015, 2145995.624353180173784 ], [ 491893.482842337805778, 2146012.387138168793172 ], [ 491895.714752513391431, 2146016.878666358999908 ], [ 491898.642122823162936, 2146021.986167528200895 ], [ 491903.945377753640059, 2146030.701788258738816 ], [ 491905.757381741539575, 2146033.92926204809919 ] ] ] ] } },
{ "type": "Feature", "properties": { "fid": 2, "ID": 1827, "ENTIDAD": 9, "DISTRITO_F": 13, "DISTRITO_L": 15, "MUNICIPIO": 6, "SECCION": 1832, "TIPO": 2, "CONTROL": 39890, "GEOMETRY1_": null, "CONCENTRAD": null, "CONCENTR_1": null, "CONCENTR_2": null, "CONCENTR_3": null, "CONCENTR_4": null, "CONCENTR_5": null, "CONCENTR_6": null, "CONCENTR_7": null, "CONCENTR_8": null, "CONCENTR_9": null, "CONCENTR10": null, "CONCENTR11": null, "CONCENTR12": null, "CONCENTR13": null, "CONCENTR14": null, "CONCENTR15": null, "CONCENTR16": null, "CONCENTR17": null, "CONCENTR18": null, "CONCENTR19": null, "CONCENTR20": null, "CONCENTR21": null, "CONCENTR22": null, "CONCENTR23": null, "layer": "Ruta 42", "path": "D:/Atlas de Riesgos 2024/SHAPE/Secciones Electorares Distrito 15/Rutas/Ruta 42.gpkg|layername=Ruta 42" }, "geometry": { "type": "MultiPolygon", "coordinates": [ [ [ [ 492045.128885601647198, 2145935.955217720940709 ], [ 492091.207104496308602, 2145907.458378680981696 ], [ 492209.038395119307097, 2145834.586219063028693 ], [ 492299.96585618989775, 2145778.352595394942909 ], [ 492426.31594772572862, 2145700.212026947643608 ], [ 492489.490993507439271, 2145661.141742729116231 ], [ 492545.319898092013318, 2145626.614641998894513 ], [ 492552.666039297764655, 2145622.071458510123193 ], [ 492539.622820868215058, 2145562.445806520991027 ], [ 492530.202782583364751, 2145519.383127812296152 ], [ 492520.46613639005227, 2145472.490520923864096 ], [ 492504.328977459634189, 2145399.92805719608441 ], [ 492488.606489187164698, 2145329.230204517953098 ], [ 492474.69532285828609, 2145265.636823298875242 ], [ 492473.436856964428443, 2145259.883883570320904 ], [ 492400.200598935363814, 2145273.031836079899222 ], [ 492332.171724807412829, 2145284.683191598393023 ], [ 492266.21605096332496, 2145295.97614320833236 ], [ 492196.827450494398363, 2145307.856881617568433 ], [ 492137.579599665128626, 2145318.05482863727957 ], [ 492168.09433346579317, 2145459.538315693382174 ], [ 492117.821578632167075, 2145468.45105556352064 ], [ 491944.441683715558611, 2145499.189174222759902 ], [ 491986.312299717450514, 2145680.81765274843201 ], [ 492045.128885601647198, 2145935.955217720940709 ] ] ] ] } },
{ "type": "Feature", "properties": { "fid": 3, "ID": 1840, "ENTIDAD": 9, "DISTRITO_F": 13, "DISTRITO_L": 15, "MUNICIPIO": 6, "SECCION": 1845, "TIPO": 2, "CONTROL": 39891, "GEOMETRY1_": null, "CONCENTRAD": null, "CONCENTR_1": null, "CONCENTR_2": null, "CONCENTR_3": null, "CONCENTR_4": null, "CONCENTR_5": null, "CONCENTR_6": null, "CONCENTR_7": null, "CONCENTR_8": null, "CONCENTR_9": null, "CONCENTR10": null, "CONCENTR11": null, "CONCENTR12": null, "CONCENTR13": null, "CONCENTR14": null, "CONCENTR15": null, "CONCENTR16": null, "CONCENTR17": null, "CONCENTR18": null, "CONCENTR19": null, "CONCENTR20": null, "CONCENTR21": null, "CONCENTR22": null, "CONCENTR23": null, "layer": "Ruta 42", "path": "D:/Atlas de Riesgos 2024/SHAPE/Secciones Electorares Distrito 15/Rutas/Ruta 42.gpkg|layername=Ruta 42" }, "geometry": { "type": "MultiPolygon", "coordinates": [ [ [ [ 491944.441683715558611, 2145499.189174222759902 ], [ 492117.821578632167075, 2145468.45105556352064 ], [ 492168.09433346579317, 2145459.538315693382174 ], [ 492137.579599665128626, 2145318.05482863727957 ], [ 492196.827450494398363, 2145307.856881617568433 ], [ 492266.21605096332496, 2145295.97614320833236 ], [ 492332.171724807412829, 2145284.683191598393023 ], [ 492400.200598935363814, 2145273.031836079899222 ], [ 492473.436856964428443, 2145259.883883570320904 ], [ 492443.635658321261872, 2145123.650950912386179 ], [ 492436.323926264594775, 2145090.260699203703552 ], [ 492158.6927622150979, 2145133.894454633351415 ], [ 492049.724062297435012, 2145154.922765102703124 ], [ 491873.502385947445873, 2145185.204022150952369 ], [ 491944.441683715558611, 2145499.189174222759902 ] ] ] ] } },
{ "type": "Feature", "properties": { "fid": 1, "ID": 1843, "ENTIDAD": 9, "DISTRITO_F": 13, "DISTRITO_L": 15, "MUNICIPIO": 6, "SECCION": 1848, "TIPO": 2, "CONTROL": 39894, "GEOMETRY1_": null, "CONCENTRAD": 15, "CONCENTR_1": "Iztacalco", "CONCENTR_2": 122, "CONCENTR_3": 42, "CONCENTR_4": 22, "CONCENTR_5": 0, "CONCENTR_6": 0, "CONCENTR_7": 41, "CONCENTR_8": 0, "CONCENTR_9": 42, "CONCENTR10": 289, "CONCENTR11": 12, "CONCENTR12": 0, "CONCENTR13": 1, "CONCENTR14": 0, "CONCENTR15": 4, "CONCENTR16": 575, "CONCENTR17": 814, "CONCENTR18": 199, "CONCENTR19": 289, "CONCENTR20": -90, "CONCENTR21": 34.61, "CONCENTR22": 50.26, "CONCENTR23": -15.65, "layer": "Ruta 43", "path": "D:/Atlas de Riesgos 2024/SHAPE/Secciones Electorares Distrito 15/Rutas/Ruta 43.gpkg|layername=Ruta 43" }, "geometry": { "type": "MultiPolygon", "coordinates": [ [ [ [ 491873.502385947445873, 2145185.204022150952369 ], [ 492049.724062297435012, 2145154.922765102703124 ], [ 492158.6927622150979, 2145133.894454633351415 ], [ 492436.323926264594775, 2145090.260699203703552 ], [ 492404.019580734311603, 2144942.567723797634244 ], [ 492371.384842653293163, 2144793.364219171926379 ], [ 492359.443222547415644, 2144736.540277054067701 ], [ 492295.287450294767041, 2144747.637660853099078 ], [ 492245.048188963730354, 2144756.382379743270576 ], [ 492190.864693148701917, 2144765.813637823332101 ], [ 492136.681197335303295, 2144775.244895912706852 ], [ 492086.401758484309539, 2144783.99660816276446 ], [ 492080.297543539840262, 2144785.059116702526808 ], [ 492094.279675911588129, 2144840.05550316022709 ], [ 492038.17550114763435, 2144849.226379041094333 ], [ 491982.071326386416331, 2144858.397254920564592 ], [ 491946.812560628401116, 2144864.160707750357687 ], [ 491803.458498059015255, 2144887.625172180123627 ], [ 491873.502385947445873, 2145185.204022150952369 ] ] ] ] } },
{ "type": "Feature", "properties": { "fid": 2, "ID": 1847, "ENTIDAD": 9, "DISTRITO_F": 13, "DISTRITO_L": 15, "MUNICIPIO": 6, "SECCION": 1852, "TIPO": 2, "CONTROL": 39906, "GEOMETRY1_": null, "CONCENTRAD": 15, "CONCENTR_1": "Iztacalco", "CONCENTR_2": 151, "CONCENTR_3": 61, "CONCENTR_4": 15, "CONCENTR_5": 0, "CONCENTR_6": 0, "CONCENTR_7": 40, "CONCENTR_8": 0, "CONCENTR_9": 22, "CONCENTR10": 309, "CONCENTR11": 16, "CONCENTR12": 2, "CONCENTR13": 1, "CONCENTR14": 0, "CONCENTR15": 15, "CONCENTR16": 634, "CONCENTR17": 893, "CONCENTR18": 246, "CONCENTR19": 309, "CONCENTR20": -63, "CONCENTR21": 38.8, "CONCENTR22": 48.74, "CONCENTR23": -9.94, "layer": "Ruta 43", "path": "D:/Atlas de Riesgos 2024/SHAPE/Secciones Electorares Distrito 15/Rutas/Ruta 43.gpkg|layername=Ruta 43" }, "geometry": { "type": "MultiPolygon", "coordinates": [ [ [ [ 491982.071326386416331, 2144858.397254920564592 ], [ 492038.17550114763435, 2144849.226379041094333 ], [ 492094.279675911588129, 2144840.05550316022709 ], [ 492080.297543539840262, 2144785.059116702526808 ], [ 492086.401758484309539, 2144783.99660816276446 ], [ 492136.681197335303295, 2144775.244895912706852 ], [ 492096.253096890926827, 2144585.378996457904577 ], [ 492148.198587014805526, 2144577.234220937825739 ], [ 492138.061844943964388, 2144520.771928580477834 ], [ 492088.595716233074199, 2144529.783538358751684 ], [ 492027.510923596855719, 2144541.259496649261564 ], [ 491971.33114565705182, 2144550.418988858815283 ], [ 491916.595521938405, 2144559.336034778505564 ], [ 491982.071326386416331, 2144858.397254920564592 ] ] ] ] } },
{ "type": "Feature", "properties": { "fid": 3, "ID": 1849, "ENTIDAD": 9, "DISTRITO_F": 13, "DISTRITO_L": 11, "MUNICIPIO": 6, "SECCION": 1854, "TIPO": 2, "CONTROL": 39902, "GEOMETRY1_": null, "CONCENTRAD": 11, "CONCENTR_1": "Iztacalco", "CONCENTR_2": 132, "CONCENTR_3": 55, "CONCENTR_4": 19, "CONCENTR_5": 0, "CONCENTR_6": 0, "CONCENTR_7": 39, "CONCENTR_8": 0, "CONCENTR_9": 31, "CONCENTR10": 354, "CONCENTR11": 9, "CONCENTR12": 1, "CONCENTR13": 0, "CONCENTR14": 0, "CONCENTR15": 10, "CONCENTR16": 651, "CONCENTR17": 894, "CONCENTR18": 216, "CONCENTR19": 354, "CONCENTR20": -138, "CONCENTR21": 33.18, "CONCENTR22": 54.38, "CONCENTR23": -21.2, "layer": "Ruta 43", "path": "D:/Atlas de Riesgos 2024/SHAPE/Secciones Electorares Distrito 15/Rutas/Ruta 43.gpkg|layername=Ruta 43" }, "geometry": { "type": "MultiPolygon", "coordinates": [ [ [ [ 492404.019580734311603, 2144942.567723797634244 ], [ 492475.028723159688525, 2144930.084819168783724 ], [ 492539.123249976313673, 2144921.145746968686581 ], [ 492602.627180010778829, 2144910.353316568769515 ], [ 492672.901070696418174, 2144898.398320969659835 ], [ 492637.141752628143877, 2144746.153830013237894 ], [ 492579.85476927284617, 2144755.898869623430073 ], [ 492568.661673718539532, 2144757.80291751306504 ], [ 492527.478811017761473, 2144764.808498973026872 ], [ 492507.380522468010895, 2144768.227401602081954 ], [ 492477.170837597048376, 2144773.366345203015953 ], [ 492437.519431482534856, 2144587.944605048280209 ], [ 492390.139055564068258, 2144598.025402046740055 ], [ 492366.000105347135104, 2144483.015586180612445 ], [ 492305.545385569625068, 2144492.386314820498228 ], [ 492318.080154104158282, 2144549.168062928598374 ], [ 492331.354341225931421, 2144609.2993328073062 ], [ 492359.443222547415644, 2144736.540277054067701 ], [ 492371.384842653293163, 2144793.364219171926379 ], [ 492404.019580734311603, 2144942.567723797634244 ] ] ] ] } },
{ "type": "Feature", "properties": { "fid": 4, "ID": 1850, "ENTIDAD": 9, "DISTRITO_F": 13, "DISTRITO_L": 11, "MUNICIPIO": 6, "SECCION": 1855, "TIPO": 2, "CONTROL": 39896, "GEOMETRY1_": null, "CONCENTRAD": 11, "CONCENTR_1": "Iztacalco", "CONCENTR_2": 202, "CONCENTR_3": 74, "CONCENTR_4": 22, "CONCENTR_5": 0, "CONCENTR_6": 0, "CONCENTR_7": 46, "CONCENTR_8": 0, "CONCENTR_9": 40, "CONCENTR10": 448, "CONCENTR11": 24, "CONCENTR12": 2, "CONCENTR13": 0, "CONCENTR14": 1, "CONCENTR15": 15, "CONCENTR16": 874, "CONCENTR17": 1206, "CONCENTR18": 324, "CONCENTR19": 448, "CONCENTR20": -124, "CONCENTR21": 37.07, "CONCENTR22": 51.26, "CONCENTR23": -14.19, "layer": "Ruta 43", "path": "D:/Atlas de Riesgos 2024/SHAPE/Secciones Electorares Distrito 15/Rutas/Ruta 43.gpkg|layername=Ruta 43" }, "geometry": { "type": "MultiPolygon", "coordinates": [ [ [ [ 492477.170837597048376, 2144773.366345203015953 ], [ 492507.380522468010895, 2144768.227401602081954 ], [ 492527.478811017761473, 2144764.808498973026872 ], [ 492568.661673718539532, 2144757.80291751306504 ], [ 492579.85476927284617, 2144755.898869623430073 ], [ 492637.141752628143877, 2144746.153830013237894 ], [ 492568.570987803046592, 2144444.494861351791769 ], [ 492512.70694068830926, 2144455.110024651046842 ], [ 492460.729803087713663, 2144465.0018589515239 ], [ 492413.033890196122229, 2144474.084418180864304 ], [ 492366.000105347135104, 2144483.015586180612445 ], [ 492390.139055564068258, 2144598.025402046740055 ], [ 492437.519431482534856, 2144587.944605048280209 ], [ 492477.170837597048376, 2144773.366345203015953 ] ] ] ] } },
{ "type": "Feature", "properties": { "fid": 1, "ID": 1862, "ENTIDAD": 9, "DISTRITO_F": 13, "DISTRITO_L": 11, "MUNICIPIO": 6, "SECCION": 1867, "TIPO": 2, "CONTROL": 40148, "GEOMETRY1_": null, "CONCENTRAD": 11, "CONCENTR_1": "Iztacalco", "CONCENTR_2": 204, "CONCENTR_3": 44, "CONCENTR_4": 18, "CONCENTR_5": 0, "CONCENTR_6": 0, "CONCENTR_7": 54, "CONCENTR_8": 0, "CONCENTR_9": 21, "CONCENTR10": 441, "CONCENTR11": 19, "CONCENTR12": 3, "CONCENTR13": 0, "CONCENTR14": 0, "CONCENTR15": 18, "CONCENTR16": 824, "CONCENTR17": 1174, "CONCENTR18": 288, "CONCENTR19": 441, "CONCENTR20": -153, "CONCENTR21": 34.95, "CONCENTR22": 53.52, "CONCENTR23": -18.57, "layer": "Ruta 44", "path": "D:/Atlas de Riesgos 2024/SHAPE/Secciones Electorares Distrito 15/Rutas/Ruta 44.gpkg|layername=Ruta 44" }, "geometry": { "type": "MultiPolygon", "coordinates": [ [ [ [ 492568.570987803046592, 2144444.494861351791769 ], [ 492623.538192804611754, 2144435.603056541178375 ], [ 492675.491381077095866, 2144427.198816072195768 ], [ 492727.184394761163276, 2144418.836662902031094 ], [ 492779.93315258983057, 2144409.849462092854083 ], [ 492834.026989008358214, 2144400.633090183138847 ], [ 492802.72369839809835, 2144256.575555307790637 ], [ 492789.870294250489678, 2144197.424275049008429 ], [ 492778.754938767116982, 2144146.271483160089701 ], [ 492771.889802030404098, 2144114.67816964071244 ], [ 492634.65513412700966, 2144136.883948370348662 ], [ 492503.172072268440388, 2144160.471175230108202 ], [ 492510.828889495052863, 2144194.571447508409619 ], [ 492538.588384083937854, 2144314.722045725677162 ], [ 492568.570987803046592, 2144444.494861351791769 ] ] ] ] } },
{ "type": "Feature", "properties": { "fid": 2, "ID": 1863, "ENTIDAD": 9, "DISTRITO_F": 13, "DISTRITO_L": 15, "MUNICIPIO": 6, "SECCION": 1868, "TIPO": 2, "CONTROL": 40050, "GEOMETRY1_": null, "CONCENTRAD": 15, "CONCENTR_1": "Iztacalco", "CONCENTR_2": 143, "CONCENTR_3": 55, "CONCENTR_4": 17, "CONCENTR_5": 0, "CONCENTR_6": 0, "CONCENTR_7": 51, "CONCENTR_8": 0, "CONCENTR_9": 36, "CONCENTR10": 434, "CONCENTR11": 17, "CONCENTR12": 3, "CONCENTR13": 0, "CONCENTR14": 0, "CONCENTR15": 19, "CONCENTR16": 775, "CONCENTR17": 1186, "CONCENTR18": 235, "CONCENTR19": 434, "CONCENTR20": -199, "CONCENTR21": 30.32, "CONCENTR22": 56.0, "CONCENTR23": -25.68, "layer": "Ruta 44", "path": "D:/Atlas de Riesgos 2024/SHAPE/Secciones Electorares Distrito 15/Rutas/Ruta 44.gpkg|layername=Ruta 44" }, "geometry": { "type": "MultiPolygon", "coordinates": [ [ [ [ 492305.545385569625068, 2144492.386314820498228 ], [ 492366.000105347135104, 2144483.015586180612445 ], [ 492413.033890196122229, 2144474.084418180864304 ], [ 492460.729803087713663, 2144465.0018589515239 ], [ 492512.70694068830926, 2144455.110024651046842 ], [ 492568.570987803046592, 2144444.494861351791769 ], [ 492538.588384083937854, 2144314.722045725677162 ], [ 492510.828889495052863, 2144194.571447508409619 ], [ 492503.172072268440388, 2144160.471175230108202 ], [ 492447.724860760557931, 2144169.899441189132631 ], [ 492397.872523993020877, 2144178.376352418679744 ], [ 492242.487712878035381, 2144204.801383587997407 ], [ 492250.528259243292268, 2144240.881516487337649 ], [ 492278.599500089650974, 2144364.151942344382405 ], [ 492305.545385569625068, 2144492.386314820498228 ] ] ] ] } },
{ "type": "Feature", "properties": { "fid": 3, "ID": 1864, "ENTIDAD": 9, "DISTRITO_F": 13, "DISTRITO_L": 15, "MUNICIPIO": 6, "SECCION": 1869, "TIPO": 2, "CONTROL": 40044, "GEOMETRY1_": null, "CONCENTRAD": 15, "CONCENTR_1": "Iztacalco", "CONCENTR_2": 243, "CONCENTR_3": 93, "CONCENTR_4": 21, "CONCENTR_5": 0, "CONCENTR_6": 0, "CONCENTR_7": 61, "CONCENTR_8": 0, "CONCENTR_9": 42, "CONCENTR10": 484, "CONCENTR11": 27, "CONCENTR12": 3, "CONCENTR13": 0, "CONCENTR14": 1, "CONCENTR15": 22, "CONCENTR16": 998, "CONCENTR17": 1438, "CONCENTR18": 387, "CONCENTR19": 484, "CONCENTR20": -97, "CONCENTR21": 38.78, "CONCENTR22": 48.5, "CONCENTR23": -9.72, "layer": "Ruta 44", "path": "D:/Atlas de Riesgos 2024/SHAPE/Secciones Electorares Distrito 15/Rutas/Ruta 44.gpkg|layername=Ruta 44" }, "geometry": { "type": "MultiPolygon", "coordinates": [ [ [ [ 492027.510923596855719, 2144541.259496649261564 ], [ 492088.595716233074199, 2144529.783538358751684 ], [ 492138.061844943964388, 2144520.771928580477834 ], [ 492191.768066930002533, 2144512.376472109928727 ], [ 492243.408491462294478, 2144504.303944940213114 ], [ 492305.545385569625068, 2144492.386314820498228 ], [ 492278.599500089650974, 2144364.151942344382405 ], [ 492250.528259243292268, 2144240.881516487337649 ], [ 492242.487712878035381, 2144204.801383587997407 ], [ 492179.50121168786427, 2144216.809738278388977 ], [ 492128.377675511466805, 2144226.607139507774264 ], [ 492075.664215107448399, 2144236.709236517548561 ], [ 492022.950754704419523, 2144246.811333538033068 ], [ 491965.810756685095839, 2144257.761739736422896 ], [ 491972.850609437271487, 2144291.345002565998584 ], [ 491999.05761944927508, 2144416.364223353099078 ], [ 492027.510923596855719, 2144541.259496649261564 ] ] ] ] } },
{ "type": "Feature", "properties": { "fid": 4, "ID": 1880, "ENTIDAD": 9, "DISTRITO_F": 13, "DISTRITO_L": 11, "MUNICIPIO": 6, "SECCION": 1885, "TIPO": 2, "CONTROL": 40106, "GEOMETRY1_": null, "CONCENTRAD": 11, "CONCENTR_1": "Iztacalco", "CONCENTR_2": 167, "CONCENTR_3": 66, "CONCENTR_4": 17, "CONCENTR_5": 0, "CONCENTR_6": 0, "CONCENTR_7": 50, "CONCENTR_8": 0, "CONCENTR_9": 14, "CONCENTR10": 423, "CONCENTR11": 19, "CONCENTR12": 0, "CONCENTR13": 3, "CONCENTR14": 0, "CONCENTR15": 20, "CONCENTR16": 780, "CONCENTR17": 1062, "CONCENTR18": 272, "CONCENTR19": 423, "CONCENTR20": -151, "CONCENTR21": 34.87, "CONCENTR22": 54.23, "CONCENTR23": -19.36, "layer": "Ruta 44", "path": "D:/Atlas de Riesgos 2024/SHAPE/Secciones Electorares Distrito 15/Rutas/Ruta 44.gpkg|layername=Ruta 44" }, "geometry": { "type": "MultiPolygon", "coordinates": [ [ [ [ 492634.65513412700966, 2144136.883948370348662 ], [ 492771.889802030404098, 2144114.67816964071244 ], [ 492821.688303269445896, 2144106.268832280766219 ], [ 492867.437873219721951, 2144099.21764968149364 ], [ 492909.124469943111762, 2144092.47239095158875 ], [ 492883.135912669706158, 2143971.496789024677128 ], [ 492608.24332354409853, 2144020.431876483839005 ], [ 492611.506817416811828, 2144034.374009433202446 ], [ 492622.578821526607499, 2144083.405240491963923 ], [ 492634.65513412700966, 2144136.883948370348662 ] ] ] ] } },
{ "type": "Feature", "properties": { "fid": 1, "ID": 1874, "ENTIDAD": 9, "DISTRITO_F": 13, "DISTRITO_L": 15, "MUNICIPIO": 6, "SECCION": 1879, "TIPO": 2, "CONTROL": 40035, "GEOMETRY1_": null, "CONCENTRAD": null, "CONCENTR_1": null, "CONCENTR_2": null, "CONCENTR_3": null, "CONCENTR_4": null, "CONCENTR_5": null, "CONCENTR_6": null, "CONCENTR_7": null, "CONCENTR_8": null, "CONCENTR_9": null, "CONCENTR10": null, "CONCENTR11": null, "CONCENTR12": null, "CONCENTR13": null, "CONCENTR14": null, "CONCENTR15": null, "CONCENTR16": null, "CONCENTR17": null, "CONCENTR18": null, "CONCENTR19": null, "CONCENTR20": null, "CONCENTR21": null, "CONCENTR22": null, "CONCENTR23": null, "layer": "Ruta 45", "path": "D:/Atlas de Riesgos 2024/SHAPE/Secciones Electorares Distrito 15/Rutas/Ruta 45.gpkg|layername=Ruta 45" }, "geometry": { "type": "MultiPolygon", "coordinates": [ [ [ [ 491843.975302759092301, 2144278.509876576252282 ], [ 491904.893029720464256, 2144268.13580815680325 ], [ 491965.810756685095839, 2144257.761739736422896 ], [ 492022.950754704419523, 2144246.811333538033068 ], [ 491937.780050336907152, 2143862.222222637850791 ], [ 491886.639655207749456, 2143890.633225847501308 ], [ 491880.746381412842311, 2143893.907229117117822 ], [ 491825.340970041521359, 2143923.65982010634616 ], [ 491772.977982352196705, 2143951.782359345350415 ], [ 491767.546164165774826, 2143954.693442274350673 ], [ 491843.975302759092301, 2144278.509876576252282 ] ] ] ] } },
{ "type": "Feature", "properties": { "fid": 2, "ID": 1875, "ENTIDAD": 9, "DISTRITO_F": 13, "DISTRITO_L": 15, "MUNICIPIO": 6, "SECCION": 1880, "TIPO": 2, "CONTROL": 40037, "GEOMETRY1_": null, "CONCENTRAD": null, "CONCENTR_1": null, "CONCENTR_2": null, "CONCENTR_3": null, "CONCENTR_4": null, "CONCENTR_5": null, "CONCENTR_6": null, "CONCENTR_7": null, "CONCENTR_8": null, "CONCENTR_9": null, "CONCENTR10": null, "CONCENTR11": null, "CONCENTR12": null, "CONCENTR13": null, "CONCENTR14": null, "CONCENTR15": null, "CONCENTR16": null, "CONCENTR17": null, "CONCENTR18": null, "CONCENTR19": null, "CONCENTR20": null, "CONCENTR21": null, "CONCENTR22": null, "CONCENTR23": null, "layer": "Ruta 45", "path": "D:/Atlas de Riesgos 2024/SHAPE/Secciones Electorares Distrito 15/Rutas/Ruta 45.gpkg|layername=Ruta 45" }, "geometry": { "type": "MultiPolygon", "coordinates": [ [ [ [ 492022.950754704419523, 2144246.811333538033068 ], [ 492075.664215107448399, 2144236.709236517548561 ], [ 492128.377675511466805, 2144226.607139507774264 ], [ 492039.54785946017364, 2143832.236985798925161 ], [ 492035.514921042893548, 2143807.925697999075055 ], [ 492023.776604437967762, 2143814.446909849066287 ], [ 491987.333110422245227, 2143834.693062078207731 ], [ 491980.90087802632479, 2143838.266483338549733 ], [ 491937.780050336907152, 2143862.222222637850791 ], [ 492022.950754704419523, 2144246.811333538033068 ] ] ] ] } },
{ "type": "Feature", "properties": { "fid": 3, "ID": 1876, "ENTIDAD": 9, "DISTRITO_F": 13, "DISTRITO_L": 15, "MUNICIPIO": 6, "SECCION": 1881, "TIPO": 2, "CONTROL": 40038, "GEOMETRY1_": null, "CONCENTRAD": null, "CONCENTR_1": null, "CONCENTR_2": null, "CONCENTR_3": null, "CONCENTR_4": null, "CONCENTR_5": null, "CONCENTR_6": null, "CONCENTR_7": null, "CONCENTR_8": null, "CONCENTR_9": null, "CONCENTR10": null, "CONCENTR11": null, "CONCENTR12": null, "CONCENTR13": null, "CONCENTR14": null, "CONCENTR15": null, "CONCENTR16": null, "CONCENTR17": null, "CONCENTR18": null, "CONCENTR19": null, "CONCENTR20": null, "CONCENTR21": null, "CONCENTR22": null, "CONCENTR23": null, "layer": "Ruta 45", "path": "D:/Atlas de Riesgos 2024/SHAPE/Secciones Electorares Distrito 15/Rutas/Ruta 45.gpkg|layername=Ruta 45" }, "geometry": { "type": "MultiPolygon", "coordinates": [ [ [ [ 492128.377675511466805, 2144226.607139507774264 ], [ 492179.50121168786427, 2144216.809738278388977 ], [ 492242.487712878035381, 2144204.801383587997407 ], [ 492183.072602461033966, 2143938.189516445621848 ], [ 492155.953753888607025, 2143810.399424738716334 ], [ 492142.782454550499097, 2143748.333310641348362 ], [ 492035.514921042893548, 2143807.925697999075055 ], [ 492039.54785946017364, 2143832.236985798925161 ], [ 492128.377675511466805, 2144226.607139507774264 ] ] ] ] } },
{ "type": "Feature", "properties": { "fid": 4, "ID": 1877, "ENTIDAD": 9, "DISTRITO_F": 13, "DISTRITO_L": 15, "MUNICIPIO": 6, "SECCION": 1882, "TIPO": 2, "CONTROL": 40092, "GEOMETRY1_": null, "CONCENTRAD": null, "CONCENTR_1": null, "CONCENTR_2": null, "CONCENTR_3": null, "CONCENTR_4": null, "CONCENTR_5": null, "CONCENTR_6": null, "CONCENTR_7": null, "CONCENTR_8": null, "CONCENTR_9": null, "CONCENTR10": null, "CONCENTR11": null, "CONCENTR12": null, "CONCENTR13": null, "CONCENTR14": null, "CONCENTR15": null, "CONCENTR16": null, "CONCENTR17": null, "CONCENTR18": null, "CONCENTR19": null, "CONCENTR20": null, "CONCENTR21": null, "CONCENTR22": null, "CONCENTR23": null, "layer": "Ruta 45", "path": "D:/Atlas de Riesgos 2024/SHAPE/Secciones Electorares Distrito 15/Rutas/Ruta 45.gpkg|layername=Ruta 45" }, "geometry": { "type": "MultiPolygon", "coordinates": [ [ [ [ 492242.487712878035381, 2144204.801383587997407 ], [ 492397.872523993020877, 2144178.376352418679744 ], [ 492375.839422484335955, 2144081.014135682489723 ], [ 492336.153941563505214, 2143906.695324156899005 ], [ 492286.375674770330079, 2143916.916046676691622 ], [ 492236.615058341412805, 2143927.173958235885948 ], [ 492183.072602461033966, 2143938.189516445621848 ], [ 492242.487712878035381, 2144204.801383587997407 ] ] ] ] } },
{ "type": "Feature", "properties": { "fid": 5, "ID": 1878, "ENTIDAD": 9, "DISTRITO_F": 13, "DISTRITO_L": 15, "MUNICIPIO": 6, "SECCION": 1883, "TIPO": 2, "CONTROL": 40094, "GEOMETRY1_": null, "CONCENTRAD": null, "CONCENTR_1": null, "CONCENTR_2": null, "CONCENTR_3": null, "CONCENTR_4": null, "CONCENTR_5": null, "CONCENTR_6": null, "CONCENTR_7": null, "CONCENTR_8": null, "CONCENTR_9": null, "CONCENTR10": null, "CONCENTR11": null, "CONCENTR12": null, "CONCENTR13": null, "CONCENTR14": null, "CONCENTR15": null, "CONCENTR16": null, "CONCENTR17": null, "CONCENTR18": null, "CONCENTR19": null, "CONCENTR20": null, "CONCENTR21": null, "CONCENTR22": null, "CONCENTR23": null, "layer": "Ruta 45", "path": "D:/Atlas de Riesgos 2024/SHAPE/Secciones Electorares Distrito 15/Rutas/Ruta 45.gpkg|layername=Ruta 45" }, "geometry": { "type": "MultiPolygon", "coordinates": [ [ [ [ 492397.872523993020877, 2144178.376352418679744 ], [ 492447.724860760557931, 2144169.899441189132631 ], [ 492503.172072268440388, 2144160.471175230108202 ], [ 492492.211620149551891, 2144109.977371271234006 ], [ 492481.745320777175948, 2144064.126281831879169 ], [ 492470.099308494478464, 2144013.107069444376975 ], [ 492457.908697507926263, 2143959.702062125317752 ], [ 492445.061279509682208, 2143903.419694256503135 ], [ 492432.502165314042941, 2143848.692168978508562 ], [ 492413.491773209010717, 2143765.303877901285887 ], [ 492358.730639829824213, 2143774.892688360065222 ], [ 492308.548653311270755, 2143783.660801150836051 ], [ 492260.914911619096529, 2143791.99301904020831 ], [ 492209.913527410419192, 2143800.950934369582683 ], [ 492155.953753888607025, 2143810.399424738716334 ], [ 492183.072602461033966, 2143938.189516445621848 ], [ 492236.615058341412805, 2143927.173958235885948 ], [ 492286.375674770330079, 2143916.916046676691622 ], [ 492336.153941563505214, 2143906.695324156899005 ], [ 492375.839422484335955, 2144081.014135682489723 ], [ 492397.872523993020877, 2144178.376352418679744 ] ] ] ] } },
{ "type": "Feature", "properties": { "fid": 1, "ID": 1891, "ENTIDAD": 9, "DISTRITO_F": 13, "DISTRITO_L": 11, "MUNICIPIO": 6, "SECCION": 1896, "TIPO": 2, "CONTROL": 40236, "GEOMETRY1_": null, "CONCENTRAD": 11, "CONCENTR_1": "Iztacalco", "CONCENTR_2": 205, "CONCENTR_3": 81, "CONCENTR_4": 25, "CONCENTR_5": 0, "CONCENTR_6": 0, "CONCENTR_7": 57, "CONCENTR_8": 0, "CONCENTR_9": 31, "CONCENTR10": 405, "CONCENTR11": 30, "CONCENTR12": 2, "CONCENTR13": 1, "CONCENTR14": 1, "CONCENTR15": 15, "CONCENTR16": 855, "CONCENTR17": 1284, "CONCENTR18": 344, "CONCENTR19": 405, "CONCENTR20": -61, "CONCENTR21": 40.23, "CONCENTR22": 47.37, "CONCENTR23": -7.13, "layer": "Ruta 46", "path": "D:/Atlas de Riesgos 2024/SHAPE/Secciones Electorares Distrito 15/Rutas/Ruta 46.gpkg|layername=Ruta 46" }, "geometry": { "type": "MultiPolygon", "coordinates": [ [ [ [ 492898.340041562332772, 2143334.026647272519767 ], [ 492898.340041562332772, 2143334.026647272519767 ], [ 492906.384776634047739, 2143372.533812381792814 ], [ 492919.073373547173105, 2143433.227988679893315 ], [ 492930.578261222748552, 2143488.339056108146906 ], [ 492940.678267484472599, 2143536.646627476904541 ], [ 492950.393946775351651, 2143583.355784145649523 ], [ 492961.053996179893147, 2143634.215103963389993 ], [ 492968.099173263297416, 2143667.937755472492427 ], [ 492984.210969825100619, 2143746.261070760898292 ], [ 493120.856879703002051, 2143722.321167772170156 ], [ 493104.872514448070433, 2143643.990962374024093 ], [ 493097.672879602643661, 2143608.659362474922091 ], [ 493087.382815218472388, 2143558.161740626208484 ], [ 493077.853178388846572, 2143511.395852786954492 ], [ 493068.100652432476636, 2143463.53615538822487 ], [ 493056.943875521305017, 2143408.785215030889958 ], [ 493043.52264444710454, 2143348.618214051704854 ], [ 493027.762974685057998, 2143278.047252953052521 ], [ 492988.335433226253372, 2143288.428785943891853 ], [ 492911.326760778261814, 2143327.446681221015751 ], [ 492898.340041562332772, 2143334.026647272519767 ] ] ] ] } },
{ "type": "Feature", "properties": { "fid": 2, "ID": 1892, "ENTIDAD": 9, "DISTRITO_F": 13, "DISTRITO_L": 11, "MUNICIPIO": 6, "SECCION": 1897, "TIPO": 2, "CONTROL": 40239, "GEOMETRY1_": null, "CONCENTRAD": 11, "CONCENTR_1": "Iztacalco", "CONCENTR_2": 123, "CONCENTR_3": 37, "CONCENTR_4": 18, "CONCENTR_5": 0, "CONCENTR_6": 0, "CONCENTR_7": 34, "CONCENTR_8": 0, "CONCENTR_9": 34, "CONCENTR10": 391, "CONCENTR11": 10, "CONCENTR12": 3, "CONCENTR13": 0, "CONCENTR14": 0, "CONCENTR15": 12, "CONCENTR16": 662, "CONCENTR17": 910, "CONCENTR18": 191, "CONCENTR19": 391, "CONCENTR20": -200, "CONCENTR21": 28.85, "CONCENTR22": 59.06, "CONCENTR23": -30.21, "layer": "Ruta 46", "path": "D:/Atlas de Riesgos 2024/SHAPE/Secciones Electorares Distrito 15/Rutas/Ruta 46.gpkg|layername=Ruta 46" }, "geometry": { "type": "MultiPolygon", "coordinates": [ [ [ [ 492755.479870306386147, 2143414.218322969507426 ], [ 492755.47987030504737, 2143414.21832297090441 ], [ 492766.238088094978593, 2143460.348524998873472 ], [ 492779.135765164974146, 2143515.652522427029908 ], [ 492790.483343469386455, 2143564.309845616109669 ], [ 492795.054260067816358, 2143583.909495885949582 ], [ 492801.096780055144336, 2143610.784583904780447 ], [ 492812.608086388907395, 2143661.983192873653024 ], [ 492819.793539521167986, 2143693.94179032323882 ], [ 492968.099173263297416, 2143667.937755472492427 ], [ 492961.053996179893147, 2143634.215103963389993 ], [ 492950.393946775351651, 2143583.355784145649523 ], [ 492940.678267484472599, 2143536.646627476904541 ], [ 492930.578261222748552, 2143488.339056108146906 ], [ 492919.073373547173105, 2143433.227988679893315 ], [ 492906.384776634047739, 2143372.533812381792814 ], [ 492898.340041562332772, 2143334.026647272519767 ], [ 492755.479870306386147, 2143414.218322969507426 ] ] ] ] } },
{ "type": "Feature", "properties": { "fid": 3, "ID": 1893, "ENTIDAD": 9, "DISTRITO_F": 13, "DISTRITO_L": 11, "MUNICIPIO": 6, "SECCION": 1898, "TIPO": 2, "CONTROL": 40243, "GEOMETRY1_": null, "CONCENTRAD": 11, "CONCENTR_1": "Iztacalco", "CONCENTR_2": 182, "CONCENTR_3": 77, "CONCENTR_4": 38, "CONCENTR_5": 0, "CONCENTR_6": 0, "CONCENTR_7": 56, "CONCENTR_8": 0, "CONCENTR_9": 27, "CONCENTR10": 470, "CONCENTR11": 20, "CONCENTR12": 3, "CONCENTR13": 0, "CONCENTR14": 0, "CONCENTR15": 12, "CONCENTR16": 885, "CONCENTR17": 1220, "CONCENTR18": 320, "CONCENTR19": 470, "CONCENTR20": -150, "CONCENTR21": 36.16, "CONCENTR22": 53.11, "CONCENTR23": -16.95, "layer": "Ruta 46", "path": "D:/Atlas de Riesgos 2024/SHAPE/Secciones Electorares Distrito 15/Rutas/Ruta 46.gpkg|layername=Ruta 46" }, "geometry": { "type": "MultiPolygon", "coordinates": [ [ [ [ 492723.338044565229211, 2143432.24460438452661 ], [ 492705.374309894512407, 2143442.319307019468397 ], [ 492652.525751558656339, 2143471.958662068005651 ], [ 492624.033909369260073, 2143487.937902623787522 ], [ 492601.69579287833767, 2143500.465914487838745 ], [ 492551.599309611774515, 2143528.561807767022401 ], [ 492527.495606797863729, 2143542.080023371614516 ], [ 492503.391903984243982, 2143555.59823897620663 ], [ 492521.239506897050887, 2143632.852032964117825 ], [ 492572.468619295279495, 2143624.56155341444537 ], [ 492628.684502915246412, 2143615.453615144826472 ], [ 492653.952823838859331, 2143723.111451282165945 ], [ 492709.205661625077482, 2143713.416528581641614 ], [ 492764.843014665879309, 2143703.654137022327632 ], [ 492819.793539521167986, 2143693.94179032323882 ], [ 492812.608086388907395, 2143661.983192873653024 ], [ 492801.096780055144336, 2143610.784583904780447 ], [ 492795.054260067816358, 2143583.909495885949582 ], [ 492790.483343469386455, 2143564.309845616109669 ], [ 492779.135765164974146, 2143515.652522427029908 ], [ 492766.238088094978593, 2143460.348524998873472 ], [ 492755.47987030504737, 2143414.21832297090441 ], [ 492723.338044565229211, 2143432.24460438452661 ] ] ] ] } },
{ "type": "Feature", "properties": { "fid": 4, "ID": 1894, "ENTIDAD": 9, "DISTRITO_F": 13, "DISTRITO_L": 11, "MUNICIPIO": 6, "SECCION": 1899, "TIPO": 2, "CONTROL": 40248, "GEOMETRY1_": null, "CONCENTRAD": 11, "CONCENTR_1": "Iztacalco", "CONCENTR_2": 119, "CONCENTR_3": 50, "CONCENTR_4": 14, "CONCENTR_5": 0, "CONCENTR_6": 0, "CONCENTR_7": 48, "CONCENTR_8": 0, "CONCENTR_9": 28, "CONCENTR10": 338, "CONCENTR11": 15, "CONCENTR12": 2, "CONCENTR13": 0, "CONCENTR14": 0, "CONCENTR15": 16, "CONCENTR16": 631, "CONCENTR17": 931, "CONCENTR18": 200, "CONCENTR19": 338, "CONCENTR20": -138, "CONCENTR21": 31.7, "CONCENTR22": 53.57, "CONCENTR23": -21.87, "layer": "Ruta 46", "path": "D:/Atlas de Riesgos 2024/SHAPE/Secciones Electorares Distrito 15/Rutas/Ruta 46.gpkg|layername=Ruta 46" }, "geometry": { "type": "MultiPolygon", "coordinates": [ [ [ [ 492563.356544061156455, 2143822.521988668944687 ], [ 492838.590378502616659, 2143773.725036509800702 ], [ 492819.793539521167986, 2143693.94179032323882 ], [ 492764.843014665879309, 2143703.654137022327632 ], [ 492709.205661625077482, 2143713.416528581641614 ], [ 492653.952823838859331, 2143723.111451282165945 ], [ 492628.684502915246412, 2143615.453615144826472 ], [ 492572.468619295279495, 2143624.56155341444537 ], [ 492521.239506897050887, 2143632.852032964117825 ], [ 492545.508600523986388, 2143742.139584611169994 ], [ 492563.356544061156455, 2143822.521988668944687 ] ] ] ] } },
{ "type": "Feature", "properties": { "fid": 5, "ID": 1895, "ENTIDAD": 9, "DISTRITO_F": 13, "DISTRITO_L": 15, "MUNICIPIO": 6, "SECCION": 1900, "TIPO": 2, "CONTROL": 40251, "GEOMETRY1_": null, "CONCENTRAD": 15, "CONCENTR_1": "Iztacalco", "CONCENTR_2": 185, "CONCENTR_3": 58, "CONCENTR_4": 26, "CONCENTR_5": 0, "CONCENTR_6": 0, "CONCENTR_7": 47, "CONCENTR_8": 0, "CONCENTR_9": 29, "CONCENTR10": 407, "CONCENTR11": 15, "CONCENTR12": 2, "CONCENTR13": 0, "CONCENTR14": 0, "CONCENTR15": 16, "CONCENTR16": 786, "CONCENTR17": 1076, "CONCENTR18": 286, "CONCENTR19": 407, "CONCENTR20": -121, "CONCENTR21": 36.39, "CONCENTR22": 51.78, "CONCENTR23": -15.39, "layer": "Ruta 46", "path": "D:/Atlas de Riesgos 2024/SHAPE/Secciones Electorares Distrito 15/Rutas/Ruta 46.gpkg|layername=Ruta 46" }, "geometry": { "type": "MultiPolygon", "coordinates": [ [ [ [ 492465.101648430048954, 2143576.063246636651456 ], [ 492430.652676574653015, 2143594.475201915949583 ], [ 492426.811392880277708, 2143596.528254295699298 ], [ 492420.215611694962718, 2143600.053504010662436 ], [ 492380.640924581617583, 2143621.205002304632217 ], [ 492342.796149967529345, 2143641.43191359937191 ], [ 492330.181225096050184, 2143648.174217364285141 ], [ 492283.530099349678494, 2143673.107862553093582 ], [ 492277.026850920461584, 2143676.583656253293157 ], [ 492241.258984562882688, 2143695.700521602295339 ], [ 492193.094252707727719, 2143721.443144442513585 ], [ 492181.430104674771428, 2143727.677286147139966 ], [ 492142.782454550499097, 2143748.333310641348362 ], [ 492155.953753888607025, 2143810.399424738716334 ], [ 492209.913527410419192, 2143800.950934369582683 ], [ 492260.914911619096529, 2143791.99301904020831 ], [ 492308.548653311270755, 2143783.660801150836051 ], [ 492358.730639829824213, 2143774.892688360065222 ], [ 492413.491773209010717, 2143765.303877901285887 ], [ 492432.502165314042941, 2143848.692168978508562 ], [ 492563.356544061156455, 2143822.521988668944687 ], [ 492545.508600523986388, 2143742.139584611169994 ], [ 492521.239506897050887, 2143632.852032964117825 ], [ 492503.391903984243982, 2143555.59823897620663 ], [ 492491.581294963601977, 2143561.910659736488014 ], [ 492465.101648430048954, 2143576.063246636651456 ] ] ] ] } },
{ "type": "Feature", "properties": { "fid": 1, "ID": 1879, "ENTIDAD": 9, "DISTRITO_F": 13, "DISTRITO_L": 15, "MUNICIPIO": 6, "SECCION": 1884, "TIPO": 2, "CONTROL": 40104, "GEOMETRY1_": null, "CONCENTRAD": 15, "CONCENTR_1": "Iztacalco", "CONCENTR_2": 166, "CONCENTR_3": 55, "CONCENTR_4": 24, "CONCENTR_5": 0, "CONCENTR_6": 0, "CONCENTR_7": 51, "CONCENTR_8": 0, "CONCENTR_9": 26, "CONCENTR10": 426, "CONCENTR11": 24, "CONCENTR12": 2, "CONCENTR13": 0, "CONCENTR14": 1, "CONCENTR15": 7, "CONCENTR16": 782, "CONCENTR17": 1089, "CONCENTR18": 271, "CONCENTR19": 426, "CONCENTR20": -155, "CONCENTR21": 34.65, "CONCENTR22": 54.48, "CONCENTR23": -19.82, "layer": "Ruta 47", "path": "D:/Atlas de Riesgos 2024/SHAPE/Secciones Electorares Distrito 15/Rutas/Ruta 47.gpkg|layername=Ruta 47" }, "geometry": { "type": "MultiPolygon", "coordinates": [ [ [ [ 492503.172072268440388, 2144160.471175230108202 ], [ 492634.65513412700966, 2144136.883948370348662 ], [ 492622.578821526607499, 2144083.405240491963923 ], [ 492611.506817416811828, 2144034.374009433202446 ], [ 492608.24332354409853, 2144020.431876483839005 ], [ 492601.725460173795, 2143991.694024854805321 ], [ 492599.910252678382676, 2143983.690610144753009 ], [ 492588.825999787542969, 2143934.819132355973125 ], [ 492587.672780337161385, 2143929.73448305670172 ], [ 492575.025212948967237, 2143873.970209657680243 ], [ 492563.356544061156455, 2143822.521988668944687 ], [ 492432.502165314042941, 2143848.692168978508562 ], [ 492445.061279509682208, 2143903.419694256503135 ], [ 492457.908697507926263, 2143959.702062125317752 ], [ 492470.099308494478464, 2144013.107069444376975 ], [ 492481.745320777175948, 2144064.126281831879169 ], [ 492492.211620149551891, 2144109.977371271234006 ], [ 492503.172072268440388, 2144160.471175230108202 ] ] ] ] } },
{ "type": "Feature", "properties": { "fid": 2, "ID": 1882, "ENTIDAD": 9, "DISTRITO_F": 13, "DISTRITO_L": 11, "MUNICIPIO": 6, "SECCION": 1887, "TIPO": 2, "CONTROL": 40114, "GEOMETRY1_": null, "CONCENTRAD": 11, "CONCENTR_1": "Iztacalco", "CONCENTR_2": 155, "CONCENTR_3": 61, "CONCENTR_4": 13, "CONCENTR_5": 0, "CONCENTR_6": 0, "CONCENTR_7": 49, "CONCENTR_8": 0, "CONCENTR_9": 25, "CONCENTR10": 426, "CONCENTR11": 18, "CONCENTR12": 1, "CONCENTR13": 1, "CONCENTR14": 0, "CONCENTR15": 17, "CONCENTR16": 766, "CONCENTR17": 1041, "CONCENTR18": 249, "CONCENTR19": 426, "CONCENTR20": -177, "CONCENTR21": 32.51, "CONCENTR22": 55.61, "CONCENTR23": -23.11, "layer": "Ruta 47", "path": "D:/Atlas de Riesgos 2024/SHAPE/Secciones Electorares Distrito 15/Rutas/Ruta 47.gpkg|layername=Ruta 47" }, "geometry": { "type": "MultiPolygon", "coordinates": [ [ [ [ 492601.725460173795, 2143991.694024854805321 ], [ 492876.468369440117385, 2143943.04606697615236 ], [ 492864.385962499130983, 2143889.121547077316791 ], [ 492863.239192071952857, 2143884.027750397566706 ], [ 492849.312387504149228, 2143821.653517208993435 ], [ 492838.590378502616659, 2143773.725036509800702 ], [ 492563.356544061156455, 2143822.521988668944687 ], [ 492575.025212948967237, 2143873.970209657680243 ], [ 492587.672780337161385, 2143929.73448305670172 ], [ 492588.825999787542969, 2143934.819132355973125 ], [ 492599.910252678382676, 2143983.690610144753009 ], [ 492601.725460173795, 2143991.694024854805321 ] ] ] ] } },
{ "type": "Feature", "properties": { "fid": 3, "ID": 1884, "ENTIDAD": 9, "DISTRITO_F": 13, "DISTRITO_L": 11, "MUNICIPIO": 6, "SECCION": 1889, "TIPO": 2, "CONTROL": 40193, "GEOMETRY1_": null, "CONCENTRAD": 11, "CONCENTR_1": "Iztacalco", "CONCENTR_2": 197, "CONCENTR_3": 59, "CONCENTR_4": 21, "CONCENTR_5": 0, "CONCENTR_6": 0, "CONCENTR_7": 55, "CONCENTR_8": 0, "CONCENTR_9": 34, "CONCENTR10": 471, "CONCENTR11": 39, "CONCENTR12": 2, "CONCENTR13": 0, "CONCENTR14": 1, "CONCENTR15": 23, "CONCENTR16": 904, "CONCENTR17": 1318, "CONCENTR18": 318, "CONCENTR19": 471, "CONCENTR20": -153, "CONCENTR21": 35.18, "CONCENTR22": 52.1, "CONCENTR23": -16.92, "layer": "Ruta 47", "path": "D:/Atlas de Riesgos 2024/SHAPE/Secciones Electorares Distrito 15/Rutas/Ruta 47.gpkg|layername=Ruta 47" }, "geometry": { "type": "MultiPolygon", "coordinates": [ [ [ [ 493049.997748148278333, 2144065.502579292282462 ], [ 493185.667356521240436, 2144040.789248793851584 ], [ 493149.116661954263691, 2143857.047923058271408 ], [ 493206.898015377635602, 2143846.657700268086046 ], [ 493261.697009154246189, 2143836.803764338139445 ], [ 493234.900525267235935, 2143701.422390403226018 ], [ 493181.210843789333012, 2143711.261156031861901 ], [ 493120.856879703002051, 2143722.321167772170156 ], [ 492984.210969825100619, 2143746.261070760898292 ], [ 493007.288340203172993, 2143858.18336644815281 ], [ 493049.997748148278333, 2144065.502579292282462 ] ] ] ] } },
{ "type": "Feature", "properties": { "fid": 4, "ID": 1885, "ENTIDAD": 9, "DISTRITO_F": 13, "DISTRITO_L": 11, "MUNICIPIO": 6, "SECCION": 1890, "TIPO": 2, "CONTROL": 40191, "GEOMETRY1_": null, "CONCENTRAD": 11, "CONCENTR_1": "Iztacalco", "CONCENTR_2": 193, "CONCENTR_3": 60, "CONCENTR_4": 17, "CONCENTR_5": 0, "CONCENTR_6": 0, "CONCENTR_7": 54, "CONCENTR_8": 0, "CONCENTR_9": 28, "CONCENTR10": 506, "CONCENTR11": 17, "CONCENTR12": 6, "CONCENTR13": 1, "CONCENTR14": 1, "CONCENTR15": 14, "CONCENTR16": 899, "CONCENTR17": 1332, "CONCENTR18": 294, "CONCENTR19": 506, "CONCENTR20": -212, "CONCENTR21": 32.7, "CONCENTR22": 56.28, "CONCENTR23": -23.58, "layer": "Ruta 47", "path": "D:/Atlas de Riesgos 2024/SHAPE/Secciones Electorares Distrito 15/Rutas/Ruta 47.gpkg|layername=Ruta 47" }, "geometry": { "type": "MultiPolygon", "coordinates": [ [ [ [ 493185.667356521240436, 2144040.789248793851584 ], [ 493304.356207711971365, 2144019.962147453799844 ], [ 493326.341821037814952, 2144016.104189503472298 ], [ 493413.605052575701848, 2144000.391194374300539 ], [ 493470.787373885221314, 2143990.094698134809732 ], [ 493464.11831920070108, 2143957.056373074650764 ], [ 493458.550332278595306, 2143929.472709346562624 ], [ 493433.621024315303657, 2143805.973560079932213 ], [ 493376.88907842169283, 2143816.155665509868413 ], [ 493319.216085643391125, 2143826.460704108234495 ], [ 493261.697009154246189, 2143836.803764338139445 ], [ 493206.898015377635602, 2143846.657700268086046 ], [ 493149.116661954263691, 2143857.047923058271408 ], [ 493185.667356521240436, 2144040.789248793851584 ] ] ] ] } }
]
}
