{
"type": "FeatureCollection",
"name": "Distrito Local 15",
"crs": { "type": "name", "properties": { "name": "urn:ogc:def:crs:OGC:1.3:CRS84" } },
"xy_coordinate_resolution": 1e-15,
"features": [
{ "type": "Feature", "properties": { "fid": 1, "ID": 1952, "ENTIDAD": 9, "DISTRITO_F": 13, "DISTRITO_L": 15, "MUNICIPIO": 6, "SECCION": 1957, "TIPO": 2, "CONTROL": 40120, "GEOMETRY1_": "Ruta 01", "CONCENTRAD": null, "CONCENTR_1": null, "CONCENTR_2": null, "CONCENTR_3": null, "CONCENTR_4": null, "CONCENTR_5": null, "CONCENTR_6": null, "CONCENTR_7": null, "CONCENTR_8": null, "CONCENTR_9": null, "CONCENTR10": null, "CONCENTR11": null, "CONCENTR12": null, "CONCENTR13": null, "CONCENTR14": null, "CONCENTR15": null, "CONCENTR16": null, "CONCENTR17": null, "CONCENTR18": null, "CONCENTR19": null, "CONCENTR20": null, "CONCENTR21": null, "CONCENTR22": null, "CONCENTR23": null, "Ruta": null, "layer": "C-Ruta 1", "path": "D:/Atlas de Riesgos 2024/SHAPE/Secciones Electorares Distrito 15/Rutas/Contornos (disolve)/C-Ruta 1.gpkg|layername=C-Ruta 1" }, "geometry": { "type": "MultiPolygon", "coordinates": [ [ [ [ -99.128926665632562, 19.398771996395848 ], [ -99.1289280740762, 19.397959084570299 ], [ -99.129148674753637, 19.397951456920108 ], [ -99.129543286812051, 19.397856009995504 ], [ -99.129978539173209, 19.397658492087672 ], [ -99.130171511458244, 19.397551120343671 ], [ -99.130381909263022, 19.39742331782497 ], [ -99.130739978827862, 19.397193008509518 ], [ -99.131023279472728, 19.396917999566341 ], [ -99.130993968397291, 19.397681401651674 ], [ -99.130972342065562, 19.398803976628894 ], [ -99.131599475439018, 19.398819331398439 ], [ -99.131942149914352, 19.398819083026396 ], [ -99.132467852357451, 19.398845611378292 ], [ -99.132991499924543, 19.398870370476196 ], [ -99.13354241691367, 19.398884443677066 ], [ -99.134088346113018, 19.398899584527374 ], [ -99.13473068826984, 19.398931672543469 ], [ -99.135299926292205, 19.398960106755649 ], [ -99.135869164500377, 19.398988539184224 ], [ -99.136365786213091, 19.399013343084466 ], [ -99.137148908060269, 19.399052453535671 ], [ -99.137022109274341, 19.39992361444483 ], [ -99.136944929938039, 19.400453864381138 ], [ -99.136811763286161, 19.401368759375458 ], [ -99.136581388210246, 19.402890847898476 ], [ -99.136548184470485, 19.403110222738029 ], [ -99.136500978877805, 19.403424360707046 ], [ -99.136380845808759, 19.403417457195175 ], [ -99.136271518331426, 19.403411174562994 ], [ -99.134281346938536, 19.4032967954371 ], [ -99.133866218672765, 19.403272264628299 ], [ -99.133731649439554, 19.403264358026796 ], [ -99.133258370752557, 19.403237287135706 ], [ -99.132522504952306, 19.40318874230416 ], [ -99.13201117290447, 19.403154550654715 ], [ -99.131619453448323, 19.403128356252868 ], [ -99.131103072270804, 19.403104313265885 ], [ -99.130559531145693, 19.403131774275394 ], [ -99.130067586579131, 19.403209908921252 ], [ -99.128994623534751, 19.403501483980062 ], [ -99.128778527750583, 19.403560206584398 ], [ -99.128784635408806, 19.403328551811327 ], [ -99.128847979822979, 19.400925954092443 ], [ -99.128926665632562, 19.398771996395848 ] ] ] ] } },
{ "type": "Feature", "properties": { "fid": 1, "ID": 1801, "ENTIDAD": 9, "DISTRITO_F": 13, "DISTRITO_L": 15, "MUNICIPIO": 6, "SECCION": 1806, "TIPO": 2, "CONTROL": 40281, "GEOMETRY1_": "Ruta 10", "CONCENTRAD": null, "CONCENTR_1": null, "CONCENTR_2": null, "CONCENTR_3": null, "CONCENTR_4": null, "CONCENTR_5": null, "CONCENTR_6": null, "CONCENTR_7": null, "CONCENTR_8": null, "CONCENTR_9": null, "CONCENTR10": null, "CONCENTR11": null, "CONCENTR12": null, "CONCENTR13": null, "CONCENTR14": null, "CONCENTR15": null, "CONCENTR16": null, "CONCENTR17": null, "CONCENTR18": null, "CONCENTR19": null, "CONCENTR20": null, "CONCENTR21": null, "CONCENTR22": null, "CONCENTR23": null, "Ruta": null, "layer": "C-Ruta 10", "path": "D:/Atlas de Riesgos 2024/SHAPE/Secciones Electorares Distrito 15/Rutas/Contornos (disolve)/C-Ruta 10.gpkg" }, "geometry": { "type": "MultiPolygon", "coordinates": [ [ [ [ -99.110816961869162, 19.382037226460845 ], [ -99.110775735257448, 19.381867102064962 ], [ -99.110614042773719, 19.38142864241474 ], [ -99.110604514749923, 19.381401687256428 ], [ -99.110868788564829, 19.381442001957314 ], [ -99.111102487530886, 19.381476138654445 ], [ -99.111338773173216, 19.381514357490072 ], [ -99.11155419040648, 19.381546557425526 ], [ -99.111677354346156, 19.381564350242019 ], [ -99.112002461396457, 19.381608709530408 ], [ -99.112077709894663, 19.38161942896539 ], [ -99.112354414938082, 19.381658846372201 ], [ -99.112697662493034, 19.381714955180257 ], [ -99.112787909450489, 19.38172867364111 ], [ -99.113053279149938, 19.38176744510158 ], [ -99.113390314732257, 19.381807969789637 ], [ -99.113730515152611, 19.381844221463453 ], [ -99.114092912546255, 19.381881844227831 ], [ -99.114425971791235, 19.381923612461044 ], [ -99.11475211027161, 19.381966752038995 ], [ -99.115042644340704, 19.382004902939332 ], [ -99.115365039498172, 19.382051825532638 ], [ -99.115697840471114, 19.382074598552272 ], [ -99.116041998833055, 19.382110000264515 ], [ -99.116368298657434, 19.382153655631551 ], [ -99.116690766056252, 19.382173549229794 ], [ -99.117016358965131, 19.382199820546862 ], [ -99.117353142616835, 19.382229453108664 ], [ -99.117271326595286, 19.382736254442072 ], [ -99.117136078274612, 19.383501479325233 ], [ -99.116808516846277, 19.383453330737964 ], [ -99.116683228773866, 19.384058807405104 ], [ -99.116699765416513, 19.38413180856233 ], [ -99.116512000942237, 19.385278493725124 ], [ -99.116812108756335, 19.38533088125747 ], [ -99.117101802881578, 19.385381450449415 ], [ -99.117173378257959, 19.385393944616865 ], [ -99.11710213115235, 19.385864469706348 ], [ -99.116878876223595, 19.385828540830119 ], [ -99.116569209531065, 19.385778705050036 ], [ -99.116223000815395, 19.385722987769235 ], [ -99.115890228314456, 19.385669432194899 ], [ -99.115578433721268, 19.385619252167576 ], [ -99.115406774982134, 19.385591625275623 ], [ -99.115071562609018, 19.385537675439103 ], [ -99.114742384588851, 19.385484696148474 ], [ -99.114420811270108, 19.385432940181168 ], [ -99.114087848827936, 19.385379350544607 ], [ -99.113754480281443, 19.385325694899837 ], [ -99.113487514480184, 19.385283414624503 ], [ -99.113387444315762, 19.385268647909545 ], [ -99.113011714903564, 19.38520830322528 ], [ -99.112673747838059, 19.38515402272726 ], [ -99.112352056615649, 19.385102355656016 ], [ -99.112023749408195, 19.385049625365383 ], [ -99.111481559545041, 19.384962541441137 ], [ -99.111368077346384, 19.384456757982051 ], [ -99.111311899268514, 19.384206374398698 ], [ -99.111139380982124, 19.383437461877953 ], [ -99.111028745213318, 19.382944355238994 ], [ -99.1109283103618, 19.382496711681817 ], [ -99.110816961869162, 19.382037226460845 ] ] ] ] } },
{ "type": "Feature", "properties": { "fid": 1, "ID": 1764, "ENTIDAD": 9, "DISTRITO_F": 13, "DISTRITO_L": 15, "MUNICIPIO": 6, "SECCION": 1769, "TIPO": 2, "CONTROL": 40230, "GEOMETRY1_": "Ruta 11", "CONCENTRAD": null, "CONCENTR_1": null, "CONCENTR_2": null, "CONCENTR_3": null, "CONCENTR_4": null, "CONCENTR_5": null, "CONCENTR_6": null, "CONCENTR_7": null, "CONCENTR_8": null, "CONCENTR_9": null, "CONCENTR10": null, "CONCENTR11": null, "CONCENTR12": null, "CONCENTR13": null, "CONCENTR14": null, "CONCENTR15": null, "CONCENTR16": null, "CONCENTR17": null, "CONCENTR18": null, "CONCENTR19": null, "CONCENTR20": null, "CONCENTR21": null, "CONCENTR22": null, "CONCENTR23": null, "Ruta": null, "layer": "C-Ruta 11", "path": "D:/Atlas de Riesgos 2024/SHAPE/Secciones Electorares Distrito 15/Rutas/Contornos (disolve)/C-Ruta 11.gpkg" }, "geometry": { "type": "MultiPolygon", "coordinates": [ [ [ [ -99.112123925260647, 19.387820624978442 ], [ -99.112009418489222, 19.387311156604884 ], [ -99.111962632675827, 19.387102994231082 ], [ -99.111830604128954, 19.386515561563307 ], [ -99.111665070318395, 19.385779048200863 ], [ -99.111481559545041, 19.384962541441137 ], [ -99.112023749408195, 19.385049625365383 ], [ -99.112352056615649, 19.385102355656016 ], [ -99.112673747838059, 19.38515402272726 ], [ -99.113011714903564, 19.38520830322528 ], [ -99.113387444315762, 19.385268647909545 ], [ -99.113487514480184, 19.385283414624503 ], [ -99.113754480281443, 19.385325694899837 ], [ -99.114087848827936, 19.385379350544607 ], [ -99.114420811270108, 19.385432940181168 ], [ -99.114742384588851, 19.385484696148474 ], [ -99.115071562609018, 19.385537675439103 ], [ -99.115406774982134, 19.385591625275623 ], [ -99.115578433721268, 19.385619252167576 ], [ -99.115890228314456, 19.385669432194899 ], [ -99.116223000815395, 19.385722987769235 ], [ -99.11610283350295, 19.386400745355871 ], [ -99.11598924272279, 19.386462724650539 ], [ -99.115832578185461, 19.388553049123782 ], [ -99.115564598663155, 19.388662636207531 ], [ -99.115484187149789, 19.389134697843463 ], [ -99.115446317682625, 19.389375739064818 ], [ -99.115293785773446, 19.390252452065205 ], [ -99.115634402817022, 19.390304184909184 ], [ -99.115958908923275, 19.390353469763983 ], [ -99.116271540290015, 19.390400449327021 ], [ -99.116593071066276, 19.390472279158217 ], [ -99.11656851993763, 19.390606748024833 ], [ -99.116544902429553, 19.390778878814579 ], [ -99.115694012596194, 19.390690693150209 ], [ -99.114958559790438, 19.390560195236645 ], [ -99.114483632120255, 19.390444668341871 ], [ -99.114090735877355, 19.390390442234892 ], [ -99.113760959469886, 19.390333074055768 ], [ -99.113430628906372, 19.390274981825886 ], [ -99.112640504153646, 19.390152598893632 ], [ -99.112600611175495, 19.390060178515498 ], [ -99.112475205457002, 19.389769649347606 ], [ -99.112433052512159, 19.38958867247376 ], [ -99.112151997997287, 19.388386761909189 ], [ -99.112226406666252, 19.388276586777813 ], [ -99.112123925260647, 19.387820624978442 ] ] ] ] } },
{ "type": "Feature", "properties": { "fid": 1, "ID": 1730, "ENTIDAD": 9, "DISTRITO_F": 13, "DISTRITO_L": 15, "MUNICIPIO": 6, "SECCION": 1735, "TIPO": 2, "CONTROL": 40434, "GEOMETRY1_": "Ruta 12", "CONCENTRAD": null, "CONCENTR_1": null, "CONCENTR_2": null, "CONCENTR_3": null, "CONCENTR_4": null, "CONCENTR_5": null, "CONCENTR_6": null, "CONCENTR_7": null, "CONCENTR_8": null, "CONCENTR_9": null, "CONCENTR10": null, "CONCENTR11": null, "CONCENTR12": null, "CONCENTR13": null, "CONCENTR14": null, "CONCENTR15": null, "CONCENTR16": null, "CONCENTR17": null, "CONCENTR18": null, "CONCENTR19": null, "CONCENTR20": null, "CONCENTR21": null, "CONCENTR22": null, "CONCENTR23": null, "Ruta": null, "layer": "C-Ruta 12", "path": "D:/Atlas de Riesgos 2024/SHAPE/Secciones Electorares Distrito 15/Rutas/Contornos (disolve)/C-Ruta 12.gpkg" }, "geometry": { "type": "MultiPolygon", "coordinates": [ [ [ [ -99.11796996136799, 19.388732170987087 ], [ -99.117433247230196, 19.388581268010153 ], [ -99.117165989145477, 19.388565127822972 ], [ -99.116966548216439, 19.388553082975438 ], [ -99.116890875701287, 19.388549915845779 ], [ -99.116372799202182, 19.388551450472814 ], [ -99.115832578185461, 19.388553049123782 ], [ -99.11598924272279, 19.386462724650539 ], [ -99.11610283350295, 19.386400745355871 ], [ -99.116223000815395, 19.385722987769235 ], [ -99.116569209531065, 19.385778705050036 ], [ -99.116878876223595, 19.385828540830119 ], [ -99.11710213115235, 19.385864469706348 ], [ -99.117175357258446, 19.385875919587431 ], [ -99.117554807018038, 19.385935251133652 ], [ -99.117869536169167, 19.385984462198184 ], [ -99.118197781000177, 19.386036653899406 ], [ -99.118522438465575, 19.386088284070908 ], [ -99.118589135843351, 19.386098235772913 ], [ -99.118765273869755, 19.386124516639935 ], [ -99.119109009227387, 19.386178260672434 ], [ -99.119442776101266, 19.386230445447097 ], [ -99.119776508523216, 19.386282624188716 ], [ -99.120092297497791, 19.386328841270114 ], [ -99.120419657263312, 19.38637259285883 ], [ -99.121104151508561, 19.386279632218493 ], [ -99.121441270367797, 19.386240860559198 ], [ -99.121776939485187, 19.38620225499443 ], [ -99.122160250457711, 19.386158169323593 ], [ -99.122436028287325, 19.386126450827234 ], [ -99.122403704353104, 19.387122134895431 ], [ -99.12236383347495, 19.387611240294245 ], [ -99.12225106842844, 19.389041913400821 ], [ -99.122185834918284, 19.38947840478323 ], [ -99.12207513243591, 19.390219133477668 ], [ -99.122130972979804, 19.390678896525664 ], [ -99.122297483657277, 19.391284241787162 ], [ -99.122304035382484, 19.391306825466966 ], [ -99.122601997859348, 19.392168297630043 ], [ -99.122719870667751, 19.392544740964535 ], [ -99.122521081187699, 19.392605060742408 ], [ -99.122346109027688, 19.392639317253622 ], [ -99.122281710964728, 19.392651925230346 ], [ -99.121749453116806, 19.392463044915051 ], [ -99.121315223375476, 19.392281297658666 ], [ -99.120579458657645, 19.391996274500631 ], [ -99.120935271108166, 19.391187902958308 ], [ -99.120993641247424, 19.391147734329007 ], [ -99.121161018696995, 19.390647304270441 ], [ -99.120512137979603, 19.390595594247792 ], [ -99.120265226499981, 19.390571287001965 ], [ -99.120227269180063, 19.390598312692546 ], [ -99.119660142518484, 19.390554456432429 ], [ -99.119693505329906, 19.39034456673728 ], [ -99.119504606411198, 19.390324561197573 ], [ -99.11953087801416, 19.390131404998879 ], [ -99.119376525709512, 19.390103029815517 ], [ -99.119358085005018, 19.390074810403846 ], [ -99.119105113211049, 19.390053544144958 ], [ -99.119129817956633, 19.389914567997867 ], [ -99.119165563411357, 19.389713482099801 ], [ -99.119202922106922, 19.38950332039142 ], [ -99.119224478091482, 19.38938205674204 ], [ -99.119262351166782, 19.389160207449958 ], [ -99.118016995649143, 19.388745395094251 ], [ -99.11796996136799, 19.388732170987087 ] ] ] ] } },
{ "type": "Feature", "properties": { "fid": 1, "ID": 1725, "ENTIDAD": 9, "DISTRITO_F": 13, "DISTRITO_L": 15, "MUNICIPIO": 6, "SECCION": 1730, "TIPO": 2, "CONTROL": 40489, "GEOMETRY1_": "Ruta 13", "CONCENTRAD": null, "CONCENTR_1": null, "CONCENTR_2": null, "CONCENTR_3": null, "CONCENTR_4": null, "CONCENTR_5": null, "CONCENTR_6": null, "CONCENTR_7": null, "CONCENTR_8": null, "CONCENTR_9": null, "CONCENTR10": null, "CONCENTR11": null, "CONCENTR12": null, "CONCENTR13": null, "CONCENTR14": null, "CONCENTR15": null, "CONCENTR16": null, "CONCENTR17": null, "CONCENTR18": null, "CONCENTR19": null, "CONCENTR20": null, "CONCENTR21": null, "CONCENTR22": null, "CONCENTR23": null, "Ruta": null, "layer": "C-Ruta 13", "path": "D:/Atlas de Riesgos 2024/SHAPE/Secciones Electorares Distrito 15/Rutas/Contornos (disolve)/C-Ruta 13.gpkg" }, "geometry": { "type": "MultiPolygon", "coordinates": [ [ [ [ -99.117523083202599, 19.390977570888882 ], [ -99.117575918370761, 19.390681016802876 ], [ -99.117636976909466, 19.390300620464849 ], [ -99.117670627209947, 19.390155078868887 ], [ -99.117745020357233, 19.389833318624788 ], [ -99.117804240795095, 19.389577181442757 ], [ -99.117860323757299, 19.389334613555153 ], [ -99.118016995649143, 19.388745395094251 ], [ -99.119262351166782, 19.389160207449958 ], [ -99.119224478091482, 19.38938205674204 ], [ -99.119202922106922, 19.38950332039142 ], [ -99.119165563411357, 19.389713482099801 ], [ -99.119129817956633, 19.389914567997867 ], [ -99.119105113211049, 19.390053544144958 ], [ -99.119358085005018, 19.390074810403846 ], [ -99.119376525709512, 19.390103029815517 ], [ -99.11953087801416, 19.390131404998879 ], [ -99.119504606411198, 19.390324561197573 ], [ -99.119693505329906, 19.39034456673728 ], [ -99.119660142518484, 19.390554456432429 ], [ -99.120227269180063, 19.390598312692546 ], [ -99.120265226499981, 19.390571287001965 ], [ -99.120512137979603, 19.390595594247792 ], [ -99.121161018696995, 19.390647304270441 ], [ -99.120993641247424, 19.391147734329007 ], [ -99.120935271108152, 19.391187902958308 ], [ -99.120579458657645, 19.391996274500631 ], [ -99.121315223375476, 19.392281297658666 ], [ -99.121749453116806, 19.392463044915051 ], [ -99.122281710964728, 19.392651925230346 ], [ -99.122346109027688, 19.392639317253622 ], [ -99.122521081187699, 19.392605060742408 ], [ -99.122719870667751, 19.392544740964535 ], [ -99.123140187659843, 19.394122295475761 ], [ -99.123458766866619, 19.395603641459854 ], [ -99.123269710730895, 19.395615665322051 ], [ -99.120876229121407, 19.395445930616873 ], [ -99.12057672636648, 19.395403941720978 ], [ -99.120463628497248, 19.395388085790628 ], [ -99.120039179759644, 19.395328578889075 ], [ -99.11881804546114, 19.395283824527677 ], [ -99.11758747038796, 19.395634863851512 ], [ -99.117602103034343, 19.396233781278191 ], [ -99.117458206790033, 19.396862513320063 ], [ -99.117417081028236, 19.396921620177036 ], [ -99.115260666360285, 19.39700198025194 ], [ -99.11504475231726, 19.396977846241317 ], [ -99.115088170026723, 19.396715252597623 ], [ -99.115272660023251, 19.396742187996658 ], [ -99.115378761710204, 19.396412039205696 ], [ -99.11568833017563, 19.396446701954225 ], [ -99.11573062049851, 19.396308288023729 ], [ -99.115762562486239, 19.396203743470782 ], [ -99.116561980559538, 19.396194103824044 ], [ -99.116853686361011, 19.396190585463799 ], [ -99.116869740320396, 19.395902524619757 ], [ -99.116878925920957, 19.395737704291374 ], [ -99.116238432285911, 19.395667790400612 ], [ -99.11641298299206, 19.394998424248637 ], [ -99.116849181859592, 19.395058590277443 ], [ -99.116994874198326, 19.394238887320469 ], [ -99.117090314117362, 19.393576688296182 ], [ -99.11716904494412, 19.393100840791764 ], [ -99.117195774369762, 19.392899983902467 ], [ -99.117256886136786, 19.392549225012662 ], [ -99.117288558861446, 19.392367434719066 ], [ -99.117324896616267, 19.392158868293883 ], [ -99.117488753527766, 19.391224053050259 ], [ -99.117523083202599, 19.390977570888882 ] ] ] ] } },
{ "type": "Feature", "properties": { "fid": 1, "ID": 1724, "ENTIDAD": 9, "DISTRITO_F": 13, "DISTRITO_L": 15, "MUNICIPIO": 6, "SECCION": 1729, "TIPO": 2, "CONTROL": 40161, "GEOMETRY1_": "Ruta 14", "CONCENTRAD": null, "CONCENTR_1": null, "CONCENTR_2": null, "CONCENTR_3": null, "CONCENTR_4": null, "CONCENTR_5": null, "CONCENTR_6": null, "CONCENTR_7": null, "CONCENTR_8": null, "CONCENTR_9": null, "CONCENTR10": null, "CONCENTR11": null, "CONCENTR12": null, "CONCENTR13": null, "CONCENTR14": null, "CONCENTR15": null, "CONCENTR16": null, "CONCENTR17": null, "CONCENTR18": null, "CONCENTR19": null, "CONCENTR20": null, "CONCENTR21": null, "CONCENTR22": null, "CONCENTR23": null, "Ruta": null, "layer": "C-Ruta 14", "path": "D:/Atlas de Riesgos 2024/SHAPE/Secciones Electorares Distrito 15/Rutas/Contornos (disolve)/C-Ruta 14.gpkg" }, "geometry": { "type": "MultiPolygon", "coordinates": [ [ [ [ -99.116593071066276, 19.390472279158217 ], [ -99.116271540290015, 19.390400449327021 ], [ -99.115958908923275, 19.390353469763983 ], [ -99.115634402817022, 19.390304184909184 ], [ -99.115293785773446, 19.390252452065205 ], [ -99.115446317682625, 19.389375739064818 ], [ -99.115484187149789, 19.389134697843463 ], [ -99.115564598663155, 19.388662636207531 ], [ -99.115832578185461, 19.388553049123782 ], [ -99.116372799202182, 19.388551450472814 ], [ -99.116890875701287, 19.388549915845779 ], [ -99.116966548216439, 19.388553082975438 ], [ -99.117165989145477, 19.388565127822972 ], [ -99.117433247230196, 19.388581268010153 ], [ -99.11796996136799, 19.388732170987087 ], [ -99.118016995649143, 19.388745395094251 ], [ -99.117860323757299, 19.389334613555153 ], [ -99.117804240795095, 19.389577181442757 ], [ -99.117745020357233, 19.389833318624788 ], [ -99.117670627209947, 19.390155078868887 ], [ -99.117636976909466, 19.390300620464849 ], [ -99.117575918370761, 19.390681016802876 ], [ -99.117523083202599, 19.390977570888882 ], [ -99.117488753527766, 19.391224053050259 ], [ -99.117324896616267, 19.392158868293883 ], [ -99.117288558861446, 19.392367434719066 ], [ -99.117256886136786, 19.392549225012662 ], [ -99.117195774369762, 19.392899983902467 ], [ -99.11716904494412, 19.393100840791764 ], [ -99.117090314117362, 19.393576688296182 ], [ -99.116994874198326, 19.394238887320469 ], [ -99.116849181859592, 19.395058590277443 ], [ -99.11641298299206, 19.394998424248637 ], [ -99.114847008121529, 19.394792470263265 ], [ -99.113617441691062, 19.394630750239713 ], [ -99.113492464170662, 19.394608473465766 ], [ -99.11356372189239, 19.394234719336559 ], [ -99.113612746802019, 19.393977577608069 ], [ -99.113686721897849, 19.393585810748544 ], [ -99.113776761660731, 19.393066770844293 ], [ -99.113776706028247, 19.392949230664975 ], [ -99.113776664108045, 19.392860660980187 ], [ -99.113774177994344, 19.392730163488828 ], [ -99.113756713146827, 19.392534781453875 ], [ -99.113622481231218, 19.392153711608216 ], [ -99.113608534172187, 19.392114117311586 ], [ -99.113532934119391, 19.391960930891738 ], [ -99.113394486192661, 19.391680396624064 ], [ -99.113324433417986, 19.391538449674201 ], [ -99.1131555620955, 19.391196266955223 ], [ -99.1129435200545, 19.390766605447247 ], [ -99.11289515418251, 19.390667831436581 ], [ -99.112640504153646, 19.390152598893632 ], [ -99.113430628906372, 19.390274981825886 ], [ -99.113760959469886, 19.390333074055768 ], [ -99.114090735877355, 19.390390442234892 ], [ -99.114483632120255, 19.390444668341871 ], [ -99.114958559790438, 19.390560195236645 ], [ -99.115694012596194, 19.390690693150209 ], [ -99.116544902429553, 19.390778878814579 ], [ -99.11656851993763, 19.390606748024833 ], [ -99.116593071066276, 19.390472279158217 ] ] ] ] } },
{ "type": "Feature", "properties": { "fid": 1, "ID": 1687, "ENTIDAD": 9, "DISTRITO_F": 13, "DISTRITO_L": 15, "MUNICIPIO": 6, "SECCION": 1692, "TIPO": 2, "CONTROL": 40113, "GEOMETRY1_": "Ruta 15", "CONCENTRAD": null, "CONCENTR_1": null, "CONCENTR_2": null, "CONCENTR_3": null, "CONCENTR_4": null, "CONCENTR_5": null, "CONCENTR_6": null, "CONCENTR_7": null, "CONCENTR_8": null, "CONCENTR_9": null, "CONCENTR10": null, "CONCENTR11": null, "CONCENTR12": null, "CONCENTR13": null, "CONCENTR14": null, "CONCENTR15": null, "CONCENTR16": null, "CONCENTR17": null, "CONCENTR18": null, "CONCENTR19": null, "CONCENTR20": null, "CONCENTR21": null, "CONCENTR22": null, "CONCENTR23": null, "Ruta": null, "layer": "C-Ruta 15", "path": "D:/Atlas de Riesgos 2024/SHAPE/Secciones Electorares Distrito 15/Rutas/Contornos (disolve)/C-Ruta 15.gpkg" }, "geometry": { "type": "MultiPolygon", "coordinates": [ [ [ [ -99.113307538413849, 19.396886375185449 ], [ -99.113280395755623, 19.396376808140076 ], [ -99.113258504295572, 19.395959951051676 ], [ -99.113261074647525, 19.395715904269732 ], [ -99.113263565049564, 19.39547186615064 ], [ -99.113317797998505, 19.394988558602485 ], [ -99.113408513745625, 19.394600337669821 ], [ -99.113492464170662, 19.394608473465766 ], [ -99.113617441691062, 19.394630750239713 ], [ -99.114847008121529, 19.394792470263265 ], [ -99.11641298299206, 19.394998424248637 ], [ -99.116238432285911, 19.395667790400612 ], [ -99.116878925920957, 19.395737704291374 ], [ -99.116869740320396, 19.395902524619757 ], [ -99.116853686361011, 19.396190585463799 ], [ -99.116561980559538, 19.396194103824044 ], [ -99.115762562486239, 19.396203743470782 ], [ -99.11573062049851, 19.396308288023729 ], [ -99.11568833017563, 19.396446701954225 ], [ -99.115378761710204, 19.396412039205696 ], [ -99.115272660023251, 19.396742187996658 ], [ -99.115088170026723, 19.396715252597623 ], [ -99.11504475231726, 19.396977846241317 ], [ -99.115260666360285, 19.39700198025194 ], [ -99.117417081028236, 19.396921620177036 ], [ -99.117263612104054, 19.397510445902327 ], [ -99.117227013355404, 19.397783187157611 ], [ -99.117186350857494, 19.398086211231245 ], [ -99.117180791535404, 19.398127640188733 ], [ -99.11717231810259, 19.398190785525575 ], [ -99.116774937906484, 19.398200046390595 ], [ -99.115366080824131, 19.398232872513656 ], [ -99.115151945477677, 19.398237860872783 ], [ -99.114618127065413, 19.398250295263558 ], [ -99.114229663974086, 19.398259342863355 ], [ -99.114192808781496, 19.398522143395613 ], [ -99.114619038046669, 19.398722190137477 ], [ -99.115044822931267, 19.399035865933588 ], [ -99.115503268856202, 19.399543712771948 ], [ -99.116026322000678, 19.400170898885751 ], [ -99.116504132332267, 19.400681791816595 ], [ -99.116986022195206, 19.401245062535427 ], [ -99.116988951788997, 19.401578701028349 ], [ -99.117014532343291, 19.401945019177685 ], [ -99.117073808798906, 19.402824115769388 ], [ -99.116342803769555, 19.402868942190807 ], [ -99.115833025990995, 19.402900200842208 ], [ -99.115343022009398, 19.402930245641667 ], [ -99.114703361918387, 19.402969464664459 ], [ -99.113848112367833, 19.403021898424761 ], [ -99.113611941559284, 19.403036253186031 ], [ -99.113557021445345, 19.401897860965434 ], [ -99.113543134760533, 19.401610013034595 ], [ -99.113508407052265, 19.400890160537365 ], [ -99.113467973099361, 19.399918650350713 ], [ -99.113412431609049, 19.398584129759961 ], [ -99.113401351420023, 19.398386504680762 ], [ -99.113393452735934, 19.398276904510197 ], [ -99.113639354631971, 19.398276203955881 ], [ -99.11339345273592, 19.398276904510197 ], [ -99.113388715677218, 19.398160061416164 ], [ -99.113307538413849, 19.396886375185449 ] ] ] ] } },
{ "type": "Feature", "properties": { "fid": 1, "ID": 1692, "ENTIDAD": 9, "DISTRITO_F": 13, "DISTRITO_L": 15, "MUNICIPIO": 6, "SECCION": 1697, "TIPO": 2, "CONTROL": 40486, "GEOMETRY1_": "Ruta 16", "CONCENTRAD": null, "CONCENTR_1": null, "CONCENTR_2": null, "CONCENTR_3": null, "CONCENTR_4": null, "CONCENTR_5": null, "CONCENTR_6": null, "CONCENTR_7": null, "CONCENTR_8": null, "CONCENTR_9": null, "CONCENTR10": null, "CONCENTR11": null, "CONCENTR12": null, "CONCENTR13": null, "CONCENTR14": null, "CONCENTR15": null, "CONCENTR16": null, "CONCENTR17": null, "CONCENTR18": null, "CONCENTR19": null, "CONCENTR20": null, "CONCENTR21": null, "CONCENTR22": null, "CONCENTR23": null, "Ruta": null, "layer": "C-Ruta 16", "path": "D:/Atlas de Riesgos 2024/SHAPE/Secciones Electorares Distrito 15/Rutas/Contornos (disolve)/C-Ruta 16.gpkg" }, "geometry": { "type": "MultiPolygon", "coordinates": [ [ [ [ -99.12057672636648, 19.395403941720978 ], [ -99.120876229121407, 19.395445930616873 ], [ -99.123269710730895, 19.395615665322051 ], [ -99.123458766866619, 19.395603641459854 ], [ -99.123582860111881, 19.396309651653389 ], [ -99.123651658440778, 19.396701066855151 ], [ -99.123682015039037, 19.396873774413628 ], [ -99.123781321098051, 19.397438752953537 ], [ -99.123846975341053, 19.397812275147128 ], [ -99.123887972112612, 19.398045514375404 ], [ -99.1230615636929, 19.398065775872389 ], [ -99.122882582575031, 19.398070163552635 ], [ -99.122738884768467, 19.398377381195193 ], [ -99.122078558888305, 19.39945416182217 ], [ -99.121914300746212, 19.399897495134649 ], [ -99.121837516816839, 19.400449979018411 ], [ -99.121809516546904, 19.4006514486105 ], [ -99.121128107149374, 19.400692045024439 ], [ -99.120544709011412, 19.400726800164183 ], [ -99.119841543530626, 19.400768687771063 ], [ -99.118687397702985, 19.400836783406923 ], [ -99.11873908923755, 19.4019037558995 ], [ -99.117812832963921, 19.401940541693126 ], [ -99.117543816541485, 19.401951465988294 ], [ -99.116986022195206, 19.401245062535427 ], [ -99.116504132332267, 19.400681791816595 ], [ -99.116026322000678, 19.400170898885751 ], [ -99.115503268856202, 19.399543712771948 ], [ -99.115044822931267, 19.399035865933588 ], [ -99.114619038046669, 19.398722190137477 ], [ -99.114192808781496, 19.398522143395613 ], [ -99.114229663974086, 19.398259342863355 ], [ -99.114618127065413, 19.398250295263558 ], [ -99.115151945477677, 19.398237860872783 ], [ -99.115366080824131, 19.398232872513656 ], [ -99.116774937906484, 19.398200046390595 ], [ -99.11717231810259, 19.398190785525575 ], [ -99.117180791535404, 19.398127640188733 ], [ -99.117186350857494, 19.398086211231245 ], [ -99.117227013355404, 19.397783187157611 ], [ -99.117263612104054, 19.397510445902327 ], [ -99.117417081028236, 19.396921620177036 ], [ -99.117458206790019, 19.396862513320063 ], [ -99.117602103034343, 19.396233781278191 ], [ -99.11758747038796, 19.395634863851512 ], [ -99.11881804546114, 19.395283824527677 ], [ -99.120039179759644, 19.395328578889075 ], [ -99.120463628497248, 19.395388085790628 ], [ -99.12057672636648, 19.395403941720978 ] ], [ [ -99.119637836635818, 19.39796856740281 ], [ -99.119637118604643, 19.398027834634863 ], [ -99.119636642079527, 19.398067167625605 ], [ -99.119637118604658, 19.398027834634863 ], [ -99.119637836635818, 19.39796856740281 ] ] ] ] } },
{ "type": "Feature", "properties": { "fid": 1, "ID": 1940, "ENTIDAD": 9, "DISTRITO_F": 13, "DISTRITO_L": 15, "MUNICIPIO": 6, "SECCION": 1945, "TIPO": 2, "CONTROL": 40110, "GEOMETRY1_": "Ruta 17", "CONCENTRAD": null, "CONCENTR_1": null, "CONCENTR_2": null, "CONCENTR_3": null, "CONCENTR_4": null, "CONCENTR_5": null, "CONCENTR_6": null, "CONCENTR_7": null, "CONCENTR_8": null, "CONCENTR_9": null, "CONCENTR10": null, "CONCENTR11": null, "CONCENTR12": null, "CONCENTR13": null, "CONCENTR14": null, "CONCENTR15": null, "CONCENTR16": null, "CONCENTR17": null, "CONCENTR18": null, "CONCENTR19": null, "CONCENTR20": null, "CONCENTR21": null, "CONCENTR22": null, "CONCENTR23": null, "Ruta": null, "layer": "C-Ruta 17", "path": "D:/Atlas de Riesgos 2024/SHAPE/Secciones Electorares Distrito 15/Rutas/Contornos (disolve)/C-Ruta 17.gpkg" }, "geometry": { "type": "MultiPolygon", "coordinates": [ [ [ [ -99.124006093841601, 19.401884025617054 ], [ -99.123688435908264, 19.401883470944743 ], [ -99.123664417436032, 19.401883428982856 ], [ -99.123451300214228, 19.401883056513043 ], [ -99.123200141132045, 19.401882647325813 ], [ -99.123097979815554, 19.401882549352923 ], [ -99.123098585412876, 19.402687693650357 ], [ -99.123204261959643, 19.404050723820607 ], [ -99.123238405385166, 19.40449110516683 ], [ -99.123241021023404, 19.404524841523166 ], [ -99.123248885002852, 19.404626270605153 ], [ -99.123251866683802, 19.40466472809241 ], [ -99.123253405528089, 19.40468457597806 ], [ -99.123261797089867, 19.404792809554543 ], [ -99.12229594916073, 19.404966847808957 ], [ -99.122263588409197, 19.4048805838333 ], [ -99.122154709029971, 19.404715575155517 ], [ -99.121940352500062, 19.404716667527104 ], [ -99.121625670179171, 19.404663802971918 ], [ -99.121486113878703, 19.404640358247928 ], [ -99.121112732428841, 19.404717220896082 ], [ -99.121017990144736, 19.404939624136443 ], [ -99.121023353332561, 19.405095234745424 ], [ -99.12102698472404, 19.405200597837549 ], [ -99.120427772355114, 19.405303271098628 ], [ -99.120350062162871, 19.405206301049123 ], [ -99.12033284378623, 19.405184815213538 ], [ -99.120260883445241, 19.405095019906074 ], [ -99.119597263748574, 19.404270415941106 ], [ -99.119156280440592, 19.403761018853309 ], [ -99.118786840229831, 19.403334260697886 ], [ -99.117543816541485, 19.401951465988294 ], [ -99.117812832963921, 19.401940541693126 ], [ -99.11873908923755, 19.4019037558995 ], [ -99.118687397702985, 19.400836783406923 ], [ -99.119841543530626, 19.400768687771063 ], [ -99.120544709011412, 19.400726800164183 ], [ -99.121128107149374, 19.400692045024439 ], [ -99.121809516546904, 19.4006514486105 ], [ -99.121837516816839, 19.400449979018411 ], [ -99.121914300746212, 19.399897495134649 ], [ -99.122078558888305, 19.39945416182217 ], [ -99.122738884768467, 19.398377381195193 ], [ -99.122882582575031, 19.398070163552635 ], [ -99.1230615636929, 19.398065775872389 ], [ -99.123887972112612, 19.398045514375404 ], [ -99.124110409652218, 19.398737451894014 ], [ -99.124278036274617, 19.399258884710054 ], [ -99.124449907363456, 19.399793517026779 ], [ -99.124615239607323, 19.400265625089499 ], [ -99.124696985105757, 19.400499049189541 ], [ -99.124797352682037, 19.400785647615987 ], [ -99.125012789281996, 19.401412112603786 ], [ -99.125052541672019, 19.401549461853172 ], [ -99.125145845823525, 19.401886011203768 ], [ -99.124429486409511, 19.401884764052717 ], [ -99.124006093841601, 19.401884025617054 ] ] ] ] } },
{ "type": "Feature", "properties": { "fid": 1, "ID": 1671, "ENTIDAD": 9, "DISTRITO_F": 13, "DISTRITO_L": 15, "MUNICIPIO": 6, "SECCION": 1676, "TIPO": 2, "CONTROL": 40822, "GEOMETRY1_": "Ruta 18", "CONCENTRAD": null, "CONCENTR_1": null, "CONCENTR_2": null, "CONCENTR_3": null, "CONCENTR_4": null, "CONCENTR_5": null, "CONCENTR_6": null, "CONCENTR_7": null, "CONCENTR_8": null, "CONCENTR_9": null, "CONCENTR10": null, "CONCENTR11": null, "CONCENTR12": null, "CONCENTR13": null, "CONCENTR14": null, "CONCENTR15": null, "CONCENTR16": null, "CONCENTR17": null, "CONCENTR18": null, "CONCENTR19": null, "CONCENTR20": null, "CONCENTR21": null, "CONCENTR22": null, "CONCENTR23": null, "Ruta": null, "layer": "C-Ruta 18", "path": "D:/Atlas de Riesgos 2024/SHAPE/Secciones Electorares Distrito 15/Rutas/Contornos (disolve)/C-Ruta 18.gpkg" }, "geometry": { "type": "MultiPolygon", "coordinates": [ [ [ [ -99.103872249091268, 19.400595980843971 ], [ -99.10340857396892, 19.400533351740325 ], [ -99.102647880206163, 19.400430454184903 ], [ -99.102890526666457, 19.399422378645866 ], [ -99.104123452522174, 19.399599377096834 ], [ -99.104654982666801, 19.399675680697889 ], [ -99.106419444041251, 19.399928965592039 ], [ -99.106555928835007, 19.39994777628538 ], [ -99.106377584161478, 19.399456619122486 ], [ -99.10619924056509, 19.398965461753125 ], [ -99.107752539598039, 19.399166351042844 ], [ -99.111076093314438, 19.39959599843263 ], [ -99.110894253087764, 19.400535853556558 ], [ -99.113508407052265, 19.400890160537365 ], [ -99.113543134760533, 19.401610013034595 ], [ -99.113557021445345, 19.401897860965434 ], [ -99.113611941559284, 19.403036253186031 ], [ -99.113848112367833, 19.403021898424761 ], [ -99.114703361918387, 19.402969464664459 ], [ -99.115343022009398, 19.402930245641667 ], [ -99.115833025990995, 19.402900200842208 ], [ -99.116342803769555, 19.402868942190807 ], [ -99.117073808798906, 19.402824115769388 ], [ -99.117014532343291, 19.401945019177685 ], [ -99.116988951788997, 19.401578701028349 ], [ -99.116986022195206, 19.401245062535427 ], [ -99.117543816541485, 19.401951465988294 ], [ -99.118786840229831, 19.403334260697886 ], [ -99.119156280440592, 19.403761018853309 ], [ -99.119597263748574, 19.404270415941106 ], [ -99.120260883445241, 19.405095019906074 ], [ -99.12033284378623, 19.405184815213538 ], [ -99.120350062162871, 19.405206301049123 ], [ -99.120427772355114, 19.405303271098628 ], [ -99.119508207311355, 19.405471533775515 ], [ -99.11895071966552, 19.405555282700806 ], [ -99.118513211103306, 19.405584109786645 ], [ -99.117206054103633, 19.405583225225641 ], [ -99.115280015999133, 19.405596582853505 ], [ -99.114761570365673, 19.405647146139717 ], [ -99.114340944001981, 19.405720078241202 ], [ -99.11390591720847, 19.405793604759726 ], [ -99.113887997950513, 19.40573872489923 ], [ -99.113845854128016, 19.405609654271743 ], [ -99.113687028522151, 19.40555924618663 ], [ -99.113510518478833, 19.405528097936457 ], [ -99.113552665229321, 19.405005914552717 ], [ -99.112268541315132, 19.404822955774556 ], [ -99.110232949754661, 19.40453291030623 ], [ -99.110397306149508, 19.40353700017554 ], [ -99.110548611332945, 19.402593348725645 ], [ -99.10892562185532, 19.402358670656238 ], [ -99.108176789639685, 19.402250387264246 ], [ -99.108004625699422, 19.402225491383494 ], [ -99.107348575652452, 19.402130621265318 ], [ -99.106942044113595, 19.401011106893733 ], [ -99.106799855626249, 19.400992043424321 ], [ -99.103872249091268, 19.400595980843971 ] ], [ [ -99.113744616423304, 19.404988784024479 ], [ -99.113808816322916, 19.404372964876526 ], [ -99.11374461642329, 19.404988784024479 ], [ -99.113687028522151, 19.40555924618663 ], [ -99.113744616423304, 19.404988784024479 ] ] ] ] } },
{ "type": "Feature", "properties": { "fid": 1, "ID": 1667, "ENTIDAD": 9, "DISTRITO_F": 13, "DISTRITO_L": 15, "MUNICIPIO": 6, "SECCION": 1672, "TIPO": 2, "CONTROL": 40875, "GEOMETRY1_": "Ruta 19", "CONCENTRAD": null, "CONCENTR_1": null, "CONCENTR_2": null, "CONCENTR_3": null, "CONCENTR_4": null, "CONCENTR_5": null, "CONCENTR_6": null, "CONCENTR_7": null, "CONCENTR_8": null, "CONCENTR_9": null, "CONCENTR10": null, "CONCENTR11": null, "CONCENTR12": null, "CONCENTR13": null, "CONCENTR14": null, "CONCENTR15": null, "CONCENTR16": null, "CONCENTR17": null, "CONCENTR18": null, "CONCENTR19": null, "CONCENTR20": null, "CONCENTR21": null, "CONCENTR22": null, "CONCENTR23": null, "Ruta": null, "layer": "C-Ruta 19", "path": "D:/Atlas de Riesgos 2024/SHAPE/Secciones Electorares Distrito 15/Rutas/Contornos (disolve)/C-Ruta 19.gpkg" }, "geometry": { "type": "MultiPolygon", "coordinates": [ [ [ [ -99.10311412740414, 19.398534346339009 ], [ -99.102890526666457, 19.399422378645866 ], [ -99.102647880206163, 19.400430454184903 ], [ -99.10340857396892, 19.400533351740325 ], [ -99.103872249091268, 19.400595980843971 ], [ -99.106799855626249, 19.400992043424321 ], [ -99.106942044113595, 19.401011106893733 ], [ -99.107348575652452, 19.402130621265318 ], [ -99.108004625699422, 19.402225491383494 ], [ -99.108176789639685, 19.402250387264246 ], [ -99.10892562185532, 19.402358670656238 ], [ -99.110548611332945, 19.402593348725645 ], [ -99.110397306149508, 19.40353700017554 ], [ -99.110232949754661, 19.40453291030623 ], [ -99.112268541315132, 19.404822955774556 ], [ -99.113552665229321, 19.405005914552717 ], [ -99.113510518478833, 19.405528097936457 ], [ -99.113157267064423, 19.4057303496262 ], [ -99.112248761131681, 19.405916416981363 ], [ -99.111095765506036, 19.406152550116634 ], [ -99.108235842903028, 19.406747584818358 ], [ -99.107082577679691, 19.406992807509322 ], [ -99.10669815429074, 19.407073210501256 ], [ -99.105976894428721, 19.407232665218825 ], [ -99.103902141731794, 19.407691329792222 ], [ -99.103407330286018, 19.407800713641603 ], [ -99.103496530422802, 19.407884287455381 ], [ -99.103614635253194, 19.407994942590797 ], [ -99.103685843841106, 19.408061659446233 ], [ -99.103112420157188, 19.408210359267898 ], [ -99.103028096155896, 19.408232225932537 ], [ -99.101915185031629, 19.408483314680183 ], [ -99.101422520710997, 19.408608820909354 ], [ -99.100863819548437, 19.408663398461609 ], [ -99.100080796452858, 19.408803672221847 ], [ -99.099205387677486, 19.408952341776626 ], [ -99.099148868244995, 19.40896170641771 ], [ -99.09813614895225, 19.409129499576583 ], [ -99.098021881154722, 19.409141291476757 ], [ -99.097945049884103, 19.409149220061806 ], [ -99.097511944431872, 19.409185965029728 ], [ -99.09715063454631, 19.409188639281791 ], [ -99.097034464494598, 19.409189131465617 ], [ -99.097016736805685, 19.409134167309798 ], [ -99.096910803198071, 19.408805722588891 ], [ -99.096901505816703, 19.408385053363642 ], [ -99.096914367154895, 19.408271919400217 ], [ -99.096982517156064, 19.407672439549835 ], [ -99.097101956574861, 19.407075639126617 ], [ -99.097199030208429, 19.406590590096432 ], [ -99.097259046800829, 19.406249314731006 ], [ -99.097392687475363, 19.405630557184196 ], [ -99.09746849668204, 19.405302195440392 ], [ -99.097518343642548, 19.405040270934208 ], [ -99.097920504835557, 19.402772460192867 ], [ -99.097599865713093, 19.402732325866225 ], [ -99.09775354923012, 19.401722437815518 ], [ -99.097897371228512, 19.40077734063857 ], [ -99.097303502612647, 19.400686537637299 ], [ -99.093597722566599, 19.400102174482416 ], [ -99.093812834038033, 19.39967115369674 ], [ -99.093970489016186, 19.399696269823011 ], [ -99.094887053925149, 19.399842285563683 ], [ -99.094977374553253, 19.399436814644829 ], [ -99.094988291138705, 19.399387807340954 ], [ -99.098068187692391, 19.399820274260172 ], [ -99.098204870823736, 19.398787730387848 ], [ -99.098350807614736, 19.397846494964277 ], [ -99.09849689042737, 19.396829073662694 ], [ -99.098769872584128, 19.396861136235181 ], [ -99.098856971387306, 19.396871366161736 ], [ -99.098944070200929, 19.396881595656271 ], [ -99.098526689077488, 19.399599394112826 ], [ -99.098944070201156, 19.396881596046502 ], [ -99.099207286044859, 19.39691251087579 ], [ -99.099172727272773, 19.396984984731976 ], [ -99.10337861214299, 19.397483941232249 ], [ -99.10311412740414, 19.398534346339009 ] ] ] ] } },
{ "type": "Feature", "properties": { "fid": 1, "ID": 1953, "ENTIDAD": 9, "DISTRITO_F": 13, "DISTRITO_L": 15, "MUNICIPIO": 6, "SECCION": 1958, "TIPO": 2, "CONTROL": 40122, "GEOMETRY1_": "Ruta 02", "CONCENTRAD": null, "CONCENTR_1": null, "CONCENTR_2": null, "CONCENTR_3": null, "CONCENTR_4": null, "CONCENTR_5": null, "CONCENTR_6": null, "CONCENTR_7": null, "CONCENTR_8": null, "CONCENTR_9": null, "CONCENTR10": null, "CONCENTR11": null, "CONCENTR12": null, "CONCENTR13": null, "CONCENTR14": null, "CONCENTR15": null, "CONCENTR16": null, "CONCENTR17": null, "CONCENTR18": null, "CONCENTR19": null, "CONCENTR20": null, "CONCENTR21": null, "CONCENTR22": null, "CONCENTR23": null, "Ruta": null, "layer": "C-Ruta 2", "path": "D:/Atlas de Riesgos 2024/SHAPE/Secciones Electorares Distrito 15/Rutas/Contornos (disolve)/C-Ruta 2.gpkg" }, "geometry": { "type": "MultiPolygon", "coordinates": [ [ [ [ -99.124110409652218, 19.398737451894014 ], [ -99.123887972112612, 19.398045514375404 ], [ -99.124829493274277, 19.398010289760308 ], [ -99.125413314658189, 19.397988445114642 ], [ -99.126005923524602, 19.397966269747958 ], [ -99.126713157809718, 19.397939802573564 ], [ -99.126855245435166, 19.398009037137651 ], [ -99.127592480720949, 19.397985140882568 ], [ -99.12826938944275, 19.397982056699039 ], [ -99.1289280740762, 19.397959084570299 ], [ -99.128926665632562, 19.398771996395848 ], [ -99.128847979822979, 19.400925954092443 ], [ -99.128784635408806, 19.403328551811327 ], [ -99.128778527750583, 19.403560206584398 ], [ -99.128719718503078, 19.403577939542423 ], [ -99.127917289349384, 19.403819896526706 ], [ -99.127184537800531, 19.404044265098477 ], [ -99.125850426436813, 19.404318458975872 ], [ -99.125681041270667, 19.404353271177396 ], [ -99.123261797089867, 19.404792809554543 ], [ -99.123253405528089, 19.40468457597806 ], [ -99.123251866683802, 19.40466472809241 ], [ -99.123248885002852, 19.404626270605153 ], [ -99.123241021023404, 19.404524841523166 ], [ -99.123238405385166, 19.40449110516683 ], [ -99.123204261959643, 19.404050723820607 ], [ -99.123098585412876, 19.402687693650357 ], [ -99.123097979815554, 19.401882549352923 ], [ -99.123200141132045, 19.401882647325813 ], [ -99.123451300214228, 19.401883056513043 ], [ -99.123664417436032, 19.401883428982856 ], [ -99.123688435908264, 19.401883470944743 ], [ -99.124006093841601, 19.401884025617054 ], [ -99.124429486409511, 19.401884764052717 ], [ -99.125145845823525, 19.401886011203768 ], [ -99.125052541672019, 19.401549461853172 ], [ -99.125012789281996, 19.401412112603786 ], [ -99.124797352682037, 19.400785647615987 ], [ -99.124696985105757, 19.400499049189541 ], [ -99.124615239607323, 19.400265625089499 ], [ -99.124449907363456, 19.399793517026779 ], [ -99.124278036274617, 19.399258884710054 ], [ -99.124110409652218, 19.398737451894014 ] ] ] ] } },
{ "type": "Feature", "properties": { "fid": 1, "ID": 1690, "ENTIDAD": 9, "DISTRITO_F": 13, "DISTRITO_L": 15, "MUNICIPIO": 6, "SECCION": 1695, "TIPO": 2, "CONTROL": 40821, "GEOMETRY1_": "Ruta 20", "CONCENTRAD": null, "CONCENTR_1": null, "CONCENTR_2": null, "CONCENTR_3": null, "CONCENTR_4": null, "CONCENTR_5": null, "CONCENTR_6": null, "CONCENTR_7": null, "CONCENTR_8": null, "CONCENTR_9": null, "CONCENTR10": null, "CONCENTR11": null, "CONCENTR12": null, "CONCENTR13": null, "CONCENTR14": null, "CONCENTR15": null, "CONCENTR16": null, "CONCENTR17": null, "CONCENTR18": null, "CONCENTR19": null, "CONCENTR20": null, "CONCENTR21": null, "CONCENTR22": null, "CONCENTR23": null, "Ruta": null, "layer": "C-Ruta 20", "path": "D:/Atlas de Riesgos 2024/SHAPE/Secciones Electorares Distrito 15/Rutas/Contornos (disolve)/C-Ruta 20.gpkg" }, "geometry": { "type": "MultiPolygon", "coordinates": [ [ [ [ -99.113317797998505, 19.394988558602485 ], [ -99.113263565049564, 19.39547186615064 ], [ -99.113261074647525, 19.395715904269732 ], [ -99.113258504295572, 19.395959951051676 ], [ -99.113280395755623, 19.396376808140076 ], [ -99.113307538413849, 19.396886375185449 ], [ -99.113388715677218, 19.398160061416164 ], [ -99.11339345273592, 19.398276904510197 ], [ -99.113401351420023, 19.398386504680762 ], [ -99.113412431609049, 19.398584129759961 ], [ -99.113467973099361, 19.399918650350713 ], [ -99.113508407052265, 19.400890160537365 ], [ -99.110894253087764, 19.400535853556558 ], [ -99.111076093314438, 19.39959599843263 ], [ -99.107752539598039, 19.399166351042844 ], [ -99.10619924056509, 19.398965461753125 ], [ -99.106377584161478, 19.399456619122486 ], [ -99.106555928835007, 19.39994777628538 ], [ -99.106419444041251, 19.399928965592039 ], [ -99.104654982666801, 19.399675680697889 ], [ -99.104123452522174, 19.399599377096834 ], [ -99.102890526666457, 19.399422378645866 ], [ -99.10311412740414, 19.398534346339009 ], [ -99.10337861214299, 19.397483941232249 ], [ -99.099172727272773, 19.396984984731976 ], [ -99.099207286044859, 19.39691251087579 ], [ -99.099359029775869, 19.396771559318939 ], [ -99.099421992568097, 19.396713074398097 ], [ -99.099589014337994, 19.396604263426877 ], [ -99.099708291029515, 19.396486418527061 ], [ -99.099822818478259, 19.396409345993018 ], [ -99.100048343924399, 19.396429661974878 ], [ -99.100406090612296, 19.396461888242555 ], [ -99.100761277453529, 19.396493883206684 ], [ -99.101107724223141, 19.396525090190774 ], [ -99.101454028771741, 19.396556283691996 ], [ -99.101801841952678, 19.396587612407462 ], [ -99.102037013024059, 19.39660879468126 ], [ -99.102425060061393, 19.396643746085768 ], [ -99.1028709571181, 19.396683907001091 ], [ -99.103105417530756, 19.396705023860651 ], [ -99.103452636421792, 19.39673724183708 ], [ -99.103799855446141, 19.396769459149741 ], [ -99.104171018564145, 19.396803897408457 ], [ -99.104500012981788, 19.396834422410908 ], [ -99.104864430870975, 19.396868233391285 ], [ -99.105212861150719, 19.396900560332185 ], [ -99.105560545533478, 19.39693281739083 ], [ -99.105916392924797, 19.39696583108547 ], [ -99.106267552549809, 19.397000599074563 ], [ -99.106618712320426, 19.397035366384564 ], [ -99.106970766361982, 19.397070221537529 ], [ -99.107331099442803, 19.397105895635999 ], [ -99.107658971663383, 19.39713835537367 ], [ -99.108017734611565, 19.39717727216086 ], [ -99.108376497726582, 19.397216188239213 ], [ -99.108716041866742, 19.397253018909861 ], [ -99.109082256720839, 19.397286139251882 ], [ -99.110046137812546, 19.397607274208507 ], [ -99.110090119501507, 19.397319925460813 ], [ -99.110121882227048, 19.397112407121959 ], [ -99.110212789913646, 19.396500782094215 ], [ -99.110320269229831, 19.395652669135842 ], [ -99.110374893551111, 19.395140691573467 ], [ -99.110472412654801, 19.394307729771484 ], [ -99.11084559121764, 19.394347652233485 ], [ -99.111318754036333, 19.394398269832845 ], [ -99.11161209823517, 19.394425449118319 ], [ -99.111828900727701, 19.394445960508296 ], [ -99.112235353714098, 19.392299578031782 ], [ -99.112595551194104, 19.39235502191508 ], [ -99.113210874651486, 19.392454076324903 ], [ -99.113756713146827, 19.392534781453875 ], [ -99.113774177994344, 19.392730163488828 ], [ -99.113776664108045, 19.392860660980187 ], [ -99.113776706028247, 19.392949230664975 ], [ -99.113776761660731, 19.393066770844293 ], [ -99.113686721897849, 19.393585810748544 ], [ -99.113612746802019, 19.393977577608069 ], [ -99.11356372189239, 19.394234719336559 ], [ -99.113492464170662, 19.394608473465766 ], [ -99.113408513745625, 19.394600337669821 ], [ -99.113317797998505, 19.394988558602485 ] ] ] ] } },
{ "type": "Feature", "properties": { "fid": 1, "ID": 1697, "ENTIDAD": 9, "DISTRITO_F": 13, "DISTRITO_L": 15, "MUNICIPIO": 6, "SECCION": 1702, "TIPO": 2, "CONTROL": 40755, "GEOMETRY1_": "Ruta 21", "CONCENTRAD": null, "CONCENTR_1": null, "CONCENTR_2": null, "CONCENTR_3": null, "CONCENTR_4": null, "CONCENTR_5": null, "CONCENTR_6": null, "CONCENTR_7": null, "CONCENTR_8": null, "CONCENTR_9": null, "CONCENTR10": null, "CONCENTR11": null, "CONCENTR12": null, "CONCENTR13": null, "CONCENTR14": null, "CONCENTR15": null, "CONCENTR16": null, "CONCENTR17": null, "CONCENTR18": null, "CONCENTR19": null, "CONCENTR20": null, "CONCENTR21": null, "CONCENTR22": null, "CONCENTR23": null, "Ruta": null, "layer": "C-Ruta 21", "path": "D:/Atlas de Riesgos 2024/SHAPE/Secciones Electorares Distrito 15/Rutas/Contornos (disolve)/C-Ruta 21.gpkg" }, "geometry": { "type": "MultiPolygon", "coordinates": [ [ [ [ -99.106565495479572, 19.393948527414597 ], [ -99.106272017635845, 19.393926085537053 ], [ -99.106222949166479, 19.393921959493778 ], [ -99.106013993704224, 19.393899889811724 ], [ -99.105685644035773, 19.393868366025188 ], [ -99.105213254178565, 19.393817276714962 ], [ -99.105472350055933, 19.392325053822958 ], [ -99.105962876527428, 19.392414830451958 ], [ -99.106531948838992, 19.392512607208165 ], [ -99.106673831253843, 19.39174105528372 ], [ -99.107104468919971, 19.389546850829362 ], [ -99.107365594029332, 19.389570689308847 ], [ -99.107597734993661, 19.389591881463982 ], [ -99.107684679439444, 19.389599818547158 ], [ -99.108083655092557, 19.389631499314362 ], [ -99.10857650177671, 19.389681229790579 ], [ -99.109082526384867, 19.389706818038576 ], [ -99.109433768866865, 19.389724578554912 ], [ -99.109588551143545, 19.389732404877783 ], [ -99.109145555717063, 19.391967718132033 ], [ -99.109633406146017, 19.392014960161276 ], [ -99.110228773525492, 19.392072695903565 ], [ -99.110748454740843, 19.392123090353596 ], [ -99.111243213207288, 19.392168641862852 ], [ -99.11084559121764, 19.394347652233485 ], [ -99.110472412654801, 19.394307729771484 ], [ -99.110374893551111, 19.395140691573467 ], [ -99.110320269229831, 19.395652669135842 ], [ -99.110212789913646, 19.396500782094215 ], [ -99.110121882227048, 19.397112407121959 ], [ -99.110090119501507, 19.397319925460813 ], [ -99.110046137812546, 19.397607274208507 ], [ -99.109082256720839, 19.397286139251882 ], [ -99.108716041866742, 19.397253018909861 ], [ -99.108811468087438, 19.396367359832986 ], [ -99.108892701229365, 19.395523031777621 ], [ -99.10894345032068, 19.395006435714045 ], [ -99.109030662439167, 19.394172375682626 ], [ -99.108747231125307, 19.394143823698336 ], [ -99.108674080111825, 19.394135854713006 ], [ -99.108319320512706, 19.39410766842575 ], [ -99.108246569458757, 19.394101414214372 ], [ -99.107973865071287, 19.39407985637574 ], [ -99.107775031796962, 19.394060073155927 ], [ -99.107621841975856, 19.394046078296967 ], [ -99.107267469171234, 19.394010386913777 ], [ -99.106923093115881, 19.393981642761396 ], [ -99.106773016484411, 19.39396710749546 ], [ -99.106565495479572, 19.393948527414597 ] ] ] ] } },
{ "type": "Feature", "properties": { "fid": 1, "ID": 1698, "ENTIDAD": 9, "DISTRITO_F": 13, "DISTRITO_L": 15, "MUNICIPIO": 6, "SECCION": 1703, "TIPO": 2, "CONTROL": 40754, "GEOMETRY1_": "Ruta 22", "CONCENTRAD": null, "CONCENTR_1": null, "CONCENTR_2": null, "CONCENTR_3": null, "CONCENTR_4": null, "CONCENTR_5": null, "CONCENTR_6": null, "CONCENTR_7": null, "CONCENTR_8": null, "CONCENTR_9": null, "CONCENTR10": null, "CONCENTR11": null, "CONCENTR12": null, "CONCENTR13": null, "CONCENTR14": null, "CONCENTR15": null, "CONCENTR16": null, "CONCENTR17": null, "CONCENTR18": null, "CONCENTR19": null, "CONCENTR20": null, "CONCENTR21": null, "CONCENTR22": null, "CONCENTR23": null, "Ruta": null, "layer": "C-Ruta 22", "path": "D:/Atlas de Riesgos 2024/SHAPE/Secciones Electorares Distrito 15/Rutas/Contornos (disolve)/C-Ruta 22.gpkg" }, "geometry": { "type": "MultiPolygon", "coordinates": [ [ [ [ -99.103287229260403, 19.395014512783266 ], [ -99.103382149900654, 19.395024230327039 ], [ -99.10343444474104, 19.394514121271754 ], [ -99.103521328515299, 19.393665680476847 ], [ -99.103870872481281, 19.393697983506652 ], [ -99.104177303725976, 19.393724250782245 ], [ -99.104228846593244, 19.393728383924511 ], [ -99.104572400922308, 19.393762042457279 ], [ -99.104697330247689, 19.393774829701201 ], [ -99.104917831539183, 19.393793521737795 ], [ -99.105160903520769, 19.393812594526363 ], [ -99.105213254178565, 19.393817276714962 ], [ -99.105685644035773, 19.393868366025188 ], [ -99.106013993704224, 19.393899889811724 ], [ -99.106222949166479, 19.393921959493778 ], [ -99.106272017635845, 19.393926085537053 ], [ -99.106565495479572, 19.393948527414597 ], [ -99.106773016484411, 19.39396710749546 ], [ -99.106923093115881, 19.393981642761396 ], [ -99.107267469171234, 19.394010386913777 ], [ -99.107621841975856, 19.394046078296967 ], [ -99.107775031796962, 19.394060073155927 ], [ -99.107973865071287, 19.39407985637574 ], [ -99.108246569458757, 19.394101414214372 ], [ -99.108319320512706, 19.39410766842575 ], [ -99.108674080111825, 19.394135854713006 ], [ -99.108747231125307, 19.394143823698336 ], [ -99.109030662439167, 19.394172375682626 ], [ -99.10894345032068, 19.395006435714045 ], [ -99.108892701229365, 19.395523031777621 ], [ -99.108811468087438, 19.396367359832986 ], [ -99.108716041866742, 19.397253018909861 ], [ -99.108376497726582, 19.397216188239213 ], [ -99.108017734611565, 19.39717727216086 ], [ -99.107658971663383, 19.39713835537367 ], [ -99.107331099442803, 19.397105895635999 ], [ -99.106970766361982, 19.397070221537529 ], [ -99.106618712320426, 19.397035366384564 ], [ -99.106267552549809, 19.397000599074563 ], [ -99.105916392924797, 19.39696583108547 ], [ -99.105560545533478, 19.39693281739083 ], [ -99.105212861150719, 19.396900560332185 ], [ -99.104864430870975, 19.396868233391285 ], [ -99.104500012981788, 19.396834422410908 ], [ -99.104171018564145, 19.396803897408457 ], [ -99.103799855446141, 19.396769459149741 ], [ -99.103452636421792, 19.39673724183708 ], [ -99.103105417530756, 19.396705023860651 ], [ -99.103186970630333, 19.39585834032826 ], [ -99.103287229260403, 19.395014512783266 ] ] ] ] } },
{ "type": "Feature", "properties": { "fid": 1, "ID": 1701, "ENTIDAD": 9, "DISTRITO_F": 13, "DISTRITO_L": 15, "MUNICIPIO": 6, "SECCION": 1706, "TIPO": 2, "CONTROL": 40010, "GEOMETRY1_": "Ruta 23", "CONCENTRAD": null, "CONCENTR_1": null, "CONCENTR_2": null, "CONCENTR_3": null, "CONCENTR_4": null, "CONCENTR_5": null, "CONCENTR_6": null, "CONCENTR_7": null, "CONCENTR_8": null, "CONCENTR_9": null, "CONCENTR10": null, "CONCENTR11": null, "CONCENTR12": null, "CONCENTR13": null, "CONCENTR14": null, "CONCENTR15": null, "CONCENTR16": null, "CONCENTR17": null, "CONCENTR18": null, "CONCENTR19": null, "CONCENTR20": null, "CONCENTR21": null, "CONCENTR22": null, "CONCENTR23": null, "Ruta": null, "layer": "C-Ruta 23", "path": "D:/Atlas de Riesgos 2024/SHAPE/Secciones Electorares Distrito 15/Rutas/Contornos (disolve)/C-Ruta 23.gpkg" }, "geometry": { "type": "MultiPolygon", "coordinates": [ [ [ [ -99.100207114259121, 19.392499759398316 ], [ -99.100267160601319, 19.392005952831678 ], [ -99.100354003344393, 19.391146388698719 ], [ -99.100726235524974, 19.391181420236304 ], [ -99.101098322429536, 19.391217569749838 ], [ -99.101426565925891, 19.39124873865936 ], [ -99.101338700837388, 19.392103109180042 ], [ -99.101691292214056, 19.39213277878612 ], [ -99.102043659694019, 19.392164424400399 ], [ -99.102398317073096, 19.392196274964903 ], [ -99.10274083478464, 19.392234684349351 ], [ -99.103099558680327, 19.392268564570525 ], [ -99.103186656321967, 19.391409058421534 ], [ -99.103583808829256, 19.391444536846915 ], [ -99.10388325996, 19.391473451272212 ], [ -99.103843951216973, 19.391772066534728 ], [ -99.103715793811901, 19.392745126760346 ], [ -99.10347759467048, 19.392720453556446 ], [ -99.103373314178043, 19.393655847842052 ], [ -99.103521328515299, 19.393665680476847 ], [ -99.10343444474104, 19.394514121271754 ], [ -99.103382149900654, 19.395024230327039 ], [ -99.103287229260403, 19.395014512783266 ], [ -99.103186970630333, 19.39585834032826 ], [ -99.103105417530756, 19.396705023860651 ], [ -99.1028709571181, 19.396683907001091 ], [ -99.102425060061393, 19.396643746085768 ], [ -99.102037013024059, 19.39660879468126 ], [ -99.101801841952678, 19.396587612407462 ], [ -99.101454028771741, 19.396556283691996 ], [ -99.101107724223141, 19.396525090190774 ], [ -99.100761277453529, 19.396493883206684 ], [ -99.100406090612296, 19.396461888242555 ], [ -99.100048343924399, 19.396429661974878 ], [ -99.099822818478259, 19.396409345993018 ], [ -99.099906063027447, 19.395563408662106 ], [ -99.099971515108848, 19.394896620703861 ], [ -99.099993983221594, 19.394713145477965 ], [ -99.100038942031986, 19.394210661885527 ], [ -99.100121491456889, 19.393370848579117 ], [ -99.100207114259121, 19.392499759398316 ] ] ] ] } },
{ "type": "Feature", "properties": { "fid": 1, "ID": 1739, "ENTIDAD": 9, "DISTRITO_F": 13, "DISTRITO_L": 15, "MUNICIPIO": 6, "SECCION": 1744, "TIPO": 2, "CONTROL": 40016, "GEOMETRY1_": "Ruta 24", "CONCENTRAD": null, "CONCENTR_1": null, "CONCENTR_2": null, "CONCENTR_3": null, "CONCENTR_4": null, "CONCENTR_5": null, "CONCENTR_6": null, "CONCENTR_7": null, "CONCENTR_8": null, "CONCENTR_9": null, "CONCENTR10": null, "CONCENTR11": null, "CONCENTR12": null, "CONCENTR13": null, "CONCENTR14": null, "CONCENTR15": null, "CONCENTR16": null, "CONCENTR17": null, "CONCENTR18": null, "CONCENTR19": null, "CONCENTR20": null, "CONCENTR21": null, "CONCENTR22": null, "CONCENTR23": null, "Ruta": null, "layer": "C-Ruta 24", "path": "D:/Atlas de Riesgos 2024/SHAPE/Secciones Electorares Distrito 15/Rutas/Contornos (disolve)/C-Ruta 24.gpkg" }, "geometry": { "type": "MultiPolygon", "coordinates": [ [ [ [ -99.101607050437224, 19.386030672990138 ], [ -99.102184689959898, 19.386168513167082 ], [ -99.102308385368758, 19.386198029917281 ], [ -99.102648097836209, 19.386279010113356 ], [ -99.102758515704352, 19.386305331220413 ], [ -99.103213248246234, 19.386413778240154 ], [ -99.103690151907259, 19.386527409078735 ], [ -99.104106216433394, 19.386627507834 ], [ -99.104236238223194, 19.386658788865279 ], [ -99.104604462974265, 19.386749636436051 ], [ -99.10469970617379, 19.386774236244481 ], [ -99.105046868713842, 19.386863906210426 ], [ -99.105096458789617, 19.386876028985135 ], [ -99.105465172100281, 19.386966580533411 ], [ -99.105392269146591, 19.387350489214885 ], [ -99.105330492819746, 19.387675803391719 ], [ -99.105224664090429, 19.388233094512145 ], [ -99.105110926652685, 19.388832028394553 ], [ -99.105033926546469, 19.389237503386205 ], [ -99.105014135809085, 19.389343707000034 ], [ -99.104749037489455, 19.38932778937939 ], [ -99.104609616372102, 19.389307992143546 ], [ -99.10419210783229, 19.389271129524154 ], [ -99.103755079619688, 19.389235339293503 ], [ -99.103412030698578, 19.389202252422812 ], [ -99.103324804420566, 19.390056347359472 ], [ -99.103274718637522, 19.390546721935578 ], [ -99.103186656321967, 19.391409058421534 ], [ -99.103099558680327, 19.392268564570525 ], [ -99.10274083478464, 19.392234684349351 ], [ -99.102398317073096, 19.392196274964903 ], [ -99.102043659694019, 19.392164424400399 ], [ -99.101691292214056, 19.39213277878612 ], [ -99.101338700837388, 19.392103109180042 ], [ -99.101426565925891, 19.39124873865936 ], [ -99.101098322429536, 19.391217569749838 ], [ -99.100726235524974, 19.391181420236304 ], [ -99.100354003344393, 19.391146388698719 ], [ -99.100267160601319, 19.392005952831678 ], [ -99.100207114259121, 19.392499759398316 ], [ -99.099541885884832, 19.392437782585407 ], [ -99.099397677956546, 19.392424346950513 ], [ -99.099047010887773, 19.392391675342637 ], [ -99.09909823486899, 19.391916497235904 ], [ -99.099186601340364, 19.391019545176253 ], [ -99.099261847180628, 19.390208436375652 ], [ -99.09931424581643, 19.389684088994166 ], [ -99.099397287646227, 19.388854576088285 ], [ -99.099472799633261, 19.387966706371024 ], [ -99.099805424991132, 19.387068618755553 ], [ -99.099834907094177, 19.386989016647544 ], [ -99.10005088847636, 19.385555806627945 ], [ -99.100145261123046, 19.385607847009599 ], [ -99.100344529557844, 19.385717730330427 ], [ -99.100490150095837, 19.385749920411794 ], [ -99.100765057003684, 19.385813968122264 ], [ -99.101607050437224, 19.386030672990138 ] ] ] ] } },
{ "type": "Feature", "properties": { "fid": 1, "ID": 1718, "ENTIDAD": 9, "DISTRITO_F": 13, "DISTRITO_L": 15, "MUNICIPIO": 6, "SECCION": 1723, "TIPO": 2, "CONTROL": 40760, "GEOMETRY1_": "Ruta 25", "CONCENTRAD": null, "CONCENTR_1": null, "CONCENTR_2": null, "CONCENTR_3": null, "CONCENTR_4": null, "CONCENTR_5": null, "CONCENTR_6": null, "CONCENTR_7": null, "CONCENTR_8": null, "CONCENTR_9": null, "CONCENTR10": null, "CONCENTR11": null, "CONCENTR12": null, "CONCENTR13": null, "CONCENTR14": null, "CONCENTR15": null, "CONCENTR16": null, "CONCENTR17": null, "CONCENTR18": null, "CONCENTR19": null, "CONCENTR20": null, "CONCENTR21": null, "CONCENTR22": null, "CONCENTR23": null, "Ruta": null, "layer": "C-Ruta 25", "path": "D:/Atlas de Riesgos 2024/SHAPE/Secciones Electorares Distrito 15/Rutas/Contornos (disolve)/C-Ruta 25.gpkg" }, "geometry": { "type": "MultiPolygon", "coordinates": [ [ [ [ -99.105110926652685, 19.388832028394553 ], [ -99.105224664090429, 19.388233094512145 ], [ -99.105330492819746, 19.387675803391719 ], [ -99.105392269146591, 19.387350489214885 ], [ -99.105465172100281, 19.386966580533411 ], [ -99.105988577854376, 19.387094914114272 ], [ -99.106450125401309, 19.387208079294265 ], [ -99.106811521523881, 19.387296687778537 ], [ -99.107118676842333, 19.387371996653673 ], [ -99.10809971724872, 19.387619227192321 ], [ -99.108424711546704, 19.387696266730476 ], [ -99.108932812880539, 19.387829169635808 ], [ -99.108587137364935, 19.389625947958432 ], [ -99.10857650177671, 19.389681229790579 ], [ -99.108083655092557, 19.389631499314362 ], [ -99.107684679439444, 19.389599818547158 ], [ -99.107597734993661, 19.389591881463982 ], [ -99.107365594029332, 19.389570689308847 ], [ -99.107104468919971, 19.389546850829362 ], [ -99.106673831253843, 19.39174105528372 ], [ -99.106531948838992, 19.392512607208165 ], [ -99.105962876527428, 19.392414830451958 ], [ -99.105472350055933, 19.392325053822958 ], [ -99.105213254178565, 19.393817276714962 ], [ -99.105160903520769, 19.393812594526363 ], [ -99.104917831539183, 19.393793521737795 ], [ -99.104697330247689, 19.393774829701201 ], [ -99.104572400922308, 19.393762042457279 ], [ -99.104228846593244, 19.393728383924511 ], [ -99.104177303725976, 19.393724250782245 ], [ -99.103870872481281, 19.393697983506652 ], [ -99.103521328515299, 19.393665680476847 ], [ -99.103373314178043, 19.393655847842052 ], [ -99.10347759467048, 19.392720453556446 ], [ -99.103715793811901, 19.392745126760346 ], [ -99.103843951216973, 19.391772066534728 ], [ -99.10388325996, 19.391473451272212 ], [ -99.103583808829256, 19.391444536846915 ], [ -99.103186656321967, 19.391409058421534 ], [ -99.103274718637522, 19.390546721935578 ], [ -99.103324804420566, 19.390056347359472 ], [ -99.103412030698578, 19.389202252422812 ], [ -99.103755079619688, 19.389235339293503 ], [ -99.10419210783229, 19.389271129524154 ], [ -99.104609616372102, 19.389307992143546 ], [ -99.104749037489455, 19.38932778937939 ], [ -99.105014135809085, 19.389343707000034 ], [ -99.105033926546469, 19.389237503386205 ], [ -99.105110926652685, 19.388832028394553 ] ] ] ] } },
{ "type": "Feature", "properties": { "fid": 1, "ID": 1722, "ENTIDAD": 9, "DISTRITO_F": 13, "DISTRITO_L": 15, "MUNICIPIO": 6, "SECCION": 1727, "TIPO": 2, "CONTROL": 40767, "GEOMETRY1_": "Ruta 26", "CONCENTRAD": null, "CONCENTR_1": null, "CONCENTR_2": null, "CONCENTR_3": null, "CONCENTR_4": null, "CONCENTR_5": null, "CONCENTR_6": null, "CONCENTR_7": null, "CONCENTR_8": null, "CONCENTR_9": null, "CONCENTR10": null, "CONCENTR11": null, "CONCENTR12": null, "CONCENTR13": null, "CONCENTR14": null, "CONCENTR15": null, "CONCENTR16": null, "CONCENTR17": null, "CONCENTR18": null, "CONCENTR19": null, "CONCENTR20": null, "CONCENTR21": null, "CONCENTR22": null, "CONCENTR23": null, "Ruta": null, "layer": "C-Ruta 26", "path": "D:/Atlas de Riesgos 2024/SHAPE/Secciones Electorares Distrito 15/Rutas/Contornos (disolve)/C-Ruta 26.gpkg" }, "geometry": { "type": "MultiPolygon", "coordinates": [ [ [ [ -99.110748454740843, 19.392123090353596 ], [ -99.110228773525492, 19.392072695903565 ], [ -99.109633406146017, 19.392014960161276 ], [ -99.109145555717063, 19.391967718132033 ], [ -99.109588551143545, 19.389732404877783 ], [ -99.109433768866865, 19.389724578554912 ], [ -99.109082526384867, 19.389706818038576 ], [ -99.10857650177671, 19.389681229790579 ], [ -99.108587137364935, 19.389625947958432 ], [ -99.108932812880539, 19.387829169635808 ], [ -99.109241861285255, 19.38789997711206 ], [ -99.109395605635171, 19.387933281220697 ], [ -99.10972097463204, 19.388009747773914 ], [ -99.1101115389813, 19.388052658168256 ], [ -99.110656990387128, 19.38811258419997 ], [ -99.111129235615792, 19.388164466075619 ], [ -99.111947382976382, 19.388254346520352 ], [ -99.112226406666252, 19.388276586777813 ], [ -99.112151997997287, 19.388386761909189 ], [ -99.112433052512159, 19.38958867247376 ], [ -99.112475205457002, 19.389769649347606 ], [ -99.112600611175495, 19.390060178515498 ], [ -99.112640504153646, 19.390152598893632 ], [ -99.11289515418251, 19.390667831436581 ], [ -99.1129435200545, 19.390766605447247 ], [ -99.1131555620955, 19.391196266955223 ], [ -99.113324433417986, 19.391538449674201 ], [ -99.113394486192661, 19.391680396624064 ], [ -99.113532934119391, 19.391960930891738 ], [ -99.113608534172187, 19.392114117311586 ], [ -99.113622481231218, 19.392153711608216 ], [ -99.113756713146827, 19.392534781453875 ], [ -99.113210874651486, 19.392454076324903 ], [ -99.112595551194104, 19.39235502191508 ], [ -99.112235353714098, 19.392299578031782 ], [ -99.111828900727701, 19.394445960508296 ], [ -99.11161209823517, 19.394425449118319 ], [ -99.111318754036333, 19.394398269832845 ], [ -99.11084559121764, 19.394347652233485 ], [ -99.111243213207288, 19.392168641862852 ], [ -99.110748454740843, 19.392123090353596 ] ] ] ] } },
{ "type": "Feature", "properties": { "fid": 1, "ID": 1780, "ENTIDAD": 9, "DISTRITO_F": 13, "DISTRITO_L": 15, "MUNICIPIO": 6, "SECCION": 1785, "TIPO": 2, "CONTROL": 40704, "GEOMETRY1_": "Ruta 27", "CONCENTRAD": null, "CONCENTR_1": null, "CONCENTR_2": null, "CONCENTR_3": null, "CONCENTR_4": null, "CONCENTR_5": null, "CONCENTR_6": null, "CONCENTR_7": null, "CONCENTR_8": null, "CONCENTR_9": null, "CONCENTR10": null, "CONCENTR11": null, "CONCENTR12": null, "CONCENTR13": null, "CONCENTR14": null, "CONCENTR15": null, "CONCENTR16": null, "CONCENTR17": null, "CONCENTR18": null, "CONCENTR19": null, "CONCENTR20": null, "CONCENTR21": null, "CONCENTR22": null, "CONCENTR23": null, "Ruta": null, "layer": "C-Ruta 27", "path": "D:/Atlas de Riesgos 2024/SHAPE/Secciones Electorares Distrito 15/Rutas/Contornos (disolve)/C-Ruta 27.gpkg" }, "geometry": { "type": "MultiPolygon", "coordinates": [ [ [ [ -99.10649416479788, 19.385492118709404 ], [ -99.106568185844253, 19.385502111849881 ], [ -99.106630890343723, 19.38511139364271 ], [ -99.106762482840793, 19.384241636390968 ], [ -99.106778125219748, 19.384136049932728 ], [ -99.106883211694893, 19.384256896526022 ], [ -99.107691460759639, 19.384393575067133 ], [ -99.108136670588124, 19.384463863904141 ], [ -99.108611643549168, 19.384538850415503 ], [ -99.109081791763245, 19.384611633230978 ], [ -99.109565253688544, 19.384686475782214 ], [ -99.110047880958433, 19.384761187772789 ], [ -99.110133277445641, 19.384281843456694 ], [ -99.110048233912266, 19.38426971437805 ], [ -99.109835367872847, 19.384239354815964 ], [ -99.10963919514262, 19.383767582348376 ], [ -99.109600338189438, 19.383674135568651 ], [ -99.109622638571196, 19.383403442207925 ], [ -99.110893213691796, 19.38355453366303 ], [ -99.111093366219578, 19.384421763349458 ], [ -99.111368077346384, 19.384456757982051 ], [ -99.111481559545041, 19.384962541441137 ], [ -99.111665070318395, 19.385779048200863 ], [ -99.111830604128954, 19.386515561563307 ], [ -99.111962632675827, 19.387102994231082 ], [ -99.112009418489222, 19.387311156604884 ], [ -99.112123925260647, 19.387820624978442 ], [ -99.112226406666252, 19.388276586777813 ], [ -99.111947382976382, 19.388254346520352 ], [ -99.111129235615792, 19.388164466075619 ], [ -99.110656990387128, 19.38811258419997 ], [ -99.1101115389813, 19.388052658168256 ], [ -99.10972097463204, 19.388009747773914 ], [ -99.109395605635171, 19.387933281220697 ], [ -99.109241861285255, 19.38789997711206 ], [ -99.108932812880539, 19.387829169635808 ], [ -99.108424711546704, 19.387696266730476 ], [ -99.10809971724872, 19.387619227192321 ], [ -99.107118676842333, 19.387371996653673 ], [ -99.106811521523881, 19.387296687778537 ], [ -99.106450125401309, 19.387208079294265 ], [ -99.105988577854376, 19.387094914114272 ], [ -99.105465172100281, 19.386966580533411 ], [ -99.105096458789617, 19.386876028985135 ], [ -99.105046868713842, 19.386863906210426 ], [ -99.105147807610322, 19.38635400369013 ], [ -99.105174180900804, 19.386275227415794 ], [ -99.105268104503793, 19.386129975749874 ], [ -99.105272393027917, 19.386101386914422 ], [ -99.105300521645432, 19.385913871244746 ], [ -99.105354844971416, 19.385551730834415 ], [ -99.105701174430308, 19.385597945978709 ], [ -99.105722562038395, 19.385451410631045 ], [ -99.105731480409119, 19.385390307107667 ], [ -99.10581036001058, 19.385402363995045 ], [ -99.106012293376153, 19.385428745967239 ], [ -99.10649416479788, 19.385492118709404 ] ] ] ] } },
{ "type": "Feature", "properties": { "fid": 1, "ID": 1796, "ENTIDAD": 9, "DISTRITO_F": 13, "DISTRITO_L": 15, "MUNICIPIO": 6, "SECCION": 1801, "TIPO": 2, "CONTROL": 39992, "GEOMETRY1_": "Ruta 28", "CONCENTRAD": null, "CONCENTR_1": null, "CONCENTR_2": null, "CONCENTR_3": null, "CONCENTR_4": null, "CONCENTR_5": null, "CONCENTR_6": null, "CONCENTR_7": null, "CONCENTR_8": null, "CONCENTR_9": null, "CONCENTR10": null, "CONCENTR11": null, "CONCENTR12": null, "CONCENTR13": null, "CONCENTR14": null, "CONCENTR15": null, "CONCENTR16": null, "CONCENTR17": null, "CONCENTR18": null, "CONCENTR19": null, "CONCENTR20": null, "CONCENTR21": null, "CONCENTR22": null, "CONCENTR23": null, "Ruta": null, "layer": "C-Ruta 28", "path": "D:/Atlas de Riesgos 2024/SHAPE/Secciones Electorares Distrito 15/Rutas/Contornos (disolve)/C-Ruta 28.gpkg" }, "geometry": { "type": "MultiPolygon", "coordinates": [ [ [ [ -99.105039758628465, 19.382228698451218 ], [ -99.105124251238436, 19.381791125017056 ], [ -99.10534232884072, 19.381607259048675 ], [ -99.105360866764741, 19.381507238590689 ], [ -99.10537880372128, 19.381358183866524 ], [ -99.104127846633091, 19.381214301811717 ], [ -99.104218245235714, 19.380668739817835 ], [ -99.104226278141027, 19.380620260486399 ], [ -99.1047684682637, 19.380693335114998 ], [ -99.105071502420429, 19.380733084476258 ], [ -99.105448506114399, 19.380782535780035 ], [ -99.10565381522045, 19.380804945673219 ], [ -99.105709534181116, 19.380809518096289 ], [ -99.105894824970321, 19.380824723350226 ], [ -99.10602164659781, 19.380836242968385 ], [ -99.106322243180628, 19.380882917613924 ], [ -99.106716170177918, 19.380937765025557 ], [ -99.106909084231617, 19.3809591201294 ], [ -99.10716978445636, 19.380985594615499 ], [ -99.107396209700326, 19.381005686616039 ], [ -99.10798124927264, 19.381056401001455 ], [ -99.108514404179815, 19.381102616077442 ], [ -99.108684771827697, 19.381121686897462 ], [ -99.108749544531264, 19.381128937459831 ], [ -99.108824934209125, 19.381138275965771 ], [ -99.108888877505649, 19.381146318487783 ], [ -99.109158056365516, 19.381180174430469 ], [ -99.109461815964622, 19.381216945940569 ], [ -99.109927118314118, 19.381281177671976 ], [ -99.110604514749923, 19.381401687256428 ], [ -99.110614042773719, 19.38142864241474 ], [ -99.110775735257448, 19.381867102064962 ], [ -99.110816961869162, 19.382037226460845 ], [ -99.1109283103618, 19.382496711681817 ], [ -99.111028745213318, 19.382944355238994 ], [ -99.111139380982124, 19.383437461877953 ], [ -99.111311899268514, 19.384206374398698 ], [ -99.111368077346384, 19.384456757982051 ], [ -99.111093366219578, 19.384421763349458 ], [ -99.110893213691796, 19.38355453366303 ], [ -99.109622638571196, 19.383403442207925 ], [ -99.109600338189438, 19.383674135568651 ], [ -99.10963919514262, 19.383767582348376 ], [ -99.109835367872847, 19.384239354815964 ], [ -99.110048233912266, 19.38426971437805 ], [ -99.110133277445641, 19.384281843456694 ], [ -99.110047880958433, 19.384761187772789 ], [ -99.109565253688544, 19.384686475782214 ], [ -99.109081791763245, 19.384611633230978 ], [ -99.108611643549168, 19.384538850415503 ], [ -99.108136670588124, 19.384463863904141 ], [ -99.107691460759639, 19.384393575067133 ], [ -99.106883211694893, 19.384256896526022 ], [ -99.106778125219748, 19.384136049932728 ], [ -99.106419968774688, 19.383721614668751 ], [ -99.105183175586532, 19.383528725448546 ], [ -99.105233253166574, 19.383137643227673 ], [ -99.105105417440257, 19.382902166732677 ], [ -99.104982901771663, 19.382617177791975 ], [ -99.105039758628465, 19.382228698451218 ] ], [ [ -99.108523892657459, 19.382129202409804 ], [ -99.107807728535462, 19.382022392782559 ], [ -99.108523892657459, 19.382129202409892 ], [ -99.108594233041401, 19.382139692904364 ], [ -99.108523892657459, 19.382129202409804 ] ] ] ] } },
{ "type": "Feature", "properties": { "fid": 1, "ID": 1785, "ENTIDAD": 9, "DISTRITO_F": 13, "DISTRITO_L": 15, "MUNICIPIO": 6, "SECCION": 1790, "TIPO": 2, "CONTROL": 39945, "GEOMETRY1_": "Ruta 29", "CONCENTRAD": null, "CONCENTR_1": null, "CONCENTR_2": null, "CONCENTR_3": null, "CONCENTR_4": null, "CONCENTR_5": null, "CONCENTR_6": null, "CONCENTR_7": null, "CONCENTR_8": null, "CONCENTR_9": null, "CONCENTR10": null, "CONCENTR11": null, "CONCENTR12": null, "CONCENTR13": null, "CONCENTR14": null, "CONCENTR15": null, "CONCENTR16": null, "CONCENTR17": null, "CONCENTR18": null, "CONCENTR19": null, "CONCENTR20": null, "CONCENTR21": null, "CONCENTR22": null, "CONCENTR23": null, "Ruta": null, "layer": "C-Ruta 29", "path": "D:/Atlas de Riesgos 2024/SHAPE/Secciones Electorares Distrito 15/Rutas/Contornos (disolve)/C-Ruta 29.gpkg" }, "geometry": { "type": "MultiPolygon", "coordinates": [ [ [ [ -99.103027020366071, 19.380462429373345 ], [ -99.103381090010529, 19.380509378328302 ], [ -99.103441719834677, 19.380518454596448 ], [ -99.103750259518819, 19.380558328733027 ], [ -99.104226278141027, 19.380620260486399 ], [ -99.104218245235714, 19.380668739817835 ], [ -99.104127846633091, 19.381214301811717 ], [ -99.10537880372128, 19.381358183866524 ], [ -99.105360866764741, 19.381507238590689 ], [ -99.10534232884072, 19.381607259048675 ], [ -99.105124251238436, 19.381791125017056 ], [ -99.105039758628465, 19.382228698451218 ], [ -99.104982901771663, 19.382617177791975 ], [ -99.105105417440257, 19.382902166732677 ], [ -99.105233253166574, 19.383137643227673 ], [ -99.105183175586532, 19.383528725448546 ], [ -99.106419968774688, 19.383721614668751 ], [ -99.106778125219748, 19.384136049932728 ], [ -99.106762482840793, 19.384241636390968 ], [ -99.106630890343723, 19.38511139364271 ], [ -99.106568185844253, 19.385502111849881 ], [ -99.10649416479788, 19.385492118709404 ], [ -99.106012293376153, 19.385428745967239 ], [ -99.10581036001058, 19.385402363995045 ], [ -99.105731480409119, 19.385390307107667 ], [ -99.105722562038395, 19.385451410631045 ], [ -99.105701174430308, 19.385597945978709 ], [ -99.105354844971416, 19.385551730834415 ], [ -99.105300521645432, 19.385913871244746 ], [ -99.105272393027917, 19.386101386914422 ], [ -99.105268104503793, 19.386129975749874 ], [ -99.105174180900804, 19.386275227415794 ], [ -99.105147807610322, 19.38635400369013 ], [ -99.105046868713842, 19.386863906210426 ], [ -99.10469970617379, 19.386774236244481 ], [ -99.104604462974265, 19.386749636436051 ], [ -99.104236238223194, 19.386658788865279 ], [ -99.104106216433394, 19.386627507834 ], [ -99.103690151907259, 19.386527409078735 ], [ -99.103213248246234, 19.386413778240154 ], [ -99.102758515704352, 19.386305331220413 ], [ -99.102648097836209, 19.386279010113356 ], [ -99.102308385368758, 19.386198029917281 ], [ -99.102184689959898, 19.386168513167082 ], [ -99.101607050437224, 19.386030672990138 ], [ -99.100765057003684, 19.385813968122264 ], [ -99.100490150095837, 19.385749920411794 ], [ -99.100344529557844, 19.385717730330427 ], [ -99.100754303542118, 19.382649054301741 ], [ -99.10107824972809, 19.380223036037656 ], [ -99.101214683270697, 19.380232918795624 ], [ -99.101296849769085, 19.380240203704759 ], [ -99.101580631674025, 19.380270633566759 ], [ -99.103027020366071, 19.380462429373345 ] ] ] ] } },
{ "type": "Feature", "properties": { "fid": 1, "ID": 1691, "ENTIDAD": 9, "DISTRITO_F": 13, "DISTRITO_L": 15, "MUNICIPIO": 6, "SECCION": 1696, "TIPO": 2, "CONTROL": 40690, "GEOMETRY1_": "Ruta 03", "CONCENTRAD": null, "CONCENTR_1": null, "CONCENTR_2": null, "CONCENTR_3": null, "CONCENTR_4": null, "CONCENTR_5": null, "CONCENTR_6": null, "CONCENTR_7": null, "CONCENTR_8": null, "CONCENTR_9": null, "CONCENTR10": null, "CONCENTR11": null, "CONCENTR12": null, "CONCENTR13": null, "CONCENTR14": null, "CONCENTR15": null, "CONCENTR16": null, "CONCENTR17": null, "CONCENTR18": null, "CONCENTR19": null, "CONCENTR20": null, "CONCENTR21": null, "CONCENTR22": null, "CONCENTR23": null, "Ruta": null, "layer": "C-Ruta 3", "path": "D:/Atlas de Riesgos 2024/SHAPE/Secciones Electorares Distrito 15/Rutas/Contornos (disolve)/C-Ruta 3.gpkg" }, "geometry": { "type": "MultiPolygon", "coordinates": [ [ [ [ -99.126713157809718, 19.397939802573564 ], [ -99.126005923524602, 19.397966269747958 ], [ -99.125413314658189, 19.397988445114642 ], [ -99.124829493274277, 19.398010289760308 ], [ -99.123887972112612, 19.398045514375404 ], [ -99.123846975341053, 19.397812275147128 ], [ -99.123781321098051, 19.397438752953537 ], [ -99.123682015039037, 19.396873774413628 ], [ -99.123651658440778, 19.396701066855151 ], [ -99.123582860111881, 19.396309651653389 ], [ -99.123458766866619, 19.395603641459854 ], [ -99.123140187659843, 19.394122295475761 ], [ -99.122719870667751, 19.392544740964535 ], [ -99.122601997859348, 19.392168297630043 ], [ -99.123269251650072, 19.392305614825311 ], [ -99.123749686930054, 19.392404484126885 ], [ -99.124035881595745, 19.392463379778754 ], [ -99.124274021278524, 19.392512385877787 ], [ -99.124365243874422, 19.392109106148386 ], [ -99.124399208421522, 19.391986273200889 ], [ -99.124493030405489, 19.391793268903907 ], [ -99.124658470956916, 19.391583268077561 ], [ -99.124748781899967, 19.391454518690168 ], [ -99.124816447395432, 19.391269240309192 ], [ -99.125002771817165, 19.390514107050357 ], [ -99.125065899640973, 19.390517693918532 ], [ -99.125748223463944, 19.390556461556301 ], [ -99.125675317759345, 19.39111360800154 ], [ -99.125566787384756, 19.391649615249335 ], [ -99.125453813199485, 19.391999273396344 ], [ -99.125233882408011, 19.392495523043777 ], [ -99.125093206171229, 19.392812941785351 ], [ -99.125284550963514, 19.392838373493127 ], [ -99.126788533602721, 19.393105905918748 ], [ -99.12694390447372, 19.393135339267392 ], [ -99.126935068421744, 19.393279690416477 ], [ -99.126906214026462, 19.394350870037623 ], [ -99.12766240227694, 19.394365807597261 ], [ -99.12833541273011, 19.394378209177251 ], [ -99.129000492273519, 19.394377497643493 ], [ -99.128985254431555, 19.395064044886219 ], [ -99.128972577145632, 19.395505306587246 ], [ -99.128955473398008, 19.396589883740788 ], [ -99.128932741598788, 19.397725840178822 ], [ -99.1289280740762, 19.397959084570299 ], [ -99.12826938944275, 19.397982056699039 ], [ -99.127592480720949, 19.397985140882568 ], [ -99.126855245435166, 19.398009037137651 ], [ -99.126713157809718, 19.397939802573564 ] ] ] ] } },
{ "type": "Feature", "properties": { "fid": 1, "ID": 1757, "ENTIDAD": 9, "DISTRITO_F": 13, "DISTRITO_L": 15, "MUNICIPIO": 6, "SECCION": 1762, "TIPO": 2, "CONTROL": 40718, "GEOMETRY1_": "Ruta 30", "CONCENTRAD": null, "CONCENTR_1": null, "CONCENTR_2": null, "CONCENTR_3": null, "CONCENTR_4": null, "CONCENTR_5": null, "CONCENTR_6": null, "CONCENTR_7": null, "CONCENTR_8": null, "CONCENTR_9": null, "CONCENTR10": null, "CONCENTR11": null, "CONCENTR12": null, "CONCENTR13": null, "CONCENTR14": null, "CONCENTR15": null, "CONCENTR16": null, "CONCENTR17": null, "CONCENTR18": null, "CONCENTR19": null, "CONCENTR20": null, "CONCENTR21": null, "CONCENTR22": null, "CONCENTR23": null, "Ruta": null, "layer": "C-Ruta 30", "path": "D:/Atlas de Riesgos 2024/SHAPE/Secciones Electorares Distrito 15/Rutas/Contornos (disolve)/C-Ruta 30.gpkg" }, "geometry": { "type": "MultiPolygon", "coordinates": [ [ [ [ -99.10005088847636, 19.385555806627945 ], [ -99.099834907094177, 19.386989016647544 ], [ -99.099805424991132, 19.387068618755553 ], [ -99.099472799633261, 19.387966706371024 ], [ -99.099108989788206, 19.38794103052803 ], [ -99.099037581515844, 19.388816870263373 ], [ -99.098703168528729, 19.388790686828038 ], [ -99.098368755645566, 19.388764502777271 ], [ -99.098461596561506, 19.387891715591739 ], [ -99.098119722346084, 19.387864562118924 ], [ -99.097762165070208, 19.387827616524316 ], [ -99.097871183754279, 19.386548963058903 ], [ -99.098025776456481, 19.385135140035668 ], [ -99.097753367024524, 19.385074037478713 ], [ -99.097689317444122, 19.385058831880588 ], [ -99.09735673472349, 19.384980540011469 ], [ -99.097012581040573, 19.384907741371766 ], [ -99.096645203988956, 19.384825269108216 ], [ -99.097049354481769, 19.382796019079183 ], [ -99.096911848212471, 19.382772396031431 ], [ -99.097040323038527, 19.382086414409553 ], [ -99.097284957157513, 19.382124837817543 ], [ -99.097356263997497, 19.381508093251984 ], [ -99.097371966232345, 19.381372306952343 ], [ -99.097494404440965, 19.381372241383694 ], [ -99.09754938593926, 19.381375641212387 ], [ -99.09757374599657, 19.381218988097725 ], [ -99.09813276741383, 19.381314239489981 ], [ -99.098198782328197, 19.380997575334391 ], [ -99.098246136700681, 19.380724479137168 ], [ -99.098642261002396, 19.380786280733449 ], [ -99.098776259892901, 19.379993839596029 ], [ -99.099143904277639, 19.380031772189895 ], [ -99.099511548828929, 19.380069704040054 ], [ -99.100819152845219, 19.38019540939414 ], [ -99.10107824972809, 19.380223036037656 ], [ -99.100754303542118, 19.382649054301741 ], [ -99.100344529557844, 19.385717730330427 ], [ -99.100145261123046, 19.385607847009599 ], [ -99.10005088847636, 19.385555806627945 ] ] ] ] } },
{ "type": "Feature", "properties": { "fid": 1, "ID": 1789, "ENTIDAD": 9, "DISTRITO_F": 13, "DISTRITO_L": 15, "MUNICIPIO": 6, "SECCION": 1794, "TIPO": 2, "CONTROL": 40671, "GEOMETRY1_": "Ruta 31", "CONCENTRAD": null, "CONCENTR_1": null, "CONCENTR_2": null, "CONCENTR_3": null, "CONCENTR_4": null, "CONCENTR_5": null, "CONCENTR_6": null, "CONCENTR_7": null, "CONCENTR_8": null, "CONCENTR_9": null, "CONCENTR10": null, "CONCENTR11": null, "CONCENTR12": null, "CONCENTR13": null, "CONCENTR14": null, "CONCENTR15": null, "CONCENTR16": null, "CONCENTR17": null, "CONCENTR18": null, "CONCENTR19": null, "CONCENTR20": null, "CONCENTR21": null, "CONCENTR22": null, "CONCENTR23": null, "Ruta": null, "layer": "C-Ruta 31", "path": "D:/Atlas de Riesgos 2024/SHAPE/Secciones Electorares Distrito 15/Rutas/Contornos (disolve)/C-Ruta 31.gpkg" }, "geometry": { "type": "MultiPolygon", "coordinates": [ [ [ [ -99.096911848212471, 19.382772396031431 ], [ -99.097049354481769, 19.382796019079183 ], [ -99.096645203988956, 19.384825269108216 ], [ -99.096319141971577, 19.384758774270793 ], [ -99.096256448992932, 19.384747094375012 ], [ -99.096015309116879, 19.384693443156191 ], [ -99.095919980602332, 19.384673492360658 ], [ -99.095597571153732, 19.384604892527726 ], [ -99.095237369780875, 19.384530630784802 ], [ -99.094970764856001, 19.384474833073376 ], [ -99.094878343524783, 19.384455490124243 ], [ -99.094549419774111, 19.384381202093611 ], [ -99.094305499190952, 19.384333328305637 ], [ -99.094208250367544, 19.384308207102695 ], [ -99.093990779688681, 19.38426176581023 ], [ -99.093908278418539, 19.384244147426248 ], [ -99.093660585812032, 19.384193642742886 ], [ -99.09331688115239, 19.38411785162717 ], [ -99.093028912818298, 19.384056240092722 ], [ -99.092874884396352, 19.384023459657872 ], [ -99.092977762376947, 19.383861005989978 ], [ -99.093194604985513, 19.38351859058168 ], [ -99.093295238012189, 19.383359680743514 ], [ -99.093567419185504, 19.382929877012693 ], [ -99.093985023085907, 19.382270429756296 ], [ -99.094339484759786, 19.381678665405055 ], [ -99.094552877687576, 19.381322066640848 ], [ -99.094717828673737, 19.381046725505662 ], [ -99.094902085732215, 19.38073940779411 ], [ -99.095086014542886, 19.380432337463525 ], [ -99.095262709955122, 19.380137342074836 ], [ -99.095622742136257, 19.379536259632136 ], [ -99.095811479936827, 19.379625143560787 ], [ -99.096370579041235, 19.379742427914032 ], [ -99.096723855472291, 19.379784689200779 ], [ -99.097096124319876, 19.379822627039562 ], [ -99.097357217926756, 19.37984923456807 ], [ -99.097687745020451, 19.37988291737463 ], [ -99.09802598888588, 19.379917385932679 ], [ -99.098362960132846, 19.379948366575785 ], [ -99.098776259892901, 19.379993839596029 ], [ -99.098642261002396, 19.380786280733449 ], [ -99.098246136700681, 19.380724479137168 ], [ -99.098198782328197, 19.380997575334391 ], [ -99.09813276741383, 19.381314239489981 ], [ -99.09757374599657, 19.381218988097725 ], [ -99.09754938593926, 19.381375641212387 ], [ -99.097494404440965, 19.381372241383694 ], [ -99.097371966232345, 19.381372306952343 ], [ -99.097356263997497, 19.381508093251984 ], [ -99.097284957157513, 19.382124837817543 ], [ -99.097040323038527, 19.382086414409553 ], [ -99.096911848212471, 19.382772396031431 ] ] ] ] } },
{ "type": "Feature", "properties": { "fid": 1, "ID": 1747, "ENTIDAD": 9, "DISTRITO_F": 13, "DISTRITO_L": 15, "MUNICIPIO": 6, "SECCION": 1752, "TIPO": 2, "CONTROL": 39999, "GEOMETRY1_": "Ruta 32", "CONCENTRAD": null, "CONCENTR_1": null, "CONCENTR_2": null, "CONCENTR_3": null, "CONCENTR_4": null, "CONCENTR_5": null, "CONCENTR_6": null, "CONCENTR_7": null, "CONCENTR_8": null, "CONCENTR_9": null, "CONCENTR10": null, "CONCENTR11": null, "CONCENTR12": null, "CONCENTR13": null, "CONCENTR14": null, "CONCENTR15": null, "CONCENTR16": null, "CONCENTR17": null, "CONCENTR18": null, "CONCENTR19": null, "CONCENTR20": null, "CONCENTR21": null, "CONCENTR22": null, "CONCENTR23": null, "Ruta": null, "layer": "C-Ruta 32", "path": "D:/Atlas de Riesgos 2024/SHAPE/Secciones Electorares Distrito 15/Rutas/Contornos (disolve)/C-Ruta 32.gpkg" }, "geometry": { "type": "MultiPolygon", "coordinates": [ [ [ [ -99.091903413136407, 19.385569060910299 ], [ -99.092245180309192, 19.385025316618755 ], [ -99.092295573796264, 19.384945141293407 ], [ -99.092874884396352, 19.384023459657872 ], [ -99.093028912818298, 19.384056240092722 ], [ -99.09331688115239, 19.38411785162717 ], [ -99.093660585812032, 19.384193642742886 ], [ -99.093908278418539, 19.384244147426248 ], [ -99.093990779688681, 19.38426176581023 ], [ -99.094208250367544, 19.384308207102695 ], [ -99.094305499190952, 19.384333328305637 ], [ -99.094549419774111, 19.384381202093611 ], [ -99.094878343524783, 19.384455490124243 ], [ -99.094970764856001, 19.384474833073376 ], [ -99.095237369780875, 19.384530630784802 ], [ -99.095597571153732, 19.384604892527726 ], [ -99.095919980602332, 19.384673492360658 ], [ -99.096015309116879, 19.384693443156191 ], [ -99.095729364069868, 19.386371029088824 ], [ -99.095709203566742, 19.386588633617365 ], [ -99.095634965808216, 19.387653757717068 ], [ -99.095545063481111, 19.388118588792668 ], [ -99.095408644969709, 19.388574755909463 ], [ -99.095309540470026, 19.388854919209379 ], [ -99.095257086307313, 19.388842561778372 ], [ -99.094952328266999, 19.388770917261407 ], [ -99.094886363197418, 19.388755409684968 ], [ -99.094629973622347, 19.388695135394112 ], [ -99.094568430954581, 19.388680365693062 ], [ -99.094270451682689, 19.388607473575636 ], [ -99.094210818777384, 19.388593057395678 ], [ -99.093922371088183, 19.388524205925844 ], [ -99.093895876565526, 19.388517951505833 ], [ -99.093889670681563, 19.388582066694443 ], [ -99.093829918451931, 19.389199385633496 ], [ -99.093752180356645, 19.389191952766037 ], [ -99.093490647399236, 19.389167180923341 ], [ -99.093414811329893, 19.38915975885735 ], [ -99.093303012180769, 19.38914900523622 ], [ -99.093053899408659, 19.389125571302415 ], [ -99.09298643518288, 19.38911922491107 ], [ -99.092709321027272, 19.38909315638502 ], [ -99.092655233510442, 19.389593593238576 ], [ -99.092568086949939, 19.390420158989819 ], [ -99.092475837782146, 19.391286928013855 ], [ -99.092137617133446, 19.391258087551233 ], [ -99.091785062320213, 19.391226685610995 ], [ -99.091434511199694, 19.391195876647988 ], [ -99.091081378433273, 19.39116407549778 ], [ -99.090942587270845, 19.391151844712077 ], [ -99.090766873046476, 19.391084157360606 ], [ -99.090603082087071, 19.391021062798288 ], [ -99.090416575565399, 19.39094921764471 ], [ -99.090230069206655, 19.390877372298718 ], [ -99.089880455194049, 19.390747962814288 ], [ -99.089558016427063, 19.390631992896349 ], [ -99.088825077821383, 19.390361979424778 ], [ -99.08899884253664, 19.390095390866769 ], [ -99.089161130228362, 19.389848909647249 ], [ -99.089344256394938, 19.389569133810689 ], [ -99.089526139532595, 19.389291561178343 ], [ -99.089699596058168, 19.389026670555438 ], [ -99.089886107537154, 19.388741333599526 ], [ -99.090236959048141, 19.388191864853592 ], [ -99.09041066593494, 19.387919805362632 ], [ -99.090460551437772, 19.387841694403761 ], [ -99.090587333632669, 19.387643176113254 ], [ -99.090759436268485, 19.387373548513491 ], [ -99.090935423426757, 19.387098610694718 ], [ -99.091158836430793, 19.38675365181486 ], [ -99.091583313265986, 19.386078329115961 ], [ -99.091903413136407, 19.385569060910299 ] ] ] ] } },
{ "type": "Feature", "properties": { "fid": 1, "ID": 1753, "ENTIDAD": 9, "DISTRITO_F": 13, "DISTRITO_L": 15, "MUNICIPIO": 6, "SECCION": 1758, "TIPO": 2, "CONTROL": 40716, "GEOMETRY1_": "Ruta 33", "CONCENTRAD": null, "CONCENTR_1": null, "CONCENTR_2": null, "CONCENTR_3": null, "CONCENTR_4": null, "CONCENTR_5": null, "CONCENTR_6": null, "CONCENTR_7": null, "CONCENTR_8": null, "CONCENTR_9": null, "CONCENTR10": null, "CONCENTR11": null, "CONCENTR12": null, "CONCENTR13": null, "CONCENTR14": null, "CONCENTR15": null, "CONCENTR16": null, "CONCENTR17": null, "CONCENTR18": null, "CONCENTR19": null, "CONCENTR20": null, "CONCENTR21": null, "CONCENTR22": null, "CONCENTR23": null, "Ruta": null, "layer": "C-Ruta 33", "path": "D:/Atlas de Riesgos 2024/SHAPE/Secciones Electorares Distrito 15/Rutas/Contornos (disolve)/C-Ruta 33.gpkg" }, "geometry": { "type": "MultiPolygon", "coordinates": [ [ [ [ -99.095709203566742, 19.386588633617365 ], [ -99.095729364069868, 19.386371029088824 ], [ -99.096015309116879, 19.384693443156191 ], [ -99.096256448992932, 19.384747094375012 ], [ -99.096319141971577, 19.384758774270793 ], [ -99.096645203988956, 19.384825269108216 ], [ -99.097012581040573, 19.384907741371766 ], [ -99.09735673472349, 19.384980540011469 ], [ -99.097689317444122, 19.385058831880588 ], [ -99.097753367024524, 19.385074037478713 ], [ -99.098025776456481, 19.385135140035668 ], [ -99.097871183754279, 19.386548963058903 ], [ -99.097762165070208, 19.387827616524316 ], [ -99.098119722346084, 19.387864562118924 ], [ -99.098461596561506, 19.387891715591739 ], [ -99.098368755645566, 19.388764502777271 ], [ -99.098703168528729, 19.388790686828038 ], [ -99.099037581515844, 19.388816870263373 ], [ -99.099108989788206, 19.38794103052803 ], [ -99.099472799633261, 19.387966706371024 ], [ -99.099397287646227, 19.388854576088285 ], [ -99.09931424581643, 19.389684088994166 ], [ -99.099007681918437, 19.389658883870858 ], [ -99.098637304355719, 19.389628699614772 ], [ -99.09829352717847, 19.389600649734902 ], [ -99.097934716574514, 19.389570644733645 ], [ -99.097591545443024, 19.389542443875129 ], [ -99.097235342865403, 19.389513071330182 ], [ -99.096887748594398, 19.389477759851022 ], [ -99.096540301298916, 19.389442642506712 ], [ -99.096455465417833, 19.389949024640288 ], [ -99.096132237110467, 19.389919405392082 ], [ -99.096068454194452, 19.389911958708073 ], [ -99.095760346048678, 19.3898834958244 ], [ -99.095816255777379, 19.38939457664609 ], [ -99.095450602108642, 19.389363470564597 ], [ -99.095246493085611, 19.389342660568666 ], [ -99.095180050900908, 19.389335886385428 ], [ -99.094878382515105, 19.389305129153364 ], [ -99.094825053647284, 19.389299691843707 ], [ -99.094523886453203, 19.389268985110359 ], [ -99.09446245929702, 19.389262721990661 ], [ -99.094177921422954, 19.389233710200163 ], [ -99.094107771935256, 19.389226557612233 ], [ -99.093829918451931, 19.389199385633496 ], [ -99.093889670681563, 19.388582066694443 ], [ -99.093895876565526, 19.388517951505833 ], [ -99.093922371088183, 19.388524205925844 ], [ -99.094210818777384, 19.388593057395678 ], [ -99.094270451682689, 19.388607473575636 ], [ -99.094568430954581, 19.388680365693062 ], [ -99.094629973622347, 19.388695135394112 ], [ -99.094886363197418, 19.388755409684968 ], [ -99.094952328266999, 19.388770917261407 ], [ -99.095257086307313, 19.388842561778372 ], [ -99.095309540470026, 19.388854919209379 ], [ -99.095408644969709, 19.388574755909463 ], [ -99.095545063481111, 19.388118588792668 ], [ -99.095634965808216, 19.387653757717068 ], [ -99.095709203566742, 19.386588633617365 ] ] ] ] } },
{ "type": "Feature", "properties": { "fid": 1, "ID": 1708, "ENTIDAD": 9, "DISTRITO_F": 13, "DISTRITO_L": 15, "MUNICIPIO": 6, "SECCION": 1713, "TIPO": 2, "CONTROL": 39997, "GEOMETRY1_": "Ruta 34", "CONCENTRAD": null, "CONCENTR_1": null, "CONCENTR_2": null, "CONCENTR_3": null, "CONCENTR_4": null, "CONCENTR_5": null, "CONCENTR_6": null, "CONCENTR_7": null, "CONCENTR_8": null, "CONCENTR_9": null, "CONCENTR10": null, "CONCENTR11": null, "CONCENTR12": null, "CONCENTR13": null, "CONCENTR14": null, "CONCENTR15": null, "CONCENTR16": null, "CONCENTR17": null, "CONCENTR18": null, "CONCENTR19": null, "CONCENTR20": null, "CONCENTR21": null, "CONCENTR22": null, "CONCENTR23": null, "Ruta": null, "layer": "C-Ruta 34", "path": "D:/Atlas de Riesgos 2024/SHAPE/Secciones Electorares Distrito 15/Rutas/Contornos (disolve)/C-Ruta 34.gpkg" }, "geometry": { "type": "MultiPolygon", "coordinates": [ [ [ [ -99.092475837782146, 19.391286928013855 ], [ -99.092568086949939, 19.390420158989819 ], [ -99.092655233510442, 19.389593593238576 ], [ -99.092709321027272, 19.38909315638502 ], [ -99.09298643518288, 19.38911922491107 ], [ -99.093053899408659, 19.389125571302415 ], [ -99.093303012180769, 19.38914900523622 ], [ -99.093414811329893, 19.38915975885735 ], [ -99.093490647399236, 19.389167180923341 ], [ -99.093752180356645, 19.389191952766037 ], [ -99.093829918451931, 19.389199385633496 ], [ -99.094107771935256, 19.389226557612233 ], [ -99.094177921422954, 19.389233710200163 ], [ -99.09446245929702, 19.389262721990661 ], [ -99.094523886453203, 19.389268985110359 ], [ -99.094825053647284, 19.389299691843707 ], [ -99.094878382515105, 19.389305129153364 ], [ -99.095180050900908, 19.389335886385428 ], [ -99.095246493085611, 19.389342660568666 ], [ -99.095450602108642, 19.389363470564597 ], [ -99.095816255777379, 19.38939457664609 ], [ -99.095760346048678, 19.3898834958244 ], [ -99.096068454194452, 19.389911958708073 ], [ -99.096132237110467, 19.389919405392082 ], [ -99.096455465417833, 19.389949024640288 ], [ -99.096540301298916, 19.389442642506712 ], [ -99.096887748594398, 19.389477759851022 ], [ -99.097235342865403, 19.389513071330182 ], [ -99.097211142320944, 19.390024650653491 ], [ -99.097142259865393, 19.390017965432424 ], [ -99.097056241710007, 19.39082664085149 ], [ -99.096961050103118, 19.391686828389727 ], [ -99.096610191266677, 19.391655645967365 ], [ -99.096260309620945, 19.391624549706101 ], [ -99.095907660045057, 19.391593206747377 ], [ -99.095864066543413, 19.392076219562721 ], [ -99.095607116865864, 19.392050751266272 ], [ -99.095528588237144, 19.392918813091569 ], [ -99.095180505471902, 19.392882978454637 ], [ -99.094831997579504, 19.392851450641796 ], [ -99.09475119922169, 19.393713569891126 ], [ -99.094393283266243, 19.393680665979545 ], [ -99.094043105135555, 19.393649117560553 ], [ -99.093697449034309, 19.393606756074941 ], [ -99.09334926419659, 19.393572249663112 ], [ -99.093001079502571, 19.393537742583828 ], [ -99.092632825642212, 19.39350997956354 ], [ -99.092709956565827, 19.392652587452073 ], [ -99.092788789587246, 19.391813266075321 ], [ -99.092843067833726, 19.391318241417416 ], [ -99.092475837782146, 19.391286928013855 ] ] ] ] } },
{ "type": "Feature", "properties": { "fid": 1, "ID": 1702, "ENTIDAD": 9, "DISTRITO_F": 13, "DISTRITO_L": 15, "MUNICIPIO": 6, "SECCION": 1707, "TIPO": 2, "CONTROL": 40730, "GEOMETRY1_": "Ruta 35", "CONCENTRAD": null, "CONCENTR_1": null, "CONCENTR_2": null, "CONCENTR_3": null, "CONCENTR_4": null, "CONCENTR_5": null, "CONCENTR_6": null, "CONCENTR_7": null, "CONCENTR_8": null, "CONCENTR_9": null, "CONCENTR10": null, "CONCENTR11": null, "CONCENTR12": null, "CONCENTR13": null, "CONCENTR14": null, "CONCENTR15": null, "CONCENTR16": null, "CONCENTR17": null, "CONCENTR18": null, "CONCENTR19": null, "CONCENTR20": null, "CONCENTR21": null, "CONCENTR22": null, "CONCENTR23": null, "Ruta": null, "layer": "C-Ruta 35", "path": "D:/Atlas de Riesgos 2024/SHAPE/Secciones Electorares Distrito 15/Rutas/Contornos (disolve)/C-Ruta 35.gpkg" }, "geometry": { "type": "MultiPolygon", "coordinates": [ [ [ [ -99.097056241710007, 19.39082664085149 ], [ -99.097142259865393, 19.390017965432424 ], [ -99.097211142320944, 19.390024650653491 ], [ -99.097235342865403, 19.389513071330182 ], [ -99.097591545443024, 19.389542443875129 ], [ -99.097934716574514, 19.389570644733645 ], [ -99.09829352717847, 19.389600649734902 ], [ -99.098637304355719, 19.389628699614772 ], [ -99.099007681918437, 19.389658883870858 ], [ -99.09931424581643, 19.389684088994166 ], [ -99.099261847180628, 19.390208436375652 ], [ -99.099186601340364, 19.391019545176253 ], [ -99.09909823486899, 19.391916497235904 ], [ -99.099047010887773, 19.392391675342637 ], [ -99.099397677956546, 19.392424346950513 ], [ -99.099541885884832, 19.392437782585407 ], [ -99.100207114259121, 19.392499759398316 ], [ -99.100121491456889, 19.393370848579117 ], [ -99.100038942031986, 19.394210661885527 ], [ -99.099993983221594, 19.394713145477965 ], [ -99.099971515108848, 19.394896620703861 ], [ -99.099906063027447, 19.395563408662106 ], [ -99.099822818478259, 19.396409345993018 ], [ -99.099708291029515, 19.396486418527061 ], [ -99.099589014337994, 19.396604263426877 ], [ -99.099421992568097, 19.396713074398097 ], [ -99.099359029775869, 19.396771559318939 ], [ -99.099207286044859, 19.39691251087579 ], [ -99.098944070201156, 19.396881596046502 ], [ -99.098856971387306, 19.396871366161736 ], [ -99.098769872584128, 19.396861136235181 ], [ -99.09849689042737, 19.396829073662694 ], [ -99.098074512375831, 19.396779463261488 ], [ -99.097745553711619, 19.396740824730365 ], [ -99.097455146831464, 19.396706713869946 ], [ -99.097149327327472, 19.396670792143095 ], [ -99.095483351619194, 19.39647509640335 ], [ -99.095351099445679, 19.39645604452404 ], [ -99.095216636472159, 19.396436674059732 ], [ -99.094982046513607, 19.396402879254921 ], [ -99.094604866634754, 19.396335126162427 ], [ -99.094380460592589, 19.396280882995747 ], [ -99.09411306852428, 19.396190421945303 ], [ -99.093955502978289, 19.39614520360773 ], [ -99.093797921946646, 19.396072805244874 ], [ -99.093850141657242, 19.39556089023732 ], [ -99.094192942920671, 19.395592265700291 ], [ -99.094393283266243, 19.393680665979545 ], [ -99.09475119922169, 19.393713569891126 ], [ -99.094831997579504, 19.392851450641796 ], [ -99.095180505471902, 19.392882978454637 ], [ -99.095528588237144, 19.392918813091569 ], [ -99.095607116865864, 19.392050751266272 ], [ -99.095864066543413, 19.392076219562721 ], [ -99.095907660045057, 19.391593206747377 ], [ -99.096260309620945, 19.391624549706101 ], [ -99.096610191266677, 19.391655645967365 ], [ -99.096961050103118, 19.391686828389727 ], [ -99.097056241710007, 19.39082664085149 ] ] ] ] } },
{ "type": "Feature", "properties": { "fid": 1, "ID": 1703, "ENTIDAD": 9, "DISTRITO_F": 13, "DISTRITO_L": 15, "MUNICIPIO": 6, "SECCION": 1708, "TIPO": 2, "CONTROL": 40732, "GEOMETRY1_": "Ruta 36", "CONCENTRAD": null, "CONCENTR_1": null, "CONCENTR_2": null, "CONCENTR_3": null, "CONCENTR_4": null, "CONCENTR_5": null, "CONCENTR_6": null, "CONCENTR_7": null, "CONCENTR_8": null, "CONCENTR_9": null, "CONCENTR10": null, "CONCENTR11": null, "CONCENTR12": null, "CONCENTR13": null, "CONCENTR14": null, "CONCENTR15": null, "CONCENTR16": null, "CONCENTR17": null, "CONCENTR18": null, "CONCENTR19": null, "CONCENTR20": null, "CONCENTR21": null, "CONCENTR22": null, "CONCENTR23": null, "Ruta": null, "layer": "C-Ruta 36", "path": "D:/Atlas de Riesgos 2024/SHAPE/Secciones Electorares Distrito 15/Rutas/Contornos (disolve)/C-Ruta 36.gpkg" }, "geometry": { "type": "MultiPolygon", "coordinates": [ [ [ [ -99.088581222080236, 19.390732030198812 ], [ -99.088825077821383, 19.390361979424778 ], [ -99.089558016427063, 19.390631992896349 ], [ -99.089880455194049, 19.390747962814288 ], [ -99.090230069206655, 19.390877372298718 ], [ -99.090416575565399, 19.39094921764471 ], [ -99.090603082087071, 19.391021062798288 ], [ -99.090766873046476, 19.391084157360606 ], [ -99.090942587270845, 19.391151844712077 ], [ -99.091081378433273, 19.39116407549778 ], [ -99.091434511199694, 19.391195876647988 ], [ -99.091785062320213, 19.391226685610995 ], [ -99.092137617133446, 19.391258087551233 ], [ -99.092475837782146, 19.391286928013855 ], [ -99.092843067833726, 19.391318241417416 ], [ -99.092788789587246, 19.391813266075321 ], [ -99.092709956565827, 19.392652587452073 ], [ -99.092632825642212, 19.39350997956354 ], [ -99.093001079502571, 19.393537742583828 ], [ -99.09334926419659, 19.393572249663112 ], [ -99.093697449034309, 19.393606756074941 ], [ -99.094043105135555, 19.393649117560553 ], [ -99.094393283266243, 19.393680665979545 ], [ -99.094192942920671, 19.395592265700291 ], [ -99.093850141657242, 19.39556089023732 ], [ -99.093797921946646, 19.396072805244874 ], [ -99.093445085773169, 19.39589810202278 ], [ -99.093117048020304, 19.39570931390692 ], [ -99.092787337021591, 19.395491648367983 ], [ -99.092449047287133, 19.395262299873608 ], [ -99.092096239766605, 19.395023107468628 ], [ -99.091772376688013, 19.394803537258881 ], [ -99.091437437340858, 19.394576456410768 ], [ -99.091105336440535, 19.394351767164427 ], [ -99.090776760715073, 19.39413384525 ], [ -99.090448436794304, 19.393916209170392 ], [ -99.09011605456611, 19.39369588175947 ], [ -99.089850622927216, 19.393519933260123 ], [ -99.089307742528689, 19.393163406442838 ], [ -99.088479221530292, 19.39261928420493 ], [ -99.088430468776025, 19.392587265303227 ], [ -99.087801019418492, 19.392173843370948 ], [ -99.088288663220368, 19.391448368731737 ], [ -99.088724290268885, 19.390772487815628 ], [ -99.088581222080236, 19.390732030198812 ] ] ] ] } },
{ "type": "Feature", "properties": { "fid": 1, "ID": 1668, "ENTIDAD": 9, "DISTRITO_F": 13, "DISTRITO_L": 15, "MUNICIPIO": 6, "SECCION": 1673, "TIPO": 2, "CONTROL": 40783, "GEOMETRY1_": "Ruta 37", "CONCENTRAD": null, "CONCENTR_1": null, "CONCENTR_2": null, "CONCENTR_3": null, "CONCENTR_4": null, "CONCENTR_5": null, "CONCENTR_6": null, "CONCENTR_7": null, "CONCENTR_8": null, "CONCENTR_9": null, "CONCENTR10": null, "CONCENTR11": null, "CONCENTR12": null, "CONCENTR13": null, "CONCENTR14": null, "CONCENTR15": null, "CONCENTR16": null, "CONCENTR17": null, "CONCENTR18": null, "CONCENTR19": null, "CONCENTR20": null, "CONCENTR21": null, "CONCENTR22": null, "CONCENTR23": null, "Ruta": null, "layer": "C-Ruta 37", "path": "D:/Atlas de Riesgos 2024/SHAPE/Secciones Electorares Distrito 15/Rutas/Contornos (disolve)/C-Ruta 37.gpkg" }, "geometry": { "type": "MultiPolygon", "coordinates": [ [ [ [ -99.088013095473272, 19.394594321000831 ], [ -99.087399874260015, 19.394266166081184 ], [ -99.086677259001647, 19.393879466429954 ], [ -99.087801019418492, 19.392173843370948 ], [ -99.088430468776025, 19.392587265303227 ], [ -99.088479221530292, 19.39261928420493 ], [ -99.089307742528689, 19.393163406442838 ], [ -99.089850622927216, 19.393519933260123 ], [ -99.09011605456611, 19.39369588175947 ], [ -99.090448436794304, 19.393916209170392 ], [ -99.090776760715073, 19.39413384525 ], [ -99.091105336440535, 19.394351767164427 ], [ -99.091437437340858, 19.394576456410768 ], [ -99.091772376688013, 19.394803537258881 ], [ -99.092096239766605, 19.395023107468628 ], [ -99.092449047287133, 19.395262299873608 ], [ -99.092787337021591, 19.395491648367983 ], [ -99.093117048020304, 19.39570931390692 ], [ -99.093445085773169, 19.39589810202278 ], [ -99.093797921946646, 19.396072805244874 ], [ -99.093955502978289, 19.39614520360773 ], [ -99.09411306852428, 19.396190421945303 ], [ -99.094380460592589, 19.396280882995747 ], [ -99.094604866634754, 19.396335126162427 ], [ -99.094982046513607, 19.396402879254921 ], [ -99.095216636472159, 19.396436674059732 ], [ -99.095351099445679, 19.39645604452404 ], [ -99.095483351619194, 19.39647509640335 ], [ -99.097149327327472, 19.396670792143095 ], [ -99.097455146831464, 19.396706713869946 ], [ -99.097745553711619, 19.396740824730365 ], [ -99.098074512375831, 19.396779463261488 ], [ -99.09849689042737, 19.396829073662694 ], [ -99.098350807614736, 19.397846494964277 ], [ -99.098204870823736, 19.398787730387848 ], [ -99.098068187692391, 19.399820274260172 ], [ -99.094988291138705, 19.399387807340954 ], [ -99.094006638523922, 19.399251380294359 ], [ -99.092611119196931, 19.399071049182922 ], [ -99.08900744818547, 19.398605325949973 ], [ -99.088869317109868, 19.398495626606088 ], [ -99.088731399602736, 19.398386077253541 ], [ -99.088567522474193, 19.398194189390221 ], [ -99.088490324313014, 19.397956552592053 ], [ -99.088490195835263, 19.397718878259507 ], [ -99.088509401418804, 19.397604602372546 ], [ -99.088528606975856, 19.397490326482231 ], [ -99.088576711019499, 19.397371465850245 ], [ -99.088749938522611, 19.397042293728855 ], [ -99.088809513351109, 19.396953359377424 ], [ -99.089086842406502, 19.396539356153149 ], [ -99.089117015164561, 19.396494395990352 ], [ -99.08923870197799, 19.39631307123188 ], [ -99.08934519942666, 19.396110698486726 ], [ -99.089419706045632, 19.395893167377348 ], [ -99.089403562993581, 19.395614984690578 ], [ -99.089355506843816, 19.395463267968552 ], [ -99.089296812132304, 19.39535202054871 ], [ -99.089187672666696, 19.395222866543417 ], [ -99.088626319138484, 19.394922473830889 ], [ -99.088013095473272, 19.394594321000831 ] ] ] ] } },
{ "type": "Feature", "properties": { "fid": 1, "ID": 1672, "ENTIDAD": 9, "DISTRITO_F": 13, "DISTRITO_L": 15, "MUNICIPIO": 6, "SECCION": 1677, "TIPO": 2, "CONTROL": 40809, "GEOMETRY1_": "Ruta 38", "CONCENTRAD": null, "CONCENTR_1": null, "CONCENTR_2": null, "CONCENTR_3": null, "CONCENTR_4": null, "CONCENTR_5": null, "CONCENTR_6": null, "CONCENTR_7": null, "CONCENTR_8": null, "CONCENTR_9": null, "CONCENTR10": null, "CONCENTR11": null, "CONCENTR12": null, "CONCENTR13": null, "CONCENTR14": null, "CONCENTR15": null, "CONCENTR16": null, "CONCENTR17": null, "CONCENTR18": null, "CONCENTR19": null, "CONCENTR20": null, "CONCENTR21": null, "CONCENTR22": null, "CONCENTR23": null, "Ruta": null, "layer": "C-Ruta 38", "path": "D:/Atlas de Riesgos 2024/SHAPE/Secciones Electorares Distrito 15/Rutas/Contornos (disolve)/C-Ruta 38.gpkg" }, "geometry": { "type": "MultiPolygon", "coordinates": [ [ [ [ -99.092611119196931, 19.399071049182922 ], [ -99.094006638523922, 19.399251380294359 ], [ -99.094988291138705, 19.399387807340954 ], [ -99.094977374553253, 19.399436814644829 ], [ -99.094887053925149, 19.399842285563683 ], [ -99.093970489016186, 19.399696269823011 ], [ -99.093812834038033, 19.39967115369674 ], [ -99.093597722566599, 19.400102174482416 ], [ -99.097303502612647, 19.400686537637299 ], [ -99.097897371228512, 19.40077734063857 ], [ -99.09775354923012, 19.401722437815518 ], [ -99.097599865713093, 19.402732325866225 ], [ -99.097920504835557, 19.402772460192867 ], [ -99.097518343642548, 19.405040270934208 ], [ -99.09746849668204, 19.405302195440392 ], [ -99.097392687475363, 19.405630557184196 ], [ -99.097259046800829, 19.406249314731006 ], [ -99.097199030208429, 19.406590590096432 ], [ -99.097101956574861, 19.407075639126617 ], [ -99.096982517156064, 19.407672439549835 ], [ -99.096914367154895, 19.408271919400217 ], [ -99.096901505816703, 19.408385053363642 ], [ -99.096910803198071, 19.408805722588891 ], [ -99.097016736805685, 19.409134167309798 ], [ -99.097034464494598, 19.409189131465617 ], [ -99.096468583223725, 19.409164739633461 ], [ -99.096250877784428, 19.409155355153757 ], [ -99.094378810159185, 19.408898126014471 ], [ -99.093965479591049, 19.408841026339807 ], [ -99.093768340619661, 19.408813792172225 ], [ -99.093072844349152, 19.408721305774765 ], [ -99.092726099774737, 19.408675194994178 ], [ -99.092016432351443, 19.408577417981952 ], [ -99.091895321781564, 19.408568162391813 ], [ -99.091212761199657, 19.408478443151623 ], [ -99.090391755686682, 19.408366342018315 ], [ -99.09028458196633, 19.408351708097381 ], [ -99.087489456258055, 19.407924007295989 ], [ -99.085560204289095, 19.407657125169262 ], [ -99.083630958529625, 19.407390222529262 ], [ -99.081556691943035, 19.407109739505298 ], [ -99.081222558519542, 19.407057548407916 ], [ -99.081013033635344, 19.407032159232664 ], [ -99.080668411037308, 19.406990399050606 ], [ -99.080189547239144, 19.406933706612786 ], [ -99.079835884991653, 19.406908113797051 ], [ -99.079455889163114, 19.406959791481075 ], [ -99.079043565511057, 19.40704418260081 ], [ -99.078921546530822, 19.407033683783578 ], [ -99.078770515651755, 19.407036036253327 ], [ -99.078660056608356, 19.407032740629457 ], [ -99.078440103940636, 19.407030351196074 ], [ -99.078205773444807, 19.407077657701173 ], [ -99.078096435844557, 19.407129754251176 ], [ -99.078037959688842, 19.407070385519361 ], [ -99.077997272381367, 19.407029077126669 ], [ -99.078357490989433, 19.406448014097023 ], [ -99.078425745557212, 19.406498744329493 ], [ -99.078529031576707, 19.406588818539237 ], [ -99.078916941396628, 19.405987104492482 ], [ -99.080029868984766, 19.404266487109403 ], [ -99.080389546978537, 19.403724792344963 ], [ -99.080751962105552, 19.40315158199024 ], [ -99.081591969682762, 19.401837537462672 ], [ -99.08175928124939, 19.401584527749144 ], [ -99.082571877380431, 19.400341676755808 ], [ -99.082950938518024, 19.39976190191598 ], [ -99.083408931619687, 19.39906139390526 ], [ -99.08499890136433, 19.3965522615187 ], [ -99.086005175867157, 19.394930094941643 ], [ -99.086677259001647, 19.393879466429954 ], [ -99.087399874260015, 19.394266166081184 ], [ -99.088013095473272, 19.394594321000831 ], [ -99.088626319138484, 19.394922473830889 ], [ -99.089187672666696, 19.395222866543417 ], [ -99.089296812132304, 19.39535202054871 ], [ -99.089355506843816, 19.395463267968552 ], [ -99.089403562993581, 19.395614984690578 ], [ -99.089419706045632, 19.395893167377348 ], [ -99.08934519942666, 19.396110698486726 ], [ -99.08923870197799, 19.39631307123188 ], [ -99.089117015164561, 19.396494395990352 ], [ -99.089086842406502, 19.396539356153149 ], [ -99.088809513351109, 19.396953359377424 ], [ -99.088749938522611, 19.397042293728855 ], [ -99.088576711019499, 19.397371465850245 ], [ -99.088528606975856, 19.397490326482231 ], [ -99.088509401418804, 19.397604602372546 ], [ -99.088490195835263, 19.397718878259507 ], [ -99.088490324313014, 19.397956552592053 ], [ -99.088567522474193, 19.398194189390221 ], [ -99.088731399602736, 19.398386077253541 ], [ -99.088869317109868, 19.398495626606088 ], [ -99.08900744818547, 19.398605325949973 ], [ -99.092611119196931, 19.399071049182922 ] ] ] ] } },
{ "type": "Feature", "properties": { "fid": 1, "ID": 1868, "ENTIDAD": 9, "DISTRITO_F": 13, "DISTRITO_L": 15, "MUNICIPIO": 6, "SECCION": 1873, "TIPO": 2, "CONTROL": 40332, "GEOMETRY1_": "Ruta 39", "CONCENTRAD": null, "CONCENTR_1": null, "CONCENTR_2": null, "CONCENTR_3": null, "CONCENTR_4": null, "CONCENTR_5": null, "CONCENTR_6": null, "CONCENTR_7": null, "CONCENTR_8": null, "CONCENTR_9": null, "CONCENTR10": null, "CONCENTR11": null, "CONCENTR12": null, "CONCENTR13": null, "CONCENTR14": null, "CONCENTR15": null, "CONCENTR16": null, "CONCENTR17": null, "CONCENTR18": null, "CONCENTR19": null, "CONCENTR20": null, "CONCENTR21": null, "CONCENTR22": null, "CONCENTR23": null, "Ruta": null, "layer": "C-Ruta 39", "path": "D:/Atlas de Riesgos 2024/SHAPE/Secciones Electorares Distrito 15/Rutas/Contornos (disolve)/C-Ruta 39.gpkg" }, "geometry": { "type": "MultiPolygon", "coordinates": [ [ [ [ -99.084222704736831, 19.391506812658548 ], [ -99.084303053298612, 19.391065470836924 ], [ -99.08431287714437, 19.391014968689294 ], [ -99.084379841689582, 19.390670718412409 ], [ -99.084389866638617, 19.390619182186288 ], [ -99.08451192050633, 19.389953648473114 ], [ -99.084599885771496, 19.389432482985384 ], [ -99.084847054512622, 19.389671894255393 ], [ -99.086510690927355, 19.390052796507142 ], [ -99.086745468057458, 19.390156277991881 ], [ -99.086853149803488, 19.390234569880263 ], [ -99.088383242666254, 19.390673286233021 ], [ -99.088449985691639, 19.39069242280037 ], [ -99.088581222080236, 19.390732030198812 ], [ -99.088724290268885, 19.390772487815628 ], [ -99.088288663220368, 19.391448368731737 ], [ -99.087801019418492, 19.392173843370948 ], [ -99.086677259001647, 19.393879466429954 ], [ -99.086005175867157, 19.394930094941643 ], [ -99.08499890136433, 19.3965522615187 ], [ -99.084925406704272, 19.396509635965653 ], [ -99.084842291493004, 19.396461430606795 ], [ -99.084783956143553, 19.396427597091446 ], [ -99.08348480466681, 19.395674102702149 ], [ -99.083553664978524, 19.395295983764754 ], [ -99.083770466253441, 19.394067876845149 ], [ -99.083781514905127, 19.394005289419376 ], [ -99.083835331211688, 19.393700434869132 ], [ -99.083420960171168, 19.393631884945545 ], [ -99.082957513395655, 19.393555215173183 ], [ -99.08250427540807, 19.393480233066374 ], [ -99.082039329377565, 19.393403047859028 ], [ -99.081563784776193, 19.393324556671939 ], [ -99.081941700513312, 19.391569381015515 ], [ -99.082128067308517, 19.391667119084982 ], [ -99.082391433280108, 19.391805238020375 ], [ -99.08245260847184, 19.39184118804102 ], [ -99.082811644885126, 19.39202207314165 ], [ -99.083168520235731, 19.392211395555513 ], [ -99.083235406715929, 19.392242583256749 ], [ -99.0836068640278, 19.392435874711158 ], [ -99.083660385189361, 19.392463724871629 ], [ -99.084014906803773, 19.392648202362874 ], [ -99.084038275503687, 19.392521748803546 ], [ -99.084152845243111, 19.391901781998655 ], [ -99.084222704736831, 19.391506812658548 ] ] ] ] } },
{ "type": "Feature", "properties": { "fid": 1, "ID": 1768, "ENTIDAD": 9, "DISTRITO_F": 13, "DISTRITO_L": 15, "MUNICIPIO": 6, "SECCION": 1773, "TIPO": 2, "CONTROL": 40656, "GEOMETRY1_": "Ruta 04", "CONCENTRAD": null, "CONCENTR_1": null, "CONCENTR_2": null, "CONCENTR_3": null, "CONCENTR_4": null, "CONCENTR_5": null, "CONCENTR_6": null, "CONCENTR_7": null, "CONCENTR_8": null, "CONCENTR_9": null, "CONCENTR10": null, "CONCENTR11": null, "CONCENTR12": null, "CONCENTR13": null, "CONCENTR14": null, "CONCENTR15": null, "CONCENTR16": null, "CONCENTR17": null, "CONCENTR18": null, "CONCENTR19": null, "CONCENTR20": null, "CONCENTR21": null, "CONCENTR22": null, "CONCENTR23": null, "Ruta": null, "layer": "C-Ruta 4", "path": "D:/Atlas de Riesgos 2024/SHAPE/Secciones Electorares Distrito 15/Rutas/Contornos (disolve)/C-Ruta 4.gpkg" }, "geometry": { "type": "MultiPolygon", "coordinates": [ [ [ [ -99.129421380679062, 19.38793718962668 ], [ -99.129477204754323, 19.385897174793744 ], [ -99.129857567110619, 19.385934856722717 ], [ -99.129872470055233, 19.385613152889334 ], [ -99.130238255278513, 19.385669253866691 ], [ -99.130604040747684, 19.385725354106768 ], [ -99.131065414683533, 19.385796113572251 ], [ -99.131019330134194, 19.386059228232067 ], [ -99.131462709051036, 19.386134811597859 ], [ -99.131976524743592, 19.386220390228619 ], [ -99.132480646446723, 19.386299420841699 ], [ -99.132894054726762, 19.386362818025209 ], [ -99.133289060692789, 19.386432900717185 ], [ -99.133422946866361, 19.385758120121572 ], [ -99.133807878138001, 19.385778278702077 ], [ -99.133647117372504, 19.386508174574242 ], [ -99.133543864067761, 19.386976968068915 ], [ -99.133450135772492, 19.387402513494909 ], [ -99.133217077238029, 19.388460657571795 ], [ -99.13303541864731, 19.389286063808317 ], [ -99.132817516334256, 19.390276140321973 ], [ -99.132614614373324, 19.391230596484654 ], [ -99.1324904813888, 19.391218687054501 ], [ -99.132172043881667, 19.392555673059569 ], [ -99.132105535585225, 19.392896174539377 ], [ -99.132083631774975, 19.393008314819639 ], [ -99.131975752994876, 19.393484386544465 ], [ -99.131736153308921, 19.394577151047294 ], [ -99.131485900039323, 19.395623930221603 ], [ -99.131395129178188, 19.396052958660221 ], [ -99.13117921118014, 19.39658559306045 ], [ -99.131023279472728, 19.396917999566341 ], [ -99.130739978827862, 19.397193008509518 ], [ -99.130381909263022, 19.39742331782497 ], [ -99.130171511458244, 19.397551120343671 ], [ -99.129978539173209, 19.397658492087672 ], [ -99.129543286812051, 19.397856009995504 ], [ -99.129148674753637, 19.397951456920108 ], [ -99.1289280740762, 19.397959084570299 ], [ -99.128932741598788, 19.397725840178822 ], [ -99.128955473398008, 19.396589883740788 ], [ -99.128972577145632, 19.395505306587246 ], [ -99.128985254431555, 19.395064044886219 ], [ -99.129000492273519, 19.394377497643493 ], [ -99.129046346705408, 19.393277019736427 ], [ -99.129084287754907, 19.392159404254187 ], [ -99.129091529004455, 19.390887718153316 ], [ -99.129332016795772, 19.390910554905552 ], [ -99.129379319999856, 19.389328308676916 ], [ -99.129421380679062, 19.38793718962668 ] ] ], [ [ [ -99.12833340550857, 19.389462204770957 ], [ -99.128337754572897, 19.389223023834216 ], [ -99.128339805642909, 19.389110223081545 ], [ -99.128369059368424, 19.387765797951364 ], [ -99.12842561508009, 19.385961303233195 ], [ -99.128902925174515, 19.385950819021158 ], [ -99.129252802681904, 19.385950583670926 ], [ -99.129186004166485, 19.387907233248598 ], [ -99.129138914229074, 19.389606139411079 ], [ -99.128746087240145, 19.389594710863776 ], [ -99.128407163430921, 19.389584849842738 ], [ -99.12833340550857, 19.389462204770957 ] ] ] ] } },
{ "type": "Feature", "properties": { "fid": 1, "ID": 1865, "ENTIDAD": 9, "DISTRITO_F": 13, "DISTRITO_L": 15, "MUNICIPIO": 6, "SECCION": 1870, "TIPO": 2, "CONTROL": 40026, "GEOMETRY1_": "Ruta 40", "CONCENTRAD": null, "CONCENTR_1": null, "CONCENTR_2": null, "CONCENTR_3": null, "CONCENTR_4": null, "CONCENTR_5": null, "CONCENTR_6": null, "CONCENTR_7": null, "CONCENTR_8": null, "CONCENTR_9": null, "CONCENTR10": null, "CONCENTR11": null, "CONCENTR12": null, "CONCENTR13": null, "CONCENTR14": null, "CONCENTR15": null, "CONCENTR16": null, "CONCENTR17": null, "CONCENTR18": null, "CONCENTR19": null, "CONCENTR20": null, "CONCENTR21": null, "CONCENTR22": null, "CONCENTR23": null, "Ruta": null, "layer": "C-Ruta 40", "path": "D:/Atlas de Riesgos 2024/SHAPE/Secciones Electorares Distrito 15/Rutas/Contornos (disolve)/C-Ruta 40.gpkg" }, "geometry": { "type": "MultiPolygon", "coordinates": [ [ [ [ -99.078402492357981, 19.38974531440811 ], [ -99.078827346205031, 19.389961292531087 ], [ -99.078879373627203, 19.389987679247575 ], [ -99.079351828747207, 19.390228340171312 ], [ -99.079404181728066, 19.390255020276591 ], [ -99.079934225213137, 19.390525434724523 ], [ -99.07999161519399, 19.390555217189512 ], [ -99.08006103654715, 19.390591243282678 ], [ -99.080393882670421, 19.39076397290129 ], [ -99.08045876849809, 19.390797745051167 ], [ -99.080760941346909, 19.390954853258499 ], [ -99.080916757944934, 19.391033433683212 ], [ -99.081116812990672, 19.391131483616956 ], [ -99.08143345869901, 19.391286189617784 ], [ -99.081795329287331, 19.391487823486784 ], [ -99.081941700513312, 19.391569381015515 ], [ -99.081563784776193, 19.393324556671939 ], [ -99.082039329377565, 19.393403047859028 ], [ -99.08250427540807, 19.393480233066374 ], [ -99.082957513395655, 19.393555215173183 ], [ -99.083420960171168, 19.393631884945545 ], [ -99.083835331211688, 19.393700434869132 ], [ -99.083781514905127, 19.394005289419376 ], [ -99.083770466253441, 19.394067876845149 ], [ -99.083553664978524, 19.395295983764754 ], [ -99.08348480466681, 19.395674102702149 ], [ -99.083353758561046, 19.396253159585136 ], [ -99.082915916241916, 19.396181618753364 ], [ -99.08245707698886, 19.39610566481571 ], [ -99.082174016994415, 19.396059775699957 ], [ -99.081012885842028, 19.395884022114938 ], [ -99.080380536041503, 19.39577804286834 ], [ -99.079838488031569, 19.395687195971444 ], [ -99.078662822164674, 19.39549583658188 ], [ -99.076985577808898, 19.395210252059023 ], [ -99.07646424362774, 19.395129886112457 ], [ -99.075929154971263, 19.395047333355524 ], [ -99.07619961578007, 19.393918505249623 ], [ -99.076448679202485, 19.392788565459711 ], [ -99.076515583232933, 19.392485035532772 ], [ -99.077095791986579, 19.392578543968895 ], [ -99.077676001396, 19.392672050550516 ], [ -99.078402492357981, 19.38974531440811 ] ] ] ] } },
{ "type": "Feature", "properties": { "fid": 1, "ID": 1841, "ENTIDAD": 9, "DISTRITO_F": 13, "DISTRITO_L": 15, "MUNICIPIO": 6, "SECCION": 1846, "TIPO": 2, "CONTROL": 40998, "GEOMETRY1_": "Ruta 41", "CONCENTRAD": null, "CONCENTR_1": null, "CONCENTR_2": null, "CONCENTR_3": null, "CONCENTR_4": null, "CONCENTR_5": null, "CONCENTR_6": null, "CONCENTR_7": null, "CONCENTR_8": null, "CONCENTR_9": null, "CONCENTR10": null, "CONCENTR11": null, "CONCENTR12": null, "CONCENTR13": null, "CONCENTR14": null, "CONCENTR15": null, "CONCENTR16": null, "CONCENTR17": null, "CONCENTR18": null, "CONCENTR19": null, "CONCENTR20": null, "CONCENTR21": null, "CONCENTR22": null, "CONCENTR23": null, "Ruta": null, "layer": "C-Ruta 41", "path": "D:/Atlas de Riesgos 2024/SHAPE/Secciones Electorares Distrito 15/Rutas/Contornos (disolve)/C-Ruta 41.gpkg" }, "geometry": { "type": "MultiPolygon", "coordinates": [ [ [ [ -99.076363253569056, 19.397913217216576 ], [ -99.076985577808898, 19.395210252059023 ], [ -99.078662822164674, 19.39549583658188 ], [ -99.079838488031569, 19.395687195971444 ], [ -99.080380536041503, 19.39577804286834 ], [ -99.081012885842028, 19.395884022114938 ], [ -99.082174016994415, 19.396059775699957 ], [ -99.08245707698886, 19.39610566481571 ], [ -99.082915916241916, 19.396181618753364 ], [ -99.083353758561046, 19.396253159585136 ], [ -99.08348480466681, 19.395674102702149 ], [ -99.084783956143553, 19.396427597091446 ], [ -99.084842291493004, 19.396461430606795 ], [ -99.084925406704272, 19.396509635965653 ], [ -99.08499890136433, 19.3965522615187 ], [ -99.083408931619687, 19.39906139390526 ], [ -99.082950938518024, 19.39976190191598 ], [ -99.082571877380431, 19.400341676755808 ], [ -99.08175928124939, 19.401584527749144 ], [ -99.081591969682762, 19.401837537462672 ], [ -99.080751962105552, 19.40315158199024 ], [ -99.080389546978537, 19.403724792344963 ], [ -99.080029868984766, 19.404266487109403 ], [ -99.079957449930404, 19.404251914814893 ], [ -99.079862807047064, 19.404232866758939 ], [ -99.079796265202091, 19.404219477665929 ], [ -99.079191361807844, 19.404117993652381 ], [ -99.078694972385023, 19.404034713315269 ], [ -99.079313932400169, 19.402797975979794 ], [ -99.078688127985117, 19.402699143353924 ], [ -99.078108923076542, 19.402578006605648 ], [ -99.078709950812282, 19.401073020564382 ], [ -99.07739866680366, 19.400866225647665 ], [ -99.07806449810974, 19.398176635769147 ], [ -99.07669908443836, 19.39796516182847 ], [ -99.076363253569056, 19.397913217216576 ] ] ] ] } },
{ "type": "Feature", "properties": { "fid": 1, "ID": 1826, "ENTIDAD": 9, "DISTRITO_F": 13, "DISTRITO_L": 15, "MUNICIPIO": 6, "SECCION": 1831, "TIPO": 2, "CONTROL": 40997, "GEOMETRY1_": "Ruta 42", "CONCENTRAD": null, "CONCENTR_1": null, "CONCENTR_2": null, "CONCENTR_3": null, "CONCENTR_4": null, "CONCENTR_5": null, "CONCENTR_6": null, "CONCENTR_7": null, "CONCENTR_8": null, "CONCENTR_9": null, "CONCENTR10": null, "CONCENTR11": null, "CONCENTR12": null, "CONCENTR13": null, "CONCENTR14": null, "CONCENTR15": null, "CONCENTR16": null, "CONCENTR17": null, "CONCENTR18": null, "CONCENTR19": null, "CONCENTR20": null, "CONCENTR21": null, "CONCENTR22": null, "CONCENTR23": null, "Ruta": null, "layer": "C-Ruta 42", "path": "D:/Atlas de Riesgos 2024/SHAPE/Secciones Electorares Distrito 15/Rutas/Contornos (disolve)/C-Ruta 42.gpkg" }, "geometry": { "type": "MultiPolygon", "coordinates": [ [ [ [ -99.071968342675419, 19.400312183967106 ], [ -99.072037848237386, 19.400010399172537 ], [ -99.074682237019999, 19.400403662750868 ], [ -99.07572016477576, 19.400593272218838 ], [ -99.07739866680366, 19.400866225647665 ], [ -99.078709950812282, 19.401073020564382 ], [ -99.078108923076542, 19.402578006605648 ], [ -99.078688127985117, 19.402699143353924 ], [ -99.079313932400169, 19.402797975979794 ], [ -99.078694972385023, 19.404034713315269 ], [ -99.079191361807844, 19.404117993652381 ], [ -99.079796265202091, 19.404219477665929 ], [ -99.079862807047064, 19.404232866758939 ], [ -99.079957449930404, 19.404251914814893 ], [ -99.080029868984766, 19.404266487109403 ], [ -99.078916941396628, 19.405987104492482 ], [ -99.078529031576707, 19.406588818539237 ], [ -99.078425745557212, 19.406498744329493 ], [ -99.078357490989433, 19.406448014097023 ], [ -99.077997272381367, 19.407029077126669 ], [ -99.078037959688842, 19.407070385519361 ], [ -99.078096435844557, 19.407129754251176 ], [ -99.077941766181283, 19.407204242624747 ], [ -99.077910978072325, 19.4072368721007 ], [ -99.077840627392916, 19.407352351806768 ], [ -99.077307620015674, 19.408190260737047 ], [ -99.077211895675632, 19.408341791372568 ], [ -99.077190656635523, 19.408382391581455 ], [ -99.077162796183842, 19.408428561318026 ], [ -99.077112321567483, 19.408507348224433 ], [ -99.0770950765679, 19.408536523116684 ], [ -99.076996641264202, 19.408492400751026 ], [ -99.076829734141285, 19.408417586591376 ], [ -99.075593840081396, 19.407863604650039 ], [ -99.072658328783874, 19.40621416390411 ], [ -99.070853360404044, 19.405198528200717 ], [ -99.070931868169097, 19.404816959068626 ], [ -99.071055863779222, 19.404278056797359 ], [ -99.071145415052499, 19.403888852171267 ], [ -99.071237966330202, 19.403465034164526 ], [ -99.071391376688766, 19.402809206421242 ], [ -99.071540843743477, 19.402170231077019 ], [ -99.071673086242015, 19.401595467493721 ], [ -99.071685049440333, 19.401543471820641 ], [ -99.071968342675419, 19.400312183967106 ] ] ] ] } },
{ "type": "Feature", "properties": { "fid": 1, "ID": 1843, "ENTIDAD": 9, "DISTRITO_F": 13, "DISTRITO_L": 15, "MUNICIPIO": 6, "SECCION": 1848, "TIPO": 2, "CONTROL": 39894, "GEOMETRY1_": null, "CONCENTRAD": 15, "CONCENTR_1": "Iztacalco", "CONCENTR_2": 122, "CONCENTR_3": 42, "CONCENTR_4": 22, "CONCENTR_5": 0, "CONCENTR_6": 0, "CONCENTR_7": 41, "CONCENTR_8": 0, "CONCENTR_9": 42, "CONCENTR10": 289, "CONCENTR11": 12, "CONCENTR12": 0, "CONCENTR13": 1, "CONCENTR14": 0, "CONCENTR15": 4, "CONCENTR16": 575, "CONCENTR17": 814, "CONCENTR18": 199, "CONCENTR19": 289, "CONCENTR20": -90, "CONCENTR21": 34.61, "CONCENTR22": 50.26, "CONCENTR23": -15.65, "Ruta": "Ruta 43", "layer": "C-Ruta 43", "path": "D:/Atlas de Riesgos 2024/SHAPE/Secciones Electorares Distrito 15/Rutas/Contornos (disolve)/C-Ruta 43.gpkg" }, "geometry": { "type": "MultiPolygon", "coordinates": [ [ [ [ -99.070775780316367, 19.394174922070171 ], [ -99.071307862334891, 19.39427064652034 ], [ -99.071802923757133, 19.394359847098045 ], [ -99.072257208720799, 19.394441748879025 ], [ -99.072705187512852, 19.394522283877926 ], [ -99.073280987682537, 19.394606738739203 ], [ -99.073161837555062, 19.395119939922655 ], [ -99.073035658023656, 19.395663414426672 ], [ -99.072768652726751, 19.396813434806294 ], [ -99.073379716801028, 19.396913479475234 ], [ -99.073858231111416, 19.396992314269056 ], [ -99.07437431361636, 19.39707733689011 ], [ -99.074890396652123, 19.397162358043733 ], [ -99.075274645423363, 19.395446326238964 ], [ -99.074779887475927, 19.395372923692332 ], [ -99.074876195515543, 19.394862617899367 ], [ -99.075347342418951, 19.39494386381158 ], [ -99.075929154971263, 19.395047333355524 ], [ -99.07646424362774, 19.395129886112457 ], [ -99.076985577808898, 19.395210252059023 ], [ -99.076363253569056, 19.397913217216576 ], [ -99.07669908443836, 19.39796516182847 ], [ -99.07806449810974, 19.398176635769147 ], [ -99.07739866680366, 19.400866225647665 ], [ -99.07572016477576, 19.400593272218838 ], [ -99.074682237019999, 19.400403662750868 ], [ -99.072037848237386, 19.400010399172537 ], [ -99.072344930670184, 19.39867553340849 ], [ -99.071668582998527, 19.398562989694931 ], [ -99.07105810556267, 19.398482444361775 ], [ -99.070453246405989, 19.398385145466715 ], [ -99.069783905839927, 19.398277362881643 ], [ -99.070123891007384, 19.396901354576002 ], [ -99.070775780316367, 19.394174922070171 ] ] ] ] } },
{ "type": "Feature", "properties": { "fid": 1, "ID": 1862, "ENTIDAD": 9, "DISTRITO_F": 13, "DISTRITO_L": 11, "MUNICIPIO": 6, "SECCION": 1867, "TIPO": 2, "CONTROL": 40148, "GEOMETRY1_": null, "CONCENTRAD": 11, "CONCENTR_1": "Iztacalco", "CONCENTR_2": 204, "CONCENTR_3": 44, "CONCENTR_4": 18, "CONCENTR_5": 0, "CONCENTR_6": 0, "CONCENTR_7": 54, "CONCENTR_8": 0, "CONCENTR_9": 21, "CONCENTR10": 441, "CONCENTR11": 19, "CONCENTR12": 3, "CONCENTR13": 0, "CONCENTR14": 0, "CONCENTR15": 18, "CONCENTR16": 824, "CONCENTR17": 1174, "CONCENTR18": 288, "CONCENTR19": 441, "CONCENTR20": -153, "CONCENTR21": 34.95, "CONCENTR22": 53.52, "CONCENTR23": -18.57, "Ruta": "Ruta 44", "layer": "C-Ruta 44", "path": "D:/Atlas de Riesgos 2024/SHAPE/Secciones Electorares Distrito 15/Rutas/Contornos (disolve)/C-Ruta 44.gpkg" }, "geometry": { "type": "MultiPolygon", "coordinates": [ [ [ [ -99.067928125366336, 19.391055636364896 ], [ -99.067531091291784, 19.390994825333056 ], [ -99.067778144866907, 19.389901441030869 ], [ -99.070396299739571, 19.390342687346138 ], [ -99.070365273612424, 19.390468698538832 ], [ -99.070260018115391, 19.390911848980181 ], [ -99.070145214560952, 19.39139519618513 ], [ -99.071397509873393, 19.39160787356434 ], [ -99.071925609374972, 19.391692871478703 ], [ -99.072400421708792, 19.391769291407137 ], [ -99.073880367697839, 19.392007506958187 ], [ -99.074480282426208, 19.392115785272086 ], [ -99.074967209170367, 19.39220412718198 ], [ -99.075469279712493, 19.392295215126616 ], [ -99.075971350808203, 19.392386301682372 ], [ -99.076515583232933, 19.392485035532772 ], [ -99.076448679202485, 19.392788565459711 ], [ -99.07619961578007, 19.393918505249623 ], [ -99.075929154971263, 19.395047333355524 ], [ -99.075347342418951, 19.39494386381158 ], [ -99.074876195515543, 19.394862617899367 ], [ -99.074364669488688, 19.394786955640008 ], [ -99.073872819633579, 19.394714202352883 ], [ -99.073280987682537, 19.394606738739203 ], [ -99.072705187512852, 19.394522283877926 ], [ -99.072257208720799, 19.394441748879025 ], [ -99.071802923757133, 19.394359847098045 ], [ -99.071307862334891, 19.39427064652034 ], [ -99.070775780316367, 19.394174922070171 ], [ -99.070252246973155, 19.394094767252593 ], [ -99.069757421000062, 19.394019006176432 ], [ -99.069265073498968, 19.393943623162972 ], [ -99.068762669354669, 19.393862593879152 ], [ -99.068247454556712, 19.393779496927316 ], [ -99.068545036373621, 19.392477494726471 ], [ -99.068667224702267, 19.391942881076254 ], [ -99.068772889978433, 19.391480558266537 ], [ -99.068838151344195, 19.391195015463161 ], [ -99.068363855272878, 19.391119196710807 ], [ -99.067928125366336, 19.391055636364896 ] ] ] ] } },
{ "type": "Feature", "properties": { "fid": 1, "ID": 1874, "ENTIDAD": 9, "DISTRITO_F": 13, "DISTRITO_L": 15, "MUNICIPIO": 6, "SECCION": 1879, "TIPO": 2, "CONTROL": 40035, "GEOMETRY1_": null, "CONCENTRAD": null, "CONCENTR_1": null, "CONCENTR_2": null, "CONCENTR_3": null, "CONCENTR_4": null, "CONCENTR_5": null, "CONCENTR_6": null, "CONCENTR_7": null, "CONCENTR_8": null, "CONCENTR_9": null, "CONCENTR10": null, "CONCENTR11": null, "CONCENTR12": null, "CONCENTR13": null, "CONCENTR14": null, "CONCENTR15": null, "CONCENTR16": null, "CONCENTR17": null, "CONCENTR18": null, "CONCENTR19": null, "CONCENTR20": null, "CONCENTR21": null, "CONCENTR22": null, "CONCENTR23": null, "Ruta": "Ruta 45", "layer": "C-Ruta 45", "path": "D:/Atlas de Riesgos 2024/SHAPE/Secciones Electorares Distrito 15/Rutas/Contornos (disolve)/C-Ruta 45.gpkg" }, "geometry": { "type": "MultiPolygon", "coordinates": [ [ [ [ -99.071397509873393, 19.39160787356434 ], [ -99.071501694575588, 19.391151505223608 ], [ -99.071601190915004, 19.390737096232026 ], [ -99.071711901434355, 19.390275976889399 ], [ -99.071827788410715, 19.389793294276991 ], [ -99.07194991842357, 19.389284605535241 ], [ -99.072069308197712, 19.388789969346245 ], [ -99.072250021725921, 19.388036292817755 ], [ -99.072771576925618, 19.388122741828255 ], [ -99.073249519883134, 19.388201790020801 ], [ -99.073703193324164, 19.388276907479742 ], [ -99.074188941484053, 19.38835766533871 ], [ -99.074702866377237, 19.388442843800007 ], [ -99.074828047057537, 19.387881882387347 ], [ -99.075849855918534, 19.388420013276178 ], [ -99.075961673158588, 19.388478900740189 ], [ -99.076308828296476, 19.388661725912048 ], [ -99.076370100836627, 19.38869399426321 ], [ -99.076780864391907, 19.388910316445472 ], [ -99.07726802273659, 19.389166868792046 ], [ -99.077324161577579, 19.389196433070726 ], [ -99.077851945538114, 19.389465090888876 ], [ -99.078350749413104, 19.389719028389891 ], [ -99.078402492357981, 19.38974531440811 ], [ -99.077676001396, 19.392672050550516 ], [ -99.077095791986579, 19.392578543968895 ], [ -99.076515583232933, 19.392485035532772 ], [ -99.075971350808203, 19.392386301682372 ], [ -99.075469279712493, 19.392295215126616 ], [ -99.074967209170367, 19.39220412718198 ], [ -99.074480282426208, 19.392115785272086 ], [ -99.073880367697839, 19.392007506958187 ], [ -99.072400421708792, 19.391769291407137 ], [ -99.071925609374972, 19.391692871478703 ], [ -99.071397509873393, 19.39160787356434 ] ] ] ] } },
{ "type": "Feature", "properties": { "fid": 1, "ID": 1891, "ENTIDAD": 9, "DISTRITO_F": 13, "DISTRITO_L": 11, "MUNICIPIO": 6, "SECCION": 1896, "TIPO": 2, "CONTROL": 40236, "GEOMETRY1_": null, "CONCENTRAD": 11, "CONCENTR_1": "Iztacalco", "CONCENTR_2": 205, "CONCENTR_3": 81, "CONCENTR_4": 25, "CONCENTR_5": 0, "CONCENTR_6": 0, "CONCENTR_7": 57, "CONCENTR_8": 0, "CONCENTR_9": 31, "CONCENTR10": 405, "CONCENTR11": 30, "CONCENTR12": 2, "CONCENTR13": 1, "CONCENTR14": 1, "CONCENTR15": 15, "CONCENTR16": 855, "CONCENTR17": 1284, "CONCENTR18": 344, "CONCENTR19": 405, "CONCENTR20": -61, "CONCENTR21": 40.23, "CONCENTR22": 47.37, "CONCENTR23": -7.13, "Ruta": "Ruta 46", "layer": "C-Ruta 46", "path": "D:/Atlas de Riesgos 2024/SHAPE/Secciones Electorares Distrito 15/Rutas/Contornos (disolve)/C-Ruta 46.gpkg" }, "geometry": { "type": "MultiPolygon", "coordinates": [ [ [ [ -99.068991767496399, 19.384864692317041 ], [ -99.068991767496399, 19.384864692317048 ], [ -99.06929793262313, 19.385027484885764 ], [ -99.069469045417094, 19.385118467745684 ], [ -99.069972453221695, 19.385386134583655 ], [ -99.070243852332212, 19.385530439191296 ], [ -99.070456634447694, 19.385643576312102 ], [ -99.070933830433162, 19.385897301888185 ], [ -99.071163431710588, 19.386019380384045 ], [ -99.071393033329542, 19.386141458587364 ], [ -99.071505535062883, 19.386198461638269 ], [ -99.071757766720154, 19.386326263483536 ], [ -99.072085910708608, 19.386492528096689 ], [ -99.072122500931869, 19.386511067641944 ], [ -99.07218532919434, 19.386542901457659 ], [ -99.072562299280861, 19.386733903892232 ], [ -99.072922791844945, 19.386916556376445 ], [ -99.073042956211239, 19.386977440377681 ], [ -99.073487335609926, 19.387202594189631 ], [ -99.073549282971229, 19.387233980937388 ], [ -99.073889993881835, 19.387406607669607 ], [ -99.074348793687662, 19.387639064473124 ], [ -99.07445990233623, 19.38769535881973 ], [ -99.074828047057537, 19.387881882387347 ], [ -99.074702866377237, 19.388442843800007 ], [ -99.074188941484053, 19.38835766533871 ], [ -99.073703193324164, 19.388276907479742 ], [ -99.073249519883134, 19.388201790020801 ], [ -99.072771576925618, 19.388122741828255 ], [ -99.072250021725921, 19.388036292817755 ], [ -99.072069308197712, 19.388789969346245 ], [ -99.070823010768478, 19.388553951214046 ], [ -99.068201634053267, 19.388113960458526 ], [ -99.068380344497712, 19.387392868293638 ], [ -99.066967867700086, 19.387158387570423 ], [ -99.066814716835779, 19.387866275161848 ], [ -99.065513286534767, 19.387650396511511 ], [ -99.065665229221679, 19.386942448153242 ], [ -99.065733666230003, 19.386623121147601 ], [ -99.065831479233907, 19.386166723570323 ], [ -99.065922063452206, 19.385744053344389 ], [ -99.066014765868616, 19.385311497198977 ], [ -99.066120815764947, 19.384816657889495 ], [ -99.066248410234806, 19.384272864067729 ], [ -99.066398235252663, 19.383635038268338 ], [ -99.066773750954283, 19.383728721883802 ], [ -99.067507267803506, 19.384081067707349 ], [ -99.067630968173162, 19.384140486906674 ], [ -99.067630968173162, 19.384140486906674 ], [ -99.068991767496399, 19.384864692317041 ] ] ] ] } },
{ "type": "Feature", "properties": { "fid": 1, "ID": 1879, "ENTIDAD": 9, "DISTRITO_F": 13, "DISTRITO_L": 15, "MUNICIPIO": 6, "SECCION": 1884, "TIPO": 2, "CONTROL": 40104, "GEOMETRY1_": null, "CONCENTRAD": 15, "CONCENTR_1": "Iztacalco", "CONCENTR_2": 166, "CONCENTR_3": 55, "CONCENTR_4": 24, "CONCENTR_5": 0, "CONCENTR_6": 0, "CONCENTR_7": 51, "CONCENTR_8": 0, "CONCENTR_9": 26, "CONCENTR10": 426, "CONCENTR11": 24, "CONCENTR12": 2, "CONCENTR13": 0, "CONCENTR14": 1, "CONCENTR15": 7, "CONCENTR16": 782, "CONCENTR17": 1089, "CONCENTR18": 271, "CONCENTR19": 426, "CONCENTR20": -155, "CONCENTR21": 34.65, "CONCENTR22": 54.48, "CONCENTR23": -19.82, "Ruta": "Ruta 47", "layer": "C-Ruta 47", "path": "D:/Atlas de Riesgos 2024/SHAPE/Secciones Electorares Distrito 15/Rutas/Contornos (disolve)/C-Ruta 47.gpkg" }, "geometry": { "type": "MultiPolygon", "coordinates": [ [ [ [ -99.067956402833474, 19.389156924944913 ], [ -99.067967305053031, 19.389110886713173 ], [ -99.06809970322827, 19.388547142645169 ], [ -99.068201634053267, 19.388113960458526 ], [ -99.070823010768478, 19.388553951214046 ], [ -99.072069308197712, 19.388789969346245 ], [ -99.07194991842357, 19.389284605535241 ], [ -99.071827788410715, 19.389793294276991 ], [ -99.071711901434355, 19.390275976889399 ], [ -99.071601190915004, 19.390737096232026 ], [ -99.071501694575588, 19.391151505223608 ], [ -99.071397509873393, 19.39160787356434 ], [ -99.070145214560952, 19.39139519618513 ], [ -99.070260018115391, 19.390911848980181 ], [ -99.070365273612424, 19.390468698538832 ], [ -99.070396299739571, 19.390342687346138 ], [ -99.070458261635764, 19.390082950867669 ], [ -99.067841537316596, 19.389644299762814 ], [ -99.067956402833474, 19.389156924944913 ] ] ], [ [ [ -99.064427121961288, 19.38746191597653 ], [ -99.064938468248641, 19.387550650005899 ], [ -99.065513286534767, 19.387650396511511 ], [ -99.066814716835779, 19.387866275161848 ], [ -99.066595351377586, 19.388877830843505 ], [ -99.066189364172871, 19.390751584438146 ], [ -99.064897206904689, 19.390528708435468 ], [ -99.063766785015844, 19.390340887608264 ], [ -99.063557388894878, 19.390306095395363 ], [ -99.06272627296228, 19.390164380941652 ], [ -99.062181655602444, 19.390071515466403 ], [ -99.062245055547294, 19.389772916593241 ], [ -99.062297987920431, 19.389523616676158 ], [ -99.062534977792069, 19.388407436630516 ], [ -99.063075300258731, 19.388499268783335 ], [ -99.063624585833637, 19.38859220717708 ], [ -99.06417240633634, 19.388685488039201 ], [ -99.064427121961288, 19.38746191597653 ] ] ] ] } },
{ "type": "Feature", "properties": { "fid": 1, "ID": 1766, "ENTIDAD": 9, "DISTRITO_F": 13, "DISTRITO_L": 15, "MUNICIPIO": 6, "SECCION": 1771, "TIPO": 2, "CONTROL": 40642, "GEOMETRY1_": "Ruta 05", "CONCENTRAD": null, "CONCENTR_1": null, "CONCENTR_2": null, "CONCENTR_3": null, "CONCENTR_4": null, "CONCENTR_5": null, "CONCENTR_6": null, "CONCENTR_7": null, "CONCENTR_8": null, "CONCENTR_9": null, "CONCENTR10": null, "CONCENTR11": null, "CONCENTR12": null, "CONCENTR13": null, "CONCENTR14": null, "CONCENTR15": null, "CONCENTR16": null, "CONCENTR17": null, "CONCENTR18": null, "CONCENTR19": null, "CONCENTR20": null, "CONCENTR21": null, "CONCENTR22": null, "CONCENTR23": null, "Ruta": null, "layer": "C-Ruta 5", "path": "D:/Atlas de Riesgos 2024/SHAPE/Secciones Electorares Distrito 15/Rutas/Contornos (disolve)/C-Ruta 5.gpkg" }, "geometry": { "type": "MultiPolygon", "coordinates": [ [ [ [ -99.126867735047938, 19.387765653285612 ], [ -99.125717626997911, 19.387724944386093 ], [ -99.125729526695423, 19.387140793327148 ], [ -99.125750248656246, 19.386123552623594 ], [ -99.126511537321775, 19.386101197124926 ], [ -99.126539510438619, 19.38595775012832 ], [ -99.126949342139227, 19.385959281922023 ], [ -99.126951337515393, 19.386062869554262 ], [ -99.127372367102126, 19.386063878388455 ], [ -99.127828565056845, 19.38606497039002 ], [ -99.128029433466864, 19.386021546789326 ], [ -99.128176319561604, 19.385989792895117 ], [ -99.128304901116365, 19.385968768047615 ], [ -99.12842561508009, 19.385961303233195 ], [ -99.128369059368424, 19.387765797951364 ], [ -99.128339805642909, 19.389110223081545 ], [ -99.128337754572897, 19.389223023834216 ], [ -99.12833340550857, 19.389462204770957 ], [ -99.128407163430921, 19.389584849842738 ], [ -99.128746087240145, 19.389594710863776 ], [ -99.129138914229074, 19.389606139411079 ], [ -99.129186004166485, 19.387907233248598 ], [ -99.129421380679062, 19.38793718962668 ], [ -99.129379319999856, 19.389328308676916 ], [ -99.129332016795772, 19.390910554905552 ], [ -99.129091529004455, 19.390887718153316 ], [ -99.129084287754907, 19.392159404254187 ], [ -99.129046346705408, 19.393277019736427 ], [ -99.129000492273519, 19.394377497643493 ], [ -99.12833541273011, 19.394378209177251 ], [ -99.12766240227694, 19.394365807597261 ], [ -99.126906214026462, 19.394350870037623 ], [ -99.126935068421744, 19.393279690416477 ], [ -99.12694390447372, 19.393135339267392 ], [ -99.126788533602721, 19.393105905918748 ], [ -99.125284550963514, 19.392838373493127 ], [ -99.125093206171229, 19.392812941785351 ], [ -99.125233882408011, 19.392495523043777 ], [ -99.125453813199485, 19.391999273396344 ], [ -99.125566787384756, 19.391649615249335 ], [ -99.125675317759345, 19.39111360800154 ], [ -99.125748223463944, 19.390556461556301 ], [ -99.125065899641058, 19.390517693918532 ], [ -99.125002771817165, 19.390514107050357 ], [ -99.124816447395432, 19.391269240309192 ], [ -99.124748781899967, 19.391454518690168 ], [ -99.124658470956916, 19.391583268077561 ], [ -99.124493030405489, 19.391793268903907 ], [ -99.124399208421522, 19.391986273200889 ], [ -99.124365243874422, 19.392109106148386 ], [ -99.124274021278524, 19.392512385877787 ], [ -99.124035881595745, 19.392463379778754 ], [ -99.123749686930054, 19.392404484126885 ], [ -99.123269251650072, 19.392305614825311 ], [ -99.122601997859348, 19.392168297630043 ], [ -99.122304035382484, 19.391306825466966 ], [ -99.122297483657277, 19.391284241787162 ], [ -99.122130972979804, 19.390678896525664 ], [ -99.12207513243591, 19.390219133477668 ], [ -99.122185834918284, 19.38947840478323 ], [ -99.12225106842844, 19.389041913400821 ], [ -99.12236383347495, 19.387611240294245 ], [ -99.122469364852222, 19.387629299373572 ], [ -99.124423168433879, 19.388010234695134 ], [ -99.125621992521204, 19.38841535672675 ], [ -99.125675698956016, 19.388432372175391 ], [ -99.125610810471329, 19.388649311487669 ], [ -99.126314751686053, 19.388805207386156 ], [ -99.126381906737237, 19.388658135516994 ], [ -99.126469908517365, 19.388465408157664 ], [ -99.126951162775271, 19.387766323790238 ], [ -99.126867735047938, 19.387765653285612 ] ] ] ] } },
{ "type": "Feature", "properties": { "fid": 1, "ID": 1773, "ENTIDAD": 9, "DISTRITO_F": 13, "DISTRITO_L": 15, "MUNICIPIO": 6, "SECCION": 1778, "TIPO": 2, "CONTROL": 40632, "GEOMETRY1_": "Ruta 06", "CONCENTRAD": null, "CONCENTR_1": null, "CONCENTR_2": null, "CONCENTR_3": null, "CONCENTR_4": null, "CONCENTR_5": null, "CONCENTR_6": null, "CONCENTR_7": null, "CONCENTR_8": null, "CONCENTR_9": null, "CONCENTR10": null, "CONCENTR11": null, "CONCENTR12": null, "CONCENTR13": null, "CONCENTR14": null, "CONCENTR15": null, "CONCENTR16": null, "CONCENTR17": null, "CONCENTR18": null, "CONCENTR19": null, "CONCENTR20": null, "CONCENTR21": null, "CONCENTR22": null, "CONCENTR23": null, "Ruta": null, "layer": "C-Ruta 6", "path": "D:/Atlas de Riesgos 2024/SHAPE/Secciones Electorares Distrito 15/Rutas/Contornos (disolve)/C-Ruta 6.gpkg" }, "geometry": { "type": "MultiPolygon", "coordinates": [ [ [ [ -99.124939310183606, 19.381672602521824 ], [ -99.126087951324095, 19.381857923972241 ], [ -99.126694948161827, 19.381978863521475 ], [ -99.127114571961343, 19.382070783884295 ], [ -99.127531528636055, 19.382157553315931 ], [ -99.128247212310313, 19.382299789868323 ], [ -99.128216439512187, 19.383563019136268 ], [ -99.128939800875855, 19.383692467631441 ], [ -99.12930973706932, 19.383754668338554 ], [ -99.129526297590871, 19.383783203653582 ], [ -99.129477204754323, 19.385897174793744 ], [ -99.129421380679062, 19.38793718962668 ], [ -99.129186004166485, 19.387907233248598 ], [ -99.129252802681904, 19.385950583670926 ], [ -99.128902925174515, 19.385950819021158 ], [ -99.12842561508009, 19.385961303233195 ], [ -99.128304901116365, 19.385968768047615 ], [ -99.128176319561604, 19.385989792895117 ], [ -99.128029433466864, 19.386021546789326 ], [ -99.127828565056845, 19.38606497039002 ], [ -99.127372367102126, 19.386063878388455 ], [ -99.126951337515393, 19.386062869554262 ], [ -99.126949342139227, 19.385959281922023 ], [ -99.126539510438619, 19.38595775012832 ], [ -99.126511537321775, 19.386101197124926 ], [ -99.125750248656246, 19.386123552623594 ], [ -99.125729526695423, 19.387140793327148 ], [ -99.125717626997911, 19.387724944386093 ], [ -99.126867735047938, 19.387765653285612 ], [ -99.126951162775271, 19.387766323790238 ], [ -99.126469908517365, 19.388465408157664 ], [ -99.126381906737237, 19.388658135516994 ], [ -99.126314751686053, 19.388805207386156 ], [ -99.125610810471329, 19.388649311487669 ], [ -99.125675698956016, 19.388432372175391 ], [ -99.125621992521204, 19.38841535672675 ], [ -99.124423168433879, 19.388010234695134 ], [ -99.122469364852222, 19.387629299373572 ], [ -99.12236383347495, 19.387611240294245 ], [ -99.122403704353104, 19.387122134895431 ], [ -99.122436028287325, 19.386126450827234 ], [ -99.122469905200148, 19.385592219131812 ], [ -99.122483271001911, 19.385381442364128 ], [ -99.122544807840384, 19.384410952149203 ], [ -99.122660511380275, 19.382582681640152 ], [ -99.122665216438875, 19.382508334597222 ], [ -99.123420627987045, 19.382648558244298 ], [ -99.123897575825239, 19.38273392867892 ], [ -99.124387128627347, 19.382821553921552 ], [ -99.124886930119914, 19.382936553907253 ], [ -99.124939310183606, 19.381672602521824 ] ] ] ] } },
{ "type": "Feature", "properties": { "fid": 1, "ID": 1810, "ENTIDAD": 9, "DISTRITO_F": 13, "DISTRITO_L": 15, "MUNICIPIO": 6, "SECCION": 1815, "TIPO": 2, "CONTROL": 40570, "GEOMETRY1_": "Ruta 07", "CONCENTRAD": null, "CONCENTR_1": null, "CONCENTR_2": null, "CONCENTR_3": null, "CONCENTR_4": null, "CONCENTR_5": null, "CONCENTR_6": null, "CONCENTR_7": null, "CONCENTR_8": null, "CONCENTR_9": null, "CONCENTR10": null, "CONCENTR11": null, "CONCENTR12": null, "CONCENTR13": null, "CONCENTR14": null, "CONCENTR15": null, "CONCENTR16": null, "CONCENTR17": null, "CONCENTR18": null, "CONCENTR19": null, "CONCENTR20": null, "CONCENTR21": null, "CONCENTR22": null, "CONCENTR23": null, "Ruta": null, "layer": "C-Ruta 7", "path": "D:/Atlas de Riesgos 2024/SHAPE/Secciones Electorares Distrito 15/Rutas/Contornos (disolve)/C-Ruta 7.gpkg" }, "geometry": { "type": "MultiPolygon", "coordinates": [ [ [ [ -99.130081586203019, 19.37704535955897 ], [ -99.130205466717044, 19.377057505941469 ], [ -99.130569435093975, 19.377093192242668 ], [ -99.130840305072965, 19.377124852604464 ], [ -99.131065172307316, 19.377151134197245 ], [ -99.131383081605179, 19.377189515977093 ], [ -99.13156053326648, 19.377210423757241 ], [ -99.132012838542636, 19.37726340336603 ], [ -99.132458450207665, 19.377316291543423 ], [ -99.132885201664067, 19.37734839877168 ], [ -99.133338152952035, 19.377387766290106 ], [ -99.133838853634373, 19.377423980669597 ], [ -99.134158847336749, 19.377435269062968 ], [ -99.135345101911398, 19.377318300752158 ], [ -99.135585100361411, 19.37727664331463 ], [ -99.135436506506522, 19.378031066771602 ], [ -99.135142451191768, 19.379363527948509 ], [ -99.134844715170516, 19.380708130300334 ], [ -99.13470701594531, 19.381410956155889 ], [ -99.134565397436873, 19.38208718611607 ], [ -99.134463063888575, 19.382618241772516 ], [ -99.134322608015125, 19.383292189500139 ], [ -99.13407815982238, 19.384564397539993 ], [ -99.133807878138001, 19.385778278702077 ], [ -99.133422946866361, 19.385758120121572 ], [ -99.133289060692789, 19.386432900717185 ], [ -99.132894054726762, 19.386362818025209 ], [ -99.132480646446723, 19.386299420841699 ], [ -99.131976524743592, 19.386220390228619 ], [ -99.131462709051036, 19.386134811597859 ], [ -99.131019330134194, 19.386059228232067 ], [ -99.131065414683533, 19.385796113572251 ], [ -99.130604040747684, 19.385725354106768 ], [ -99.130238255278513, 19.385669253866691 ], [ -99.129872470055233, 19.385613152889334 ], [ -99.129857567110619, 19.385934856722717 ], [ -99.129477204754323, 19.385897174793744 ], [ -99.129526297590871, 19.383783203653582 ], [ -99.12930973706932, 19.383754668338554 ], [ -99.128939800875855, 19.383692467631441 ], [ -99.128216439512187, 19.383563019136268 ], [ -99.128247212310313, 19.382299789868323 ], [ -99.127531528636055, 19.382157553315931 ], [ -99.127114571961343, 19.382070783884295 ], [ -99.126694948161827, 19.381978863521475 ], [ -99.126740893897789, 19.380615312717559 ], [ -99.127136339051319, 19.380714720506901 ], [ -99.127567153761973, 19.380817272699982 ], [ -99.12827301910697, 19.380982908654584 ], [ -99.129006414473821, 19.381165934357757 ], [ -99.129372305308777, 19.381257244591264 ], [ -99.129596286456291, 19.381307523167017 ], [ -99.129633913025501, 19.379956832376902 ], [ -99.129670090671226, 19.37865813520483 ], [ -99.129714503022626, 19.377003468965672 ], [ -99.130081586203019, 19.37704535955897 ] ] ] ] } },
{ "type": "Feature", "properties": { "fid": 1, "ID": 1816, "ENTIDAD": 9, "DISTRITO_F": 13, "DISTRITO_L": 15, "MUNICIPIO": 6, "SECCION": 1821, "TIPO": 2, "CONTROL": 40501, "GEOMETRY1_": "Ruta 08", "CONCENTRAD": null, "CONCENTR_1": null, "CONCENTR_2": null, "CONCENTR_3": null, "CONCENTR_4": null, "CONCENTR_5": null, "CONCENTR_6": null, "CONCENTR_7": null, "CONCENTR_8": null, "CONCENTR_9": null, "CONCENTR10": null, "CONCENTR11": null, "CONCENTR12": null, "CONCENTR13": null, "CONCENTR14": null, "CONCENTR15": null, "CONCENTR16": null, "CONCENTR17": null, "CONCENTR18": null, "CONCENTR19": null, "CONCENTR20": null, "CONCENTR21": null, "CONCENTR22": null, "CONCENTR23": null, "Ruta": null, "layer": "C-Ruta 8", "path": "D:/Atlas de Riesgos 2024/SHAPE/Secciones Electorares Distrito 15/Rutas/Contornos (disolve)/C-Ruta 8.gpkg" }, "geometry": { "type": "MultiPolygon", "coordinates": [ [ [ [ -99.12598264516356, 19.376314111616015 ], [ -99.126388793298844, 19.376389504816032 ], [ -99.126647635111667, 19.376437555690867 ], [ -99.12681786309868, 19.376469155200482 ], [ -99.127207529102591, 19.376541488456542 ], [ -99.127297768661577, 19.37655823939464 ], [ -99.127454597353534, 19.376587350988128 ], [ -99.127631404796929, 19.376620391272667 ], [ -99.128082926437969, 19.376703963061534 ], [ -99.12841921012307, 19.376766204762124 ], [ -99.129111979333871, 19.376899235969198 ], [ -99.129495358330757, 19.376972854309429 ], [ -99.129714503022626, 19.377003468965672 ], [ -99.129670090671226, 19.37865813520483 ], [ -99.129633913025501, 19.379956832376902 ], [ -99.129596286456291, 19.381307523167017 ], [ -99.129372305308777, 19.381257244591264 ], [ -99.129006414473821, 19.381165934357757 ], [ -99.12827301910697, 19.380982908654584 ], [ -99.127567153761973, 19.380817272699982 ], [ -99.127136339051319, 19.380714720506901 ], [ -99.126740893897789, 19.380615312717559 ], [ -99.126694948161827, 19.381978863521475 ], [ -99.126087951324095, 19.381857923972241 ], [ -99.124939310183606, 19.381672602521824 ], [ -99.124886930119914, 19.382936553907253 ], [ -99.124387128627347, 19.382821553921552 ], [ -99.123897575825239, 19.38273392867892 ], [ -99.123420627987045, 19.382648558244298 ], [ -99.122665216438875, 19.382508334597222 ], [ -99.12235557705965, 19.382476249319893 ], [ -99.122391036925961, 19.38144480452015 ], [ -99.122472290171828, 19.38016617664206 ], [ -99.122437720313982, 19.377766280934352 ], [ -99.122387038228851, 19.375651849028213 ], [ -99.122704750988376, 19.375703717724502 ], [ -99.123191683002489, 19.375786407535315 ], [ -99.123572719168209, 19.375861381887958 ], [ -99.123973576880246, 19.375936962093473 ], [ -99.124122312069829, 19.375966921610175 ], [ -99.124481952571202, 19.376037635312933 ], [ -99.124609185274821, 19.376059389495243 ], [ -99.125039712819188, 19.376134746859496 ], [ -99.125639926295108, 19.37625003310994 ], [ -99.125928045290308, 19.376303975961605 ], [ -99.12598264516356, 19.376314111616015 ] ] ] ] } },
{ "type": "Feature", "properties": { "fid": 1, "ID": 1805, "ENTIDAD": 9, "DISTRITO_F": 13, "DISTRITO_L": 15, "MUNICIPIO": 6, "SECCION": 1810, "TIPO": 2, "CONTROL": 40294, "GEOMETRY1_": "Ruta 09", "CONCENTRAD": null, "CONCENTR_1": null, "CONCENTR_2": null, "CONCENTR_3": null, "CONCENTR_4": null, "CONCENTR_5": null, "CONCENTR_6": null, "CONCENTR_7": null, "CONCENTR_8": null, "CONCENTR_9": null, "CONCENTR10": null, "CONCENTR11": null, "CONCENTR12": null, "CONCENTR13": null, "CONCENTR14": null, "CONCENTR15": null, "CONCENTR16": null, "CONCENTR17": null, "CONCENTR18": null, "CONCENTR19": null, "CONCENTR20": null, "CONCENTR21": null, "CONCENTR22": null, "CONCENTR23": null, "Ruta": null, "layer": "C-Ruta 9", "path": "D:/Atlas de Riesgos 2024/SHAPE/Secciones Electorares Distrito 15/Rutas/Contornos (disolve)/C-Ruta 9.gpkg" }, "geometry": { "type": "MultiPolygon", "coordinates": [ [ [ [ -99.117101802881578, 19.385381450449415 ], [ -99.116812108756335, 19.38533088125747 ], [ -99.116512000942237, 19.385278493725124 ], [ -99.116699765416513, 19.38413180856233 ], [ -99.116683228773866, 19.384058807405104 ], [ -99.116808516846277, 19.383453330737964 ], [ -99.117136078274612, 19.383501479325233 ], [ -99.117271326595286, 19.382736254442072 ], [ -99.117353142616835, 19.382229453108664 ], [ -99.117642155394591, 19.382214165426991 ], [ -99.117718786272761, 19.382210111866264 ], [ -99.11780716572153, 19.382215076411558 ], [ -99.1180789174974, 19.382230341273221 ], [ -99.118404373343239, 19.382271906357534 ], [ -99.118775647974189, 19.38229668107115 ], [ -99.120471156796242, 19.382349190672713 ], [ -99.120522841102414, 19.382350749910145 ], [ -99.120871229844127, 19.382373417685027 ], [ -99.121127997101553, 19.382392156633809 ], [ -99.12235557705965, 19.382476249319893 ], [ -99.122665216438875, 19.382508334597222 ], [ -99.122660511380275, 19.382582681640152 ], [ -99.122544807840384, 19.384410952149203 ], [ -99.122483271001911, 19.385381442364128 ], [ -99.122469905200148, 19.385592219131812 ], [ -99.122436028287325, 19.386126450827234 ], [ -99.122160250457711, 19.386158169323505 ], [ -99.121776939485187, 19.38620225499443 ], [ -99.121441270367797, 19.386240860559198 ], [ -99.121104151508561, 19.386279632218493 ], [ -99.120419657263312, 19.38637259285883 ], [ -99.120092297497791, 19.386328841270114 ], [ -99.119776508523216, 19.386282624188716 ], [ -99.119442776101266, 19.386230445447097 ], [ -99.119109009227387, 19.386178260672434 ], [ -99.118765273869755, 19.386124516639935 ], [ -99.118589135843351, 19.386098235772913 ], [ -99.118522438465575, 19.386088284070908 ], [ -99.118197781000177, 19.386036653899406 ], [ -99.117869536169167, 19.385984462198184 ], [ -99.117554807018038, 19.385935251133652 ], [ -99.117175357258446, 19.385875919587431 ], [ -99.11710213115235, 19.385864469706348 ], [ -99.117173378257959, 19.385393944616865 ], [ -99.117101802881578, 19.385381450449415 ] ] ] ] } }
]
}
