{
"type": "FeatureCollection",
"name": "Distrito Local 11",
"crs": { "type": "name", "properties": { "name": "urn:ogc:def:crs:OGC:1.3:CRS84" } },
"xy_coordinate_resolution": 1e-15,
"features": [
{ "type": "Feature", "properties": { "fid": 1, "ID": 1886, "ENTIDAD": 9, "DISTRITO_F": 13, "DISTRITO_L": 11, "MUNICIPIO": 6, "SECCION": 1891, "TIPO": 2, "CONTROL": 40185, "GEOMETRY1_": null, "CONCENTRAD": 11, "CONCENTR_1": "Iztacalco", "CONCENTR_2": 232, "CONCENTR_3": 86, "CONCENTR_4": 30, "CONCENTR_5": 0, "CONCENTR_6": 0, "CONCENTR_7": 70, "CONCENTR_8": 0, "CONCENTR_9": 47, "CONCENTR10": 496, "CONCENTR11": 34, "CONCENTR12": 1, "CONCENTR13": 2, "CONCENTR14": 0, "CONCENTR15": 23, "CONCENTR16": 1025, "CONCENTR17": 1447, "CONCENTR18": 385, "CONCENTR19": 496, "CONCENTR20": -111, "CONCENTR21": 37.56, "CONCENTR22": 48.39, "CONCENTR23": -10.83, "layer": "Ruta 48", "path": "D:/Atlas de Riesgos 2024/SHAPE/Secciones Electorares Distrito 15/Rutas/Ruta 48.gpkg|layername=Ruta 48" }, "geometry": { "type": "MultiPolygon", "coordinates": [ [ [ [ -99.060051268569566, 19.388312777955488 ], [ -99.060108071604233, 19.3879729222888 ], [ -99.060257329808451, 19.387079906422898 ], [ -99.06055935261648, 19.387122949112882 ], [ -99.060933823802841, 19.387182754369515 ], [ -99.06121526962545, 19.387227702390369 ], [ -99.06148022603783, 19.387270016565708 ], [ -99.061765543890829, 19.3873155820555 ], [ -99.06206152074202, 19.387362849295656 ], [ -99.062354365291512, 19.387409615808707 ], [ -99.062732918822732, 19.387470069084326 ], [ -99.062633948588584, 19.387938752895614 ], [ -99.062534977792069, 19.388407436630516 ], [ -99.062297987920431, 19.389523616676158 ], [ -99.062245055547294, 19.389772916593241 ], [ -99.062181655602444, 19.390071515466403 ], [ -99.059821699856158, 19.389686269757178 ], [ -99.059912860918743, 19.389140862984345 ], [ -99.060028971753056, 19.388446179101486 ], [ -99.060051268569566, 19.388312777955488 ] ] ] ] } },
{ "type": "Feature", "properties": { "fid": 2, "ID": 1887, "ENTIDAD": 9, "DISTRITO_F": 13, "DISTRITO_L": 11, "MUNICIPIO": 6, "SECCION": 1892, "TIPO": 2, "CONTROL": 40214, "GEOMETRY1_": null, "CONCENTRAD": 11, "CONCENTR_1": "Iztacalco", "CONCENTR_2": 177, "CONCENTR_3": 78, "CONCENTR_4": 27, "CONCENTR_5": 0, "CONCENTR_6": 0, "CONCENTR_7": 53, "CONCENTR_8": 0, "CONCENTR_9": 27, "CONCENTR10": 448, "CONCENTR11": 16, "CONCENTR12": 3, "CONCENTR13": 0, "CONCENTR14": 1, "CONCENTR15": 22, "CONCENTR16": 852, "CONCENTR17": 1215, "CONCENTR18": 301, "CONCENTR19": 448, "CONCENTR20": -147, "CONCENTR21": 35.33, "CONCENTR22": 52.58, "CONCENTR23": -17.25, "layer": "Ruta 48", "path": "D:/Atlas de Riesgos 2024/SHAPE/Secciones Electorares Distrito 15/Rutas/Ruta 48.gpkg|layername=Ruta 48" }, "geometry": { "type": "MultiPolygon", "coordinates": [ [ [ [ -99.060257329808451, 19.387079906422898 ], [ -99.060310794216718, 19.386760024538681 ], [ -99.060333781457786, 19.386570615499156 ], [ -99.060382526908015, 19.386168963891574 ], [ -99.060447346216378, 19.385825382327777 ], [ -99.060462138030104, 19.3857469765574 ], [ -99.060524746406173, 19.385308848284545 ], [ -99.060629872125617, 19.385325641637341 ], [ -99.063044632969266, 19.385711370946034 ], [ -99.063102344909339, 19.385720589326809 ], [ -99.063009560449629, 19.386162869937515 ], [ -99.062940988763344, 19.386489732668455 ], [ -99.062913795868781, 19.386613499988904 ], [ -99.062793036065756, 19.38718537630562 ], [ -99.062732918822732, 19.387470069084326 ], [ -99.062354365291512, 19.387409615808707 ], [ -99.06206152074202, 19.387362849295656 ], [ -99.061765543890829, 19.3873155820555 ], [ -99.06148022603783, 19.387270016565708 ], [ -99.06121526962545, 19.387227702390369 ], [ -99.060933823802841, 19.387182754369515 ], [ -99.06055935261648, 19.387122949112882 ], [ -99.060257329808451, 19.387079906422898 ], [ -99.060257329808451, 19.387079906422898 ] ] ] ] } },
{ "type": "Feature", "properties": { "fid": 3, "ID": 1888, "ENTIDAD": 9, "DISTRITO_F": 13, "DISTRITO_L": 11, "MUNICIPIO": 6, "SECCION": 1893, "TIPO": 2, "CONTROL": 40219, "GEOMETRY1_": null, "CONCENTRAD": 11, "CONCENTR_1": "Iztacalco", "CONCENTR_2": 219, "CONCENTR_3": 71, "CONCENTR_4": 25, "CONCENTR_5": 0, "CONCENTR_6": 0, "CONCENTR_7": 78, "CONCENTR_8": 0, "CONCENTR_9": 36, "CONCENTR10": 506, "CONCENTR11": 27, "CONCENTR12": 2, "CONCENTR13": 1, "CONCENTR14": 1, "CONCENTR15": 21, "CONCENTR16": 989, "CONCENTR17": 1323, "CONCENTR18": 345, "CONCENTR19": 506, "CONCENTR20": -161, "CONCENTR21": 34.88, "CONCENTR22": 51.16, "CONCENTR23": -16.28, "layer": "Ruta 48", "path": "D:/Atlas de Riesgos 2024/SHAPE/Secciones Electorares Distrito 15/Rutas/Ruta 48.gpkg|layername=Ruta 48" }, "geometry": { "type": "MultiPolygon", "coordinates": [ [ [ [ -99.060524746406173, 19.385308848284541 ], [ -99.060584440154301, 19.384918927068071 ], [ -99.060594615693688, 19.384852459976038 ], [ -99.060667088122273, 19.384379065158498 ], [ -99.060689361889715, 19.384212994842187 ], [ -99.060778456512892, 19.383548713520607 ], [ -99.060784163339491, 19.383504363652737 ], [ -99.06083127342967, 19.383138252732792 ], [ -99.063573941159191, 19.383612760404603 ], [ -99.063557255825955, 19.383688460366763 ], [ -99.063491351498612, 19.383987462091607 ], [ -99.063480557552708, 19.384036433100977 ], [ -99.063405922617505, 19.38437504321519 ], [ -99.06330436132545, 19.384825195394626 ], [ -99.063203353391629, 19.385272892399033 ], [ -99.063102344909339, 19.385720589326809 ], [ -99.063044632969266, 19.385711370946034 ], [ -99.060629872125617, 19.385325641637341 ], [ -99.060524746406173, 19.385308848284545 ], [ -99.060524746406173, 19.385308848284541 ] ] ] ] } },
{ "type": "Feature", "properties": { "fid": 4, "ID": 1889, "ENTIDAD": 9, "DISTRITO_F": 13, "DISTRITO_L": 11, "MUNICIPIO": 6, "SECCION": 1894, "TIPO": 2, "CONTROL": 40227, "GEOMETRY1_": null, "CONCENTRAD": 11, "CONCENTR_1": "Iztacalco", "CONCENTR_2": 124, "CONCENTR_3": 46, "CONCENTR_4": 13, "CONCENTR_5": 0, "CONCENTR_6": 0, "CONCENTR_7": 47, "CONCENTR_8": 0, "CONCENTR_9": 21, "CONCENTR10": 399, "CONCENTR11": 18, "CONCENTR12": 0, "CONCENTR13": 1, "CONCENTR14": 0, "CONCENTR15": 12, "CONCENTR16": 681, "CONCENTR17": 1033, "CONCENTR18": 202, "CONCENTR19": 399, "CONCENTR20": -197, "CONCENTR21": 29.66, "CONCENTR22": 58.59, "CONCENTR23": -28.93, "layer": "Ruta 48", "path": "D:/Atlas de Riesgos 2024/SHAPE/Secciones Electorares Distrito 15/Rutas/Ruta 48.gpkg|layername=Ruta 48" }, "geometry": { "type": "MultiPolygon", "coordinates": [ [ [ [ -99.06417240633634, 19.388685488039201 ], [ -99.063624585833637, 19.38859220717708 ], [ -99.063075300258731, 19.388499268783335 ], [ -99.062534977792069, 19.388407436630516 ], [ -99.062633948588584, 19.387938752895614 ], [ -99.062732918822732, 19.387470069084326 ], [ -99.062793036065756, 19.38718537630562 ], [ -99.062913795868781, 19.386613499988904 ], [ -99.062940988763344, 19.386489732668455 ], [ -99.063009560449629, 19.386162869937515 ], [ -99.063102344909339, 19.385720589326809 ], [ -99.063203353391629, 19.385272892399033 ], [ -99.06330436132545, 19.384825195394626 ], [ -99.063405922617505, 19.38437504321519 ], [ -99.063840109584646, 19.38444482939239 ], [ -99.065110856798242, 19.384649068258096 ], [ -99.065586086822293, 19.384725446449291 ], [ -99.066120815764947, 19.384816657889495 ], [ -99.066014765868616, 19.385311497198977 ], [ -99.065922063452206, 19.385744053344389 ], [ -99.065831479233907, 19.386166723570323 ], [ -99.065733666230003, 19.386623121147601 ], [ -99.065665229221679, 19.386942448153242 ], [ -99.065513286534767, 19.387650396511511 ], [ -99.064938468248641, 19.387550650005899 ], [ -99.064427121961288, 19.38746191597653 ], [ -99.06417240633634, 19.388685488039201 ] ] ] ] } },
{ "type": "Feature", "properties": { "fid": 5, "ID": 1890, "ENTIDAD": 9, "DISTRITO_F": 13, "DISTRITO_L": 11, "MUNICIPIO": 6, "SECCION": 1895, "TIPO": 2, "CONTROL": 40229, "GEOMETRY1_": null, "CONCENTRAD": 11, "CONCENTR_1": "Iztacalco", "CONCENTR_2": 157, "CONCENTR_3": 74, "CONCENTR_4": 21, "CONCENTR_5": 0, "CONCENTR_6": 0, "CONCENTR_7": 52, "CONCENTR_8": 0, "CONCENTR_9": 43, "CONCENTR10": 414, "CONCENTR11": 17, "CONCENTR12": 4, "CONCENTR13": 2, "CONCENTR14": 0, "CONCENTR15": 16, "CONCENTR16": 801, "CONCENTR17": 1106, "CONCENTR18": 275, "CONCENTR19": 414, "CONCENTR20": -139, "CONCENTR21": 34.33, "CONCENTR22": 51.69, "CONCENTR23": -17.35, "layer": "Ruta 48", "path": "D:/Atlas de Riesgos 2024/SHAPE/Secciones Electorares Distrito 15/Rutas/Ruta 48.gpkg|layername=Ruta 48" }, "geometry": { "type": "MultiPolygon", "coordinates": [ [ [ [ -99.060917327743809, 19.382679931063855 ], [ -99.063675743476821, 19.383156413780277 ], [ -99.065872522113594, 19.383539378630378 ], [ -99.066398235252663, 19.383635038268338 ], [ -99.066248410234806, 19.384272864067729 ], [ -99.066120815764947, 19.384816657889495 ], [ -99.065586086822293, 19.384725446449291 ], [ -99.065110856798242, 19.384649068258096 ], [ -99.063840109584646, 19.38444482939239 ], [ -99.063405922617505, 19.38437504321519 ], [ -99.063480557552708, 19.384036433100977 ], [ -99.063491351498612, 19.383987462091607 ], [ -99.063557255825955, 19.383688460366763 ], [ -99.063573941159191, 19.383612760404603 ], [ -99.06083127342967, 19.383138252732792 ], [ -99.060883594648871, 19.382859592423728 ], [ -99.060917327743809, 19.382679931063855 ] ] ] ] } },
{ "type": "Feature", "properties": { "fid": 1, "ID": 1853, "ENTIDAD": 9, "DISTRITO_F": 13, "DISTRITO_L": 11, "MUNICIPIO": 6, "SECCION": 1858, "TIPO": 2, "CONTROL": 40084, "GEOMETRY1_": null, "CONCENTRAD": 11, "CONCENTR_1": "Iztacalco", "CONCENTR_2": 192, "CONCENTR_3": 50, "CONCENTR_4": 30, "CONCENTR_5": 0, "CONCENTR_6": 0, "CONCENTR_7": 65, "CONCENTR_8": 0, "CONCENTR_9": 14, "CONCENTR10": 495, "CONCENTR11": 27, "CONCENTR12": 4, "CONCENTR13": 0, "CONCENTR14": 0, "CONCENTR15": 12, "CONCENTR16": 916, "CONCENTR17": 1341, "CONCENTR18": 303, "CONCENTR19": 495, "CONCENTR20": -192, "CONCENTR21": 33.08, "CONCENTR22": 54.04, "CONCENTR23": -20.96, "layer": "Ruta 49", "path": "D:/Atlas de Riesgos 2024/SHAPE/Secciones Electorares Distrito 15/Rutas/Ruta 49.gpkg|layername=Ruta 49" }, "geometry": { "type": "MultiPolygon", "coordinates": [ [ [ [ -99.065139740183852, 19.395613365858502 ], [ -99.064652151647493, 19.395523618290621 ], [ -99.064218956158712, 19.39544388135187 ], [ -99.063752433982813, 19.395358008831501 ], [ -99.063285912292642, 19.395272135112027 ], [ -99.063777885002736, 19.393038197757889 ], [ -99.064256200142495, 19.393114452826431 ], [ -99.064477050624006, 19.3931496613165 ], [ -99.064676208167398, 19.393181076272828 ], [ -99.064744251961017, 19.393192258787153 ], [ -99.065005271312643, 19.39323387031931 ], [ -99.065156233096545, 19.393257793510291 ], [ -99.065297712046927, 19.393280490556879 ], [ -99.065639418853962, 19.393334964049807 ], [ -99.065139740183852, 19.395613365858502 ] ] ] ] } },
{ "type": "Feature", "properties": { "fid": 2, "ID": 1858, "ENTIDAD": 9, "DISTRITO_F": 13, "DISTRITO_L": 11, "MUNICIPIO": 6, "SECCION": 1863, "TIPO": 2, "CONTROL": 40276, "GEOMETRY1_": null, "CONCENTRAD": 11, "CONCENTR_1": "Iztacalco", "CONCENTR_2": 126, "CONCENTR_3": 62, "CONCENTR_4": 20, "CONCENTR_5": 0, "CONCENTR_6": 0, "CONCENTR_7": 63, "CONCENTR_8": 0, "CONCENTR_9": 42, "CONCENTR10": 287, "CONCENTR11": 18, "CONCENTR12": 0, "CONCENTR13": 0, "CONCENTR14": 0, "CONCENTR15": 12, "CONCENTR16": 632, "CONCENTR17": 899, "CONCENTR18": 226, "CONCENTR19": 287, "CONCENTR20": -61, "CONCENTR21": 35.76, "CONCENTR22": 45.41, "CONCENTR23": -9.65, "layer": "Ruta 49", "path": "D:/Atlas de Riesgos 2024/SHAPE/Secciones Electorares Distrito 15/Rutas/Ruta 49.gpkg|layername=Ruta 49" }, "geometry": { "type": "MultiPolygon", "coordinates": [ [ [ [ -99.062729834327783, 19.395699082111605 ], [ -99.062574115414236, 19.395672995595795 ], [ -99.062394384693079, 19.395642886371121 ], [ -99.062506357389907, 19.395210791939011 ], [ -99.062638786464021, 19.394554111440659 ], [ -99.062859422535098, 19.393460024018005 ], [ -99.062971707142154, 19.392903222773992 ], [ -99.063276711791133, 19.391550730995149 ], [ -99.063327770111187, 19.391324319231902 ], [ -99.063486951734163, 19.390618444026519 ], [ -99.063645573646014, 19.390643944812453 ], [ -99.063804195606821, 19.390669445459832 ], [ -99.064307010123159, 19.390750278795334 ], [ -99.064755047184036, 19.390822304772229 ], [ -99.064256200142495, 19.393114452826431 ], [ -99.063777885002736, 19.393038197757889 ], [ -99.063285912292642, 19.395272135112027 ], [ -99.062835607520881, 19.395189245255736 ], [ -99.062729834327783, 19.395699082111605 ] ] ] ] } },
{ "type": "Feature", "properties": { "fid": 3, "ID": 1859, "ENTIDAD": 9, "DISTRITO_F": 13, "DISTRITO_L": 11, "MUNICIPIO": 6, "SECCION": 1864, "TIPO": 2, "CONTROL": 40274, "GEOMETRY1_": null, "CONCENTRAD": 11, "CONCENTR_1": "Iztacalco", "CONCENTR_2": 158, "CONCENTR_3": 43, "CONCENTR_4": 11, "CONCENTR_5": 0, "CONCENTR_6": 0, "CONCENTR_7": 50, "CONCENTR_8": 0, "CONCENTR_9": 15, "CONCENTR10": 312, "CONCENTR11": 18, "CONCENTR12": 1, "CONCENTR13": 0, "CONCENTR14": 0, "CONCENTR15": 14, "CONCENTR16": 622, "CONCENTR17": 839, "CONCENTR18": 231, "CONCENTR19": 312, "CONCENTR20": -81, "CONCENTR21": 37.14, "CONCENTR22": 50.16, "CONCENTR23": -13.02, "layer": "Ruta 49", "path": "D:/Atlas de Riesgos 2024/SHAPE/Secciones Electorares Distrito 15/Rutas/Ruta 49.gpkg|layername=Ruta 49" }, "geometry": { "type": "MultiPolygon", "coordinates": [ [ [ [ -99.065639418853962, 19.393334964049807 ], [ -99.065297712046927, 19.393280490556879 ], [ -99.065156233096545, 19.393257793510291 ], [ -99.065005271312643, 19.39323387031931 ], [ -99.064744251961017, 19.393192258787153 ], [ -99.064676208167398, 19.393181076272828 ], [ -99.064477050624006, 19.3931496613165 ], [ -99.064256200142495, 19.393114452826431 ], [ -99.064755047184036, 19.390822304772229 ], [ -99.064307010123159, 19.390750278795334 ], [ -99.063804195606821, 19.390669445459832 ], [ -99.063645573646014, 19.390643944812453 ], [ -99.063486951734163, 19.390618444026519 ], [ -99.063557388894878, 19.390306095395363 ], [ -99.063766785015844, 19.390340887608264 ], [ -99.064897206904689, 19.390528708435468 ], [ -99.066189364172871, 19.390751584438146 ], [ -99.066127973266276, 19.391039973631141 ], [ -99.065639418853962, 19.393334964049807 ] ] ] ] } },
{ "type": "Feature", "properties": { "fid": 4, "ID": 1860, "ENTIDAD": 9, "DISTRITO_F": 13, "DISTRITO_L": 11, "MUNICIPIO": 6, "SECCION": 1865, "TIPO": 2, "CONTROL": 40272, "GEOMETRY1_": null, "CONCENTRAD": 11, "CONCENTR_1": "Iztacalco", "CONCENTR_2": 142, "CONCENTR_3": 59, "CONCENTR_4": 12, "CONCENTR_5": 0, "CONCENTR_6": 0, "CONCENTR_7": 35, "CONCENTR_8": 0, "CONCENTR_9": 28, "CONCENTR10": 286, "CONCENTR11": 8, "CONCENTR12": 0, "CONCENTR13": 0, "CONCENTR14": 0, "CONCENTR15": 12, "CONCENTR16": 583, "CONCENTR17": 844, "CONCENTR18": 221, "CONCENTR19": 286, "CONCENTR20": -65, "CONCENTR21": 37.91, "CONCENTR22": 49.06, "CONCENTR23": -11.15, "layer": "Ruta 49", "path": "D:/Atlas de Riesgos 2024/SHAPE/Secciones Electorares Distrito 15/Rutas/Ruta 49.gpkg|layername=Ruta 49" }, "geometry": { "type": "MultiPolygon", "coordinates": [ [ [ [ -99.06692945777273, 19.393546218922278 ], [ -99.066540720427881, 19.393485987518385 ], [ -99.06647848563351, 19.393476344707583 ], [ -99.066096970247287, 19.393417231292613 ], [ -99.065639418853962, 19.393334964049807 ], [ -99.066127973266276, 19.391039973631141 ], [ -99.066189364172871, 19.390751584438146 ], [ -99.066660584735374, 19.390836710144626 ], [ -99.067087575387674, 19.390914421780622 ], [ -99.067531091291784, 19.390994825333056 ], [ -99.067378450939913, 19.391642146753512 ], [ -99.067310441903444, 19.391930559662086 ], [ -99.067232160810306, 19.392262533045532 ], [ -99.067169606130648, 19.392527813077685 ], [ -99.06692945777273, 19.393546218922278 ] ] ] ] } },
{ "type": "Feature", "properties": { "fid": 5, "ID": 1861, "ENTIDAD": 9, "DISTRITO_F": 13, "DISTRITO_L": 11, "MUNICIPIO": 6, "SECCION": 1866, "TIPO": 2, "CONTROL": 40194, "GEOMETRY1_": null, "CONCENTRAD": 11, "CONCENTR_1": "Iztacalco", "CONCENTR_2": 166, "CONCENTR_3": 52, "CONCENTR_4": 11, "CONCENTR_5": 0, "CONCENTR_6": 0, "CONCENTR_7": 34, "CONCENTR_8": 0, "CONCENTR_9": 32, "CONCENTR10": 277, "CONCENTR11": 9, "CONCENTR12": 6, "CONCENTR13": 1, "CONCENTR14": 0, "CONCENTR15": 10, "CONCENTR16": 598, "CONCENTR17": 791, "CONCENTR18": 245, "CONCENTR19": 277, "CONCENTR20": -32, "CONCENTR21": 40.97, "CONCENTR22": 46.32, "CONCENTR23": -5.35, "layer": "Ruta 49", "path": "D:/Atlas de Riesgos 2024/SHAPE/Secciones Electorares Distrito 15/Rutas/Ruta 49.gpkg|layername=Ruta 49" }, "geometry": { "type": "MultiPolygon", "coordinates": [ [ [ [ -99.068247454556712, 19.393779496927316 ], [ -99.067770531162182, 19.393698379223704 ], [ -99.067345690764938, 19.393616938147407 ], [ -99.06692945777273, 19.393546218922278 ], [ -99.067169606130648, 19.392527813077685 ], [ -99.067232160810306, 19.392262533045532 ], [ -99.067310441903444, 19.391930559662086 ], [ -99.067378450939913, 19.391642146753512 ], [ -99.067531091291784, 19.390994825333056 ], [ -99.067928125366336, 19.391055636364896 ], [ -99.068363855272878, 19.391119196710807 ], [ -99.068838151344195, 19.391195015463161 ], [ -99.068772889978433, 19.391480558266537 ], [ -99.068667224702267, 19.391942881076254 ], [ -99.068545036373621, 19.392477494726471 ], [ -99.068247454556712, 19.393779496927316 ] ] ] ] } },
{ "type": "Feature", "properties": { "fid": 1, "ID": 1833, "ENTIDAD": 9, "DISTRITO_F": 13, "DISTRITO_L": 11, "MUNICIPIO": 6, "SECCION": 1838, "TIPO": 2, "CONTROL": 40164, "GEOMETRY1_": null, "CONCENTRAD": 11, "CONCENTR_1": "Iztacalco", "CONCENTR_2": 274, "CONCENTR_3": 105, "CONCENTR_4": 27, "CONCENTR_5": 0, "CONCENTR_6": 0, "CONCENTR_7": 73, "CONCENTR_8": 0, "CONCENTR_9": 39, "CONCENTR10": 594, "CONCENTR11": 31, "CONCENTR12": 4, "CONCENTR13": 0, "CONCENTR14": 0, "CONCENTR15": 22, "CONCENTR16": 1185, "CONCENTR17": 1715, "CONCENTR18": 441, "CONCENTR19": 594, "CONCENTR20": -153, "CONCENTR21": 37.22, "CONCENTR22": 50.13, "CONCENTR23": -12.91, "layer": "Ruta 50", "path": "D:/Atlas de Riesgos 2024/SHAPE/Secciones Electorares Distrito 15/Rutas/Ruta 50.gpkg|layername=Ruta 50" }, "geometry": { "type": "MultiPolygon", "coordinates": [ [ [ [ -99.058588763267522, 19.396084268298807 ], [ -99.058623655195845, 19.395716964558734 ], [ -99.058632247885882, 19.39562650994224 ], [ -99.058664520289653, 19.395521776473739 ], [ -99.058793355447875, 19.395103666989758 ], [ -99.059042683406659, 19.394294515175147 ], [ -99.061214971693516, 19.3946204711538 ], [ -99.061134192534823, 19.394990353265179 ], [ -99.061041055615647, 19.395416818442843 ], [ -99.060907637208956, 19.396037055724165 ], [ -99.060761312334094, 19.396717287243888 ], [ -99.06069238944805, 19.397037692277777 ], [ -99.060598480995679, 19.397474246782185 ], [ -99.059917282849781, 19.397367257039345 ], [ -99.05931910449263, 19.397273304255474 ], [ -99.058474256217039, 19.397140604762239 ], [ -99.05848633714362, 19.397029157916972 ], [ -99.058588763267522, 19.396084268298807 ] ] ] ] } },
{ "type": "Feature", "properties": { "fid": 2, "ID": 1854, "ENTIDAD": 9, "DISTRITO_F": 13, "DISTRITO_L": 11, "MUNICIPIO": 6, "SECCION": 1859, "TIPO": 2, "CONTROL": 40165, "GEOMETRY1_": null, "CONCENTRAD": 11, "CONCENTR_1": "Iztacalco", "CONCENTR_2": 191, "CONCENTR_3": 64, "CONCENTR_4": 21, "CONCENTR_5": 0, "CONCENTR_6": 0, "CONCENTR_7": 60, "CONCENTR_8": 0, "CONCENTR_9": 35, "CONCENTR10": 436, "CONCENTR11": 23, "CONCENTR12": 3, "CONCENTR13": 0, "CONCENTR14": 0, "CONCENTR15": 27, "CONCENTR16": 860, "CONCENTR17": 1261, "CONCENTR18": 302, "CONCENTR19": 436, "CONCENTR20": -134, "CONCENTR21": 35.12, "CONCENTR22": 50.7, "CONCENTR23": -15.58, "layer": "Ruta 50", "path": "D:/Atlas de Riesgos 2024/SHAPE/Secciones Electorares Distrito 15/Rutas/Ruta 50.gpkg|layername=Ruta 50" }, "geometry": { "type": "MultiPolygon", "coordinates": [ [ [ [ -99.059120103797454, 19.393824617529411 ], [ -99.0613175393581, 19.394143230514768 ], [ -99.061364740509276, 19.393928393105675 ], [ -99.061478009556112, 19.393412843399016 ], [ -99.061514588940668, 19.393245846780758 ], [ -99.061638478332043, 19.392682456086874 ], [ -99.062971707142154, 19.392903222773992 ], [ -99.062859422535098, 19.393460024018005 ], [ -99.062638786464021, 19.394554111440659 ], [ -99.062506357389907, 19.395210791939011 ], [ -99.062394384693079, 19.395642886371121 ], [ -99.061041055615647, 19.395416818442843 ], [ -99.061134192534823, 19.394990353265179 ], [ -99.061214971693516, 19.3946204711538 ], [ -99.059042683406659, 19.394294515175147 ], [ -99.059120103797454, 19.393824617529411 ] ] ] ] } },
{ "type": "Feature", "properties": { "fid": 3, "ID": 1855, "ENTIDAD": 9, "DISTRITO_F": 13, "DISTRITO_L": 11, "MUNICIPIO": 6, "SECCION": 1860, "TIPO": 2, "CONTROL": 40166, "GEOMETRY1_": null, "CONCENTRAD": 11, "CONCENTR_1": "Iztacalco", "CONCENTR_2": 158, "CONCENTR_3": 47, "CONCENTR_4": 17, "CONCENTR_5": 0, "CONCENTR_6": 0, "CONCENTR_7": 42, "CONCENTR_8": 0, "CONCENTR_9": 33, "CONCENTR10": 417, "CONCENTR11": 17, "CONCENTR12": 1, "CONCENTR13": 0, "CONCENTR14": 0, "CONCENTR15": 16, "CONCENTR16": 749, "CONCENTR17": 1035, "CONCENTR18": 240, "CONCENTR19": 417, "CONCENTR20": -177, "CONCENTR21": 32.04, "CONCENTR22": 55.67, "CONCENTR23": -23.63, "layer": "Ruta 50", "path": "D:/Atlas de Riesgos 2024/SHAPE/Secciones Electorares Distrito 15/Rutas/Ruta 50.gpkg|layername=Ruta 50" }, "geometry": { "type": "MultiPolygon", "coordinates": [ [ [ [ -99.059120103797454, 19.393824617529408 ], [ -99.059250921189275, 19.393030624318516 ], [ -99.059380610184533, 19.392304420517132 ], [ -99.061638478332043, 19.392682456086874 ], [ -99.061514588940668, 19.393245846780758 ], [ -99.061478009556112, 19.393412843399016 ], [ -99.061364740509276, 19.393928393105675 ], [ -99.0613175393581, 19.394143230514768 ], [ -99.059120103797454, 19.393824617529411 ], [ -99.059120103797454, 19.393824617529408 ] ] ] ] } },
{ "type": "Feature", "properties": { "fid": 4, "ID": 1856, "ENTIDAD": 9, "DISTRITO_F": 13, "DISTRITO_L": 11, "MUNICIPIO": 6, "SECCION": 1861, "TIPO": 2, "CONTROL": 40180, "GEOMETRY1_": null, "CONCENTRAD": 11, "CONCENTR_1": "Iztacalco", "CONCENTR_2": 214, "CONCENTR_3": 79, "CONCENTR_4": 15, "CONCENTR_5": 0, "CONCENTR_6": 0, "CONCENTR_7": 57, "CONCENTR_8": 0, "CONCENTR_9": 40, "CONCENTR10": 479, "CONCENTR11": 20, "CONCENTR12": 6, "CONCENTR13": 2, "CONCENTR14": 0, "CONCENTR15": 18, "CONCENTR16": 931, "CONCENTR17": 1316, "CONCENTR18": 336, "CONCENTR19": 479, "CONCENTR20": -143, "CONCENTR21": 36.09, "CONCENTR22": 51.45, "CONCENTR23": -15.36, "layer": "Ruta 50", "path": "D:/Atlas de Riesgos 2024/SHAPE/Secciones Electorares Distrito 15/Rutas/Ruta 50.gpkg|layername=Ruta 50" }, "geometry": { "type": "MultiPolygon", "coordinates": [ [ [ [ -99.059451571993748, 19.391910321730563 ], [ -99.059533393215418, 19.391395761900384 ], [ -99.059610987280095, 19.390874775252694 ], [ -99.05963575022362, 19.390708509732168 ], [ -99.059778414979178, 19.389911729712775 ], [ -99.059821699856158, 19.389686269757178 ], [ -99.062181655602444, 19.390071515466403 ], [ -99.061953653792713, 19.391099423284807 ], [ -99.061912138841791, 19.391314729142191 ], [ -99.061822782628084, 19.391779936815901 ], [ -99.061776833841463, 19.391989404322388 ], [ -99.061718034692674, 19.392258528800095 ], [ -99.059451571993748, 19.391910321730577 ], [ -99.059451571993748, 19.391910321730563 ] ] ] ] } },
{ "type": "Feature", "properties": { "fid": 5, "ID": 1857, "ENTIDAD": 9, "DISTRITO_F": 13, "DISTRITO_L": 11, "MUNICIPIO": 6, "SECCION": 1862, "TIPO": 2, "CONTROL": 40174, "GEOMETRY1_": null, "CONCENTRAD": 11, "CONCENTR_1": "Iztacalco", "CONCENTR_2": 159, "CONCENTR_3": 84, "CONCENTR_4": 27, "CONCENTR_5": 0, "CONCENTR_6": 0, "CONCENTR_7": 50, "CONCENTR_8": 0, "CONCENTR_9": 37, "CONCENTR10": 468, "CONCENTR11": 14, "CONCENTR12": 3, "CONCENTR13": 1, "CONCENTR14": 0, "CONCENTR15": 20, "CONCENTR16": 863, "CONCENTR17": 1333, "CONCENTR18": 288, "CONCENTR19": 468, "CONCENTR20": -180, "CONCENTR21": 33.37, "CONCENTR22": 54.23, "CONCENTR23": -20.86, "layer": "Ruta 50", "path": "D:/Atlas de Riesgos 2024/SHAPE/Secciones Electorares Distrito 15/Rutas/Ruta 50.gpkg|layername=Ruta 50" }, "geometry": { "type": "MultiPolygon", "coordinates": [ [ [ [ -99.059451571993748, 19.391910321730577 ], [ -99.061718034692674, 19.392258528800095 ], [ -99.061776833841463, 19.391989404322388 ], [ -99.061822782628084, 19.391779936815901 ], [ -99.061912138841791, 19.391314729142191 ], [ -99.061953653792713, 19.391099423284807 ], [ -99.062181655602444, 19.390071515466403 ], [ -99.06272627296228, 19.390164380941652 ], [ -99.063557388894878, 19.390306095395363 ], [ -99.063486951734163, 19.390618444026519 ], [ -99.063327770111187, 19.391324319231902 ], [ -99.063276711791133, 19.391550730995149 ], [ -99.062971707142154, 19.392903222773992 ], [ -99.061638478332043, 19.392682456086874 ], [ -99.059380610184533, 19.392304420517132 ], [ -99.059451571993748, 19.391910321730577 ] ] ] ] } },
{ "type": "Feature", "properties": { "fid": 1, "ID": 1835, "ENTIDAD": 9, "DISTRITO_F": 13, "DISTRITO_L": 11, "MUNICIPIO": 6, "SECCION": 1840, "TIPO": 2, "CONTROL": 40061, "GEOMETRY1_": null, "CONCENTRAD": 11, "CONCENTR_1": "Iztacalco", "CONCENTR_2": 132, "CONCENTR_3": 43, "CONCENTR_4": 14, "CONCENTR_5": 0, "CONCENTR_6": 0, "CONCENTR_7": 50, "CONCENTR_8": 0, "CONCENTR_9": 29, "CONCENTR10": 393, "CONCENTR11": 10, "CONCENTR12": 2, "CONCENTR13": 0, "CONCENTR14": 0, "CONCENTR15": 15, "CONCENTR16": 689, "CONCENTR17": 1039, "CONCENTR18": 201, "CONCENTR19": 393, "CONCENTR20": -192, "CONCENTR21": 29.17, "CONCENTR22": 57.04, "CONCENTR23": -27.87, "layer": "Ruta 51", "path": "D:/Atlas de Riesgos 2024/SHAPE/Secciones Electorares Distrito 15/Rutas/Ruta 51.gpkg|layername=Ruta 51" }, "geometry": { "type": "MultiPolygon", "coordinates": [ [ [ [ -99.065450673289234, 19.398929803101851 ], [ -99.064993683729909, 19.398854639432514 ], [ -99.064448534270966, 19.398764974009058 ], [ -99.065037052551091, 19.396081586111144 ], [ -99.065139740183852, 19.395613365858502 ], [ -99.065639418853962, 19.393334964049807 ], [ -99.066096970247287, 19.393417231292613 ], [ -99.065511605333043, 19.396160823261457 ], [ -99.065922233014604, 19.396223421660441 ], [ -99.066026144223969, 19.396239262316286 ], [ -99.065450673289234, 19.398929803101851 ] ] ] ] } },
{ "type": "Feature", "properties": { "fid": 2, "ID": 1836, "ENTIDAD": 9, "DISTRITO_F": 13, "DISTRITO_L": 11, "MUNICIPIO": 6, "SECCION": 1841, "TIPO": 2, "CONTROL": 40059, "GEOMETRY1_": null, "CONCENTRAD": 11, "CONCENTR_1": "Iztacalco", "CONCENTR_2": 176, "CONCENTR_3": 44, "CONCENTR_4": 13, "CONCENTR_5": 0, "CONCENTR_6": 0, "CONCENTR_7": 44, "CONCENTR_8": 0, "CONCENTR_9": 41, "CONCENTR10": 377, "CONCENTR11": 12, "CONCENTR12": 1, "CONCENTR13": 0, "CONCENTR14": 1, "CONCENTR15": 12, "CONCENTR16": 722, "CONCENTR17": 1012, "CONCENTR18": 246, "CONCENTR19": 377, "CONCENTR20": -131, "CONCENTR21": 34.07, "CONCENTR22": 52.22, "CONCENTR23": -18.14, "layer": "Ruta 51", "path": "D:/Atlas de Riesgos 2024/SHAPE/Secciones Electorares Distrito 15/Rutas/Ruta 51.gpkg|layername=Ruta 51" }, "geometry": { "type": "MultiPolygon", "coordinates": [ [ [ [ -99.06699334039557, 19.399191744799843 ], [ -99.066452895785361, 19.399099980004667 ], [ -99.065951784278994, 19.399014892245116 ], [ -99.065450673289234, 19.398929803101851 ], [ -99.066026144223969, 19.396239262316286 ], [ -99.06629995524078, 19.39627759429899 ], [ -99.066565377765073, 19.396321447245224 ], [ -99.06670217820286, 19.396344489881322 ], [ -99.067059118579408, 19.396404610286933 ], [ -99.067152685695817, 19.396420372491765 ], [ -99.067618114044976, 19.396495521101926 ], [ -99.06699334039557, 19.399191744799843 ] ] ] ] } },
{ "type": "Feature", "properties": { "fid": 3, "ID": 1851, "ENTIDAD": 9, "DISTRITO_F": 13, "DISTRITO_L": 11, "MUNICIPIO": 6, "SECCION": 1856, "TIPO": 2, "CONTROL": 40065, "GEOMETRY1_": null, "CONCENTRAD": 11, "CONCENTR_1": "Iztacalco", "CONCENTR_2": 160, "CONCENTR_3": 39, "CONCENTR_4": 17, "CONCENTR_5": 0, "CONCENTR_6": 0, "CONCENTR_7": 48, "CONCENTR_8": 0, "CONCENTR_9": 31, "CONCENTR10": 313, "CONCENTR11": 19, "CONCENTR12": 1, "CONCENTR13": 0, "CONCENTR14": 1, "CONCENTR15": 5, "CONCENTR16": 634, "CONCENTR17": 904, "CONCENTR18": 236, "CONCENTR19": 313, "CONCENTR20": -77, "CONCENTR21": 37.22, "CONCENTR22": 49.37, "CONCENTR23": -12.15, "layer": "Ruta 51", "path": "D:/Atlas de Riesgos 2024/SHAPE/Secciones Electorares Distrito 15/Rutas/Ruta 51.gpkg|layername=Ruta 51" }, "geometry": { "type": "MultiPolygon", "coordinates": [ [ [ [ -99.070123891007384, 19.396901354576002 ], [ -99.069599087909097, 19.396814656528651 ], [ -99.069125054190749, 19.396736753285435 ], [ -99.068617909857039, 19.396653376040597 ], [ -99.069265073498968, 19.393943623162972 ], [ -99.069757421000062, 19.394019006176432 ], [ -99.070252246973155, 19.394094767252593 ], [ -99.070775780316367, 19.394174922070171 ], [ -99.070123891007384, 19.396901354576002 ] ] ] ] } },
{ "type": "Feature", "properties": { "fid": 4, "ID": 1852, "ENTIDAD": 9, "DISTRITO_F": 13, "DISTRITO_L": 11, "MUNICIPIO": 6, "SECCION": 1857, "TIPO": 2, "CONTROL": 40064, "GEOMETRY1_": null, "CONCENTRAD": 11, "CONCENTR_1": "Iztacalco", "CONCENTR_2": 256, "CONCENTR_3": 63, "CONCENTR_4": 19, "CONCENTR_5": 0, "CONCENTR_6": 0, "CONCENTR_7": 44, "CONCENTR_8": 0, "CONCENTR_9": 35, "CONCENTR10": 389, "CONCENTR11": 19, "CONCENTR12": 2, "CONCENTR13": 1, "CONCENTR14": 1, "CONCENTR15": 9, "CONCENTR16": 838, "CONCENTR17": 1093, "CONCENTR18": 360, "CONCENTR19": 389, "CONCENTR20": -29, "CONCENTR21": 42.96, "CONCENTR22": 46.42, "CONCENTR23": -3.46, "layer": "Ruta 51", "path": "D:/Atlas de Riesgos 2024/SHAPE/Secciones Electorares Distrito 15/Rutas/Ruta 51.gpkg|layername=Ruta 51" }, "geometry": { "type": "MultiPolygon", "coordinates": [ [ [ [ -99.068617909857039, 19.396653376040597 ], [ -99.068141846502826, 19.396578212465645 ], [ -99.067618114044976, 19.396495521101926 ], [ -99.067152685695817, 19.396420372491765 ], [ -99.067770531162182, 19.393698379223704 ], [ -99.068247454556712, 19.393779496927316 ], [ -99.068762669354669, 19.393862593879152 ], [ -99.069265073498968, 19.393943623162972 ], [ -99.068617909857039, 19.396653376040597 ] ] ] ] } },
{ "type": "Feature", "properties": { "fid": 5, "ID": 1897, "ENTIDAD": 9, "DISTRITO_F": 13, "DISTRITO_L": 11, "MUNICIPIO": 6, "SECCION": 1902, "TIPO": 2, "CONTROL": 40062, "GEOMETRY1_": null, "CONCENTRAD": 11, "CONCENTR_1": "Iztacalco", "CONCENTR_2": 231, "CONCENTR_3": 66, "CONCENTR_4": 23, "CONCENTR_5": 0, "CONCENTR_6": 0, "CONCENTR_7": 38, "CONCENTR_8": 0, "CONCENTR_9": 51, "CONCENTR10": 465, "CONCENTR11": 26, "CONCENTR12": 5, "CONCENTR13": 2, "CONCENTR14": 0, "CONCENTR15": 11, "CONCENTR16": 918, "CONCENTR17": 1302, "CONCENTR18": 353, "CONCENTR19": 465, "CONCENTR20": -112, "CONCENTR21": 38.45, "CONCENTR22": 50.65, "CONCENTR23": -12.2, "layer": "Ruta 51", "path": "D:/Atlas de Riesgos 2024/SHAPE/Secciones Electorares Distrito 15/Rutas/Ruta 51.gpkg|layername=Ruta 51" }, "geometry": { "type": "MultiPolygon", "coordinates": [ [ [ [ -99.067152685695817, 19.396420372491765 ], [ -99.067059118579408, 19.396404610286933 ], [ -99.06670217820286, 19.396344489881322 ], [ -99.066565377765073, 19.396321447245224 ], [ -99.06629995524078, 19.39627759429899 ], [ -99.066026144223969, 19.396239262316286 ], [ -99.065922233014604, 19.396223421660441 ], [ -99.065511605333043, 19.396160823261457 ], [ -99.066096970247287, 19.393417231292613 ], [ -99.06647848563351, 19.393476344707583 ], [ -99.066540720427881, 19.393485987518385 ], [ -99.06692945777273, 19.393546218922278 ], [ -99.067345690764938, 19.393616938147407 ], [ -99.067770531162182, 19.393698379223704 ], [ -99.067152685695817, 19.396420372491765 ] ] ] ] } },
{ "type": "Feature", "properties": { "fid": 1, "ID": 1828, "ENTIDAD": 9, "DISTRITO_F": 13, "DISTRITO_L": 11, "MUNICIPIO": 6, "SECCION": 1833, "TIPO": 2, "CONTROL": 40054, "GEOMETRY1_": null, "CONCENTRAD": 11, "CONCENTR_1": "Iztacalco", "CONCENTR_2": 309, "CONCENTR_3": 71, "CONCENTR_4": 22, "CONCENTR_5": 0, "CONCENTR_6": 0, "CONCENTR_7": 67, "CONCENTR_8": 0, "CONCENTR_9": 53, "CONCENTR10": 448, "CONCENTR11": 16, "CONCENTR12": 1, "CONCENTR13": 0, "CONCENTR14": 0, "CONCENTR15": 13, "CONCENTR16": 1001, "CONCENTR17": 1425, "CONCENTR18": 419, "CONCENTR19": 448, "CONCENTR20": -29, "CONCENTR21": 41.86, "CONCENTR22": 44.76, "CONCENTR23": -2.9, "layer": "Ruta 52", "path": "D:/Atlas de Riesgos 2024/SHAPE/Secciones Electorares Distrito 15/Rutas/Ruta 52.gpkg|layername=Ruta 52" }, "geometry": { "type": "MultiPolygon", "coordinates": [ [ [ [ -99.070931868169097, 19.404816959068626 ], [ -99.070871986381974, 19.404783344749088 ], [ -99.069954353156419, 19.404268232049599 ], [ -99.069914590504581, 19.404245911136886 ], [ -99.068542519465666, 19.403475684840807 ], [ -99.068756449453076, 19.402638058367494 ], [ -99.068822831398691, 19.402378143148237 ], [ -99.068939983763244, 19.401886253682992 ], [ -99.069004809801413, 19.401614066277656 ], [ -99.069087925595824, 19.40129796186195 ], [ -99.069124735831707, 19.401157965466563 ], [ -99.069399862533118, 19.399905274475181 ], [ -99.069481108364442, 19.399586726311558 ], [ -99.070146037400406, 19.399696914205634 ], [ -99.070762431061283, 19.399799056812775 ], [ -99.071372620988001, 19.399900169212593 ], [ -99.072037848237386, 19.400010399172537 ], [ -99.071968342675419, 19.400312183967106 ], [ -99.071685049440333, 19.401543471820641 ], [ -99.071673086242015, 19.401595467493721 ], [ -99.071540843743477, 19.402170231077019 ], [ -99.071391376688766, 19.402809206421242 ], [ -99.071237966330202, 19.403465034164526 ], [ -99.071145415052499, 19.403888852171267 ], [ -99.071055863779222, 19.404278056797359 ], [ -99.070931868169097, 19.404816959068626 ] ] ] ] } },
{ "type": "Feature", "properties": { "fid": 2, "ID": 1829, "ENTIDAD": 9, "DISTRITO_F": 13, "DISTRITO_L": 11, "MUNICIPIO": 6, "SECCION": 1834, "TIPO": 2, "CONTROL": 40056, "GEOMETRY1_": null, "CONCENTRAD": 11, "CONCENTR_1": "Iztacalco", "CONCENTR_2": 175, "CONCENTR_3": 67, "CONCENTR_4": 24, "CONCENTR_5": 0, "CONCENTR_6": 0, "CONCENTR_7": 54, "CONCENTR_8": 0, "CONCENTR_9": 28, "CONCENTR10": 372, "CONCENTR11": 20, "CONCENTR12": 6, "CONCENTR13": 0, "CONCENTR14": 0, "CONCENTR15": 18, "CONCENTR16": 764, "CONCENTR17": 1084, "CONCENTR18": 292, "CONCENTR19": 372, "CONCENTR20": -80, "CONCENTR21": 38.22, "CONCENTR22": 48.69, "CONCENTR23": -10.47, "layer": "Ruta 52", "path": "D:/Atlas de Riesgos 2024/SHAPE/Secciones Electorares Distrito 15/Rutas/Ruta 52.gpkg|layername=Ruta 52" }, "geometry": { "type": "MultiPolygon", "coordinates": [ [ [ [ -99.069004809801413, 19.401614066277656 ], [ -99.068081505439537, 19.401407585047043 ], [ -99.067728742548141, 19.401328694281155 ], [ -99.067618497947393, 19.401304039374729 ], [ -99.067125368753011, 19.401193755927704 ], [ -99.066587210804343, 19.401073400548157 ], [ -99.066702787606843, 19.400537921401739 ], [ -99.066747479163666, 19.400330859888225 ], [ -99.06699334039557, 19.399191744799843 ], [ -99.067532022165395, 19.399277274051776 ], [ -99.06799822009414, 19.399350554354559 ], [ -99.068520771288277, 19.39943425840222 ], [ -99.068975166603678, 19.399506401139767 ], [ -99.069481108364442, 19.399586726311558 ], [ -99.069399862533118, 19.399905274475181 ], [ -99.069124735831707, 19.401157965466563 ], [ -99.069087925595824, 19.40129796186195 ], [ -99.069004809801413, 19.401614066277656 ] ] ] ] } },
{ "type": "Feature", "properties": { "fid": 3, "ID": 1837, "ENTIDAD": 9, "DISTRITO_F": 13, "DISTRITO_L": 11, "MUNICIPIO": 6, "SECCION": 1842, "TIPO": 2, "CONTROL": 40058, "GEOMETRY1_": null, "CONCENTRAD": 11, "CONCENTR_1": "Iztacalco", "CONCENTR_2": 186, "CONCENTR_3": 59, "CONCENTR_4": 23, "CONCENTR_5": 0, "CONCENTR_6": 0, "CONCENTR_7": 40, "CONCENTR_8": 0, "CONCENTR_9": 41, "CONCENTR10": 429, "CONCENTR11": 8, "CONCENTR12": 2, "CONCENTR13": 0, "CONCENTR14": 1, "CONCENTR15": 12, "CONCENTR16": 801, "CONCENTR17": 1095, "CONCENTR18": 278, "CONCENTR19": 429, "CONCENTR20": -151, "CONCENTR21": 34.71, "CONCENTR22": 53.56, "CONCENTR23": -18.85, "layer": "Ruta 52", "path": "D:/Atlas de Riesgos 2024/SHAPE/Secciones Electorares Distrito 15/Rutas/Ruta 52.gpkg|layername=Ruta 52" }, "geometry": { "type": "MultiPolygon", "coordinates": [ [ [ [ -99.068520771288277, 19.39943425840222 ], [ -99.06799822009414, 19.399350554354559 ], [ -99.067532022165395, 19.399277274051776 ], [ -99.06699334039557, 19.399191744799843 ], [ -99.067618114044976, 19.396495521101926 ], [ -99.068141846502826, 19.396578212465645 ], [ -99.068617909857039, 19.396653376040597 ], [ -99.069125054190749, 19.396736753285435 ], [ -99.068520771288277, 19.39943425840222 ] ] ] ] } },
{ "type": "Feature", "properties": { "fid": 4, "ID": 1838, "ENTIDAD": 9, "DISTRITO_F": 13, "DISTRITO_L": 11, "MUNICIPIO": 6, "SECCION": 1843, "TIPO": 2, "CONTROL": 40057, "GEOMETRY1_": null, "CONCENTRAD": 11, "CONCENTR_1": "Iztacalco", "CONCENTR_2": 130, "CONCENTR_3": 43, "CONCENTR_4": 16, "CONCENTR_5": 0, "CONCENTR_6": 0, "CONCENTR_7": 43, "CONCENTR_8": 0, "CONCENTR_9": 27, "CONCENTR10": 291, "CONCENTR11": 10, "CONCENTR12": 1, "CONCENTR13": 0, "CONCENTR14": 0, "CONCENTR15": 9, "CONCENTR16": 572, "CONCENTR17": 793, "CONCENTR18": 200, "CONCENTR19": 291, "CONCENTR20": -91, "CONCENTR21": 34.97, "CONCENTR22": 50.87, "CONCENTR23": -15.91, "layer": "Ruta 52", "path": "D:/Atlas de Riesgos 2024/SHAPE/Secciones Electorares Distrito 15/Rutas/Ruta 52.gpkg|layername=Ruta 52" }, "geometry": { "type": "MultiPolygon", "coordinates": [ [ [ [ -99.069481108364442, 19.399586726311558 ], [ -99.068975166603678, 19.399506401139767 ], [ -99.068520771288277, 19.39943425840222 ], [ -99.069125054190749, 19.396736753285435 ], [ -99.069599087909097, 19.396814656528651 ], [ -99.070123891007384, 19.396901354576002 ], [ -99.069783905839927, 19.398277362881643 ], [ -99.069481108364442, 19.399586726311558 ] ] ] ] } },
{ "type": "Feature", "properties": { "fid": 5, "ID": 1839, "ENTIDAD": 9, "DISTRITO_F": 13, "DISTRITO_L": 11, "MUNICIPIO": 6, "SECCION": 1844, "TIPO": 2, "CONTROL": 39895, "GEOMETRY1_": null, "CONCENTRAD": 11, "CONCENTR_1": "Iztacalco", "CONCENTR_2": 153, "CONCENTR_3": 43, "CONCENTR_4": 17, "CONCENTR_5": 0, "CONCENTR_6": 0, "CONCENTR_7": 44, "CONCENTR_8": 0, "CONCENTR_9": 39, "CONCENTR10": 306, "CONCENTR11": 9, "CONCENTR12": 2, "CONCENTR13": 0, "CONCENTR14": 1, "CONCENTR15": 6, "CONCENTR16": 620, "CONCENTR17": 830, "CONCENTR18": 224, "CONCENTR19": 306, "CONCENTR20": -82, "CONCENTR21": 36.13, "CONCENTR22": 49.35, "CONCENTR23": -13.23, "layer": "Ruta 52", "path": "D:/Atlas de Riesgos 2024/SHAPE/Secciones Electorares Distrito 15/Rutas/Ruta 52.gpkg|layername=Ruta 52" }, "geometry": { "type": "MultiPolygon", "coordinates": [ [ [ [ -99.072037848237386, 19.400010399172537 ], [ -99.071372620988001, 19.399900169212593 ], [ -99.070762431061283, 19.399799056812775 ], [ -99.070146037400406, 19.399696914205634 ], [ -99.069481108364442, 19.399586726311558 ], [ -99.069783905839927, 19.398277362881643 ], [ -99.070453246405989, 19.398385145466715 ], [ -99.07105810556267, 19.398482444361775 ], [ -99.071668582998527, 19.398562989694931 ], [ -99.072344930670184, 19.39867553340849 ], [ -99.072037848237386, 19.400010399172537 ] ] ] ] } },
{ "type": "Feature", "properties": { "fid": 1, "ID": 1830, "ENTIDAD": 9, "DISTRITO_F": 13, "DISTRITO_L": 11, "MUNICIPIO": 6, "SECCION": 1835, "TIPO": 2, "CONTROL": 40074, "GEOMETRY1_": null, "CONCENTRAD": 11, "CONCENTR_1": "Iztacalco", "CONCENTR_2": 200, "CONCENTR_3": 63, "CONCENTR_4": 24, "CONCENTR_5": 0, "CONCENTR_6": 0, "CONCENTR_7": 41, "CONCENTR_8": 0, "CONCENTR_9": 45, "CONCENTR10": 409, "CONCENTR11": 19, "CONCENTR12": 4, "CONCENTR13": 1, "CONCENTR14": 0, "CONCENTR15": 9, "CONCENTR16": 816, "CONCENTR17": 1169, "CONCENTR18": 311, "CONCENTR19": 409, "CONCENTR20": -98, "CONCENTR21": 38.11, "CONCENTR22": 50.12, "CONCENTR23": -12.01, "layer": "Ruta 53", "path": "D:/Atlas de Riesgos 2024/SHAPE/Secciones Electorares Distrito 15/Rutas/Ruta 53.gpkg|layername=Ruta 53" }, "geometry": { "type": "MultiPolygon", "coordinates": [ [ [ [ -99.058377542992574, 19.398005736396158 ], [ -99.058425565234018, 19.397661296642109 ], [ -99.059686074349685, 19.398412374472894 ], [ -99.059707004043915, 19.398425007062354 ], [ -99.059724579274558, 19.398435520532026 ], [ -99.060334867653097, 19.398779758579185 ], [ -99.06091374410245, 19.399106275228561 ], [ -99.061034857035892, 19.399170185100026 ], [ -99.06105730328737, 19.399184279407326 ], [ -99.061578784938632, 19.399481389204105 ], [ -99.061704120054387, 19.399545738027491 ], [ -99.061861673052817, 19.399640949997984 ], [ -99.062256549886015, 19.399863675876666 ], [ -99.062612645905872, 19.400064526607949 ], [ -99.063076633927892, 19.400331710979511 ], [ -99.063540623462373, 19.400598894154687 ], [ -99.063789776048139, 19.400742365026751 ], [ -99.063824247151672, 19.400762214660602 ], [ -99.06404117799552, 19.400887130556526 ], [ -99.064448534270966, 19.398764974009058 ], [ -99.064993683729909, 19.398854639432514 ], [ -99.065450673289234, 19.398929803101851 ], [ -99.065951784278994, 19.399014892245116 ], [ -99.066452895785361, 19.399099980004667 ], [ -99.06699334039557, 19.399191744799843 ], [ -99.066747479163666, 19.400330859888225 ], [ -99.066702787606843, 19.400537921401739 ], [ -99.066587210804343, 19.401073400548157 ], [ -99.066488216648963, 19.401495123237957 ], [ -99.066401344021656, 19.401865205451301 ], [ -99.066327754230727, 19.402178700700485 ], [ -99.066893510391822, 19.402510067515479 ], [ -99.067134081019617, 19.402650970246032 ], [ -99.067174294039717, 19.402678439619145 ], [ -99.067385112437563, 19.402797361653402 ], [ -99.068542519465666, 19.403475684840807 ], [ -99.069914590504581, 19.404245911136886 ], [ -99.069954353156419, 19.404268232049599 ], [ -99.070871986381974, 19.404783344749088 ], [ -99.070931868169097, 19.404816959068626 ], [ -99.070853360404044, 19.405198528200717 ], [ -99.070783467665834, 19.405149071935742 ], [ -99.069622460921465, 19.404488031447269 ], [ -99.069576393668669, 19.404461544684864 ], [ -99.067683713630217, 19.403373314450576 ], [ -99.066938147755664, 19.402944628583807 ], [ -99.066888506105457, 19.402916085411814 ], [ -99.065754692538519, 19.402264153918178 ], [ -99.063771543256109, 19.401122748725601 ], [ -99.06366726237205, 19.401064370389722 ], [ -99.063632478166397, 19.401043647987674 ], [ -99.061671373932469, 19.399909164433588 ], [ -99.060913023452244, 19.399460869805409 ], [ -99.060880554238963, 19.399441675686123 ], [ -99.059553331036113, 19.398681732676479 ], [ -99.059527255448486, 19.398665316302754 ], [ -99.058377542992574, 19.398005736396165 ], [ -99.058377542992574, 19.398005736396158 ] ] ] ] } },
{ "type": "Feature", "properties": { "fid": 2, "ID": 1831, "ENTIDAD": 9, "DISTRITO_F": 13, "DISTRITO_L": 11, "MUNICIPIO": 6, "SECCION": 1836, "TIPO": 2, "CONTROL": 40075, "GEOMETRY1_": null, "CONCENTRAD": 11, "CONCENTR_1": "Iztacalco", "CONCENTR_2": 194, "CONCENTR_3": 66, "CONCENTR_4": 24, "CONCENTR_5": 0, "CONCENTR_6": 0, "CONCENTR_7": 45, "CONCENTR_8": 0, "CONCENTR_9": 44, "CONCENTR10": 399, "CONCENTR11": 19, "CONCENTR12": 4, "CONCENTR13": 0, "CONCENTR14": 2, "CONCENTR15": 16, "CONCENTR16": 815, "CONCENTR17": 1157, "CONCENTR18": 307, "CONCENTR19": 399, "CONCENTR20": -92, "CONCENTR21": 37.67, "CONCENTR22": 48.96, "CONCENTR23": -11.29, "layer": "Ruta 53", "path": "D:/Atlas de Riesgos 2024/SHAPE/Secciones Electorares Distrito 15/Rutas/Ruta 53.gpkg|layername=Ruta 53" }, "geometry": { "type": "MultiPolygon", "coordinates": [ [ [ [ -99.06404117799552, 19.400887130556526 ], [ -99.063824247151672, 19.400762214660602 ], [ -99.063789776048139, 19.400742365026751 ], [ -99.063540623462373, 19.400598894154687 ], [ -99.063076633927892, 19.400331710979511 ], [ -99.062612645905872, 19.400064526607949 ], [ -99.062945424551131, 19.398521791720377 ], [ -99.063525468055801, 19.395832131321566 ], [ -99.06402687271671, 19.395918025067449 ], [ -99.063445096619347, 19.398599995607654 ], [ -99.063639413400196, 19.398632369605203 ], [ -99.063942918128205, 19.398689388068163 ], [ -99.064519563746188, 19.395999720058249 ], [ -99.065037052551091, 19.396081586111144 ], [ -99.064448534270966, 19.398764974009058 ], [ -99.06404117799552, 19.400887130556526 ] ] ] ] } },
{ "type": "Feature", "properties": { "fid": 3, "ID": 1832, "ENTIDAD": 9, "DISTRITO_F": 13, "DISTRITO_L": 11, "MUNICIPIO": 6, "SECCION": 1837, "TIPO": 2, "CONTROL": 40162, "GEOMETRY1_": null, "CONCENTRAD": 11, "CONCENTR_1": "Iztacalco", "CONCENTR_2": 324, "CONCENTR_3": 134, "CONCENTR_4": 37, "CONCENTR_5": 0, "CONCENTR_6": 0, "CONCENTR_7": 113, "CONCENTR_8": 0, "CONCENTR_9": 69, "CONCENTR10": 858, "CONCENTR11": 48, "CONCENTR12": 2, "CONCENTR13": 2, "CONCENTR14": 0, "CONCENTR15": 31, "CONCENTR16": 1619, "CONCENTR17": 2274, "CONCENTR18": 547, "CONCENTR19": 858, "CONCENTR20": -311, "CONCENTR21": 33.79, "CONCENTR22": 53.0, "CONCENTR23": -19.21, "layer": "Ruta 53", "path": "D:/Atlas de Riesgos 2024/SHAPE/Secciones Electorares Distrito 15/Rutas/Ruta 53.gpkg|layername=Ruta 53" }, "geometry": { "type": "MultiPolygon", "coordinates": [ [ [ [ -99.05846908729275, 19.397195880387592 ], [ -99.058474256217039, 19.397140604762239 ], [ -99.05931910449263, 19.397273304255474 ], [ -99.059917282849781, 19.397367257039345 ], [ -99.060598480995679, 19.397474246782185 ], [ -99.06069238944805, 19.397037692277777 ], [ -99.060761312334094, 19.396717287243888 ], [ -99.060907637208956, 19.396037055724165 ], [ -99.061041055453856, 19.395416819314903 ], [ -99.062394384693079, 19.395642886371121 ], [ -99.061821428683999, 19.39833441158471 ], [ -99.062144586237793, 19.398387234673713 ], [ -99.062549006864785, 19.3984536600911 ], [ -99.062945424551131, 19.398521791720377 ], [ -99.062612645905872, 19.400064526607949 ], [ -99.062256549886015, 19.399863675876666 ], [ -99.061861673052817, 19.399640949997984 ], [ -99.061704120054387, 19.399545738027491 ], [ -99.061578784938632, 19.399481389204105 ], [ -99.06105730328737, 19.399184279407326 ], [ -99.061034857035892, 19.399170185100026 ], [ -99.06091374410245, 19.399106275228561 ], [ -99.060334867653097, 19.398779758579185 ], [ -99.059724579274558, 19.398435520532026 ], [ -99.059707004043915, 19.398425007062354 ], [ -99.059686074349685, 19.398412374472894 ], [ -99.058425565234018, 19.397661296642109 ], [ -99.05846908729275, 19.397195880387592 ] ] ] ] } },
{ "type": "Feature", "properties": { "fid": 4, "ID": 1834, "ENTIDAD": 9, "DISTRITO_F": 13, "DISTRITO_L": 11, "MUNICIPIO": 6, "SECCION": 1839, "TIPO": 2, "CONTROL": 40083, "GEOMETRY1_": null, "CONCENTRAD": 11, "CONCENTR_1": "Iztacalco", "CONCENTR_2": 261, "CONCENTR_3": 74, "CONCENTR_4": 22, "CONCENTR_5": 0, "CONCENTR_6": 0, "CONCENTR_7": 55, "CONCENTR_8": 0, "CONCENTR_9": 40, "CONCENTR10": 467, "CONCENTR11": 27, "CONCENTR12": 7, "CONCENTR13": 1, "CONCENTR14": 0, "CONCENTR15": 26, "CONCENTR16": 980, "CONCENTR17": 1393, "CONCENTR18": 392, "CONCENTR19": 467, "CONCENTR20": -75, "CONCENTR21": 40.0, "CONCENTR22": 47.65, "CONCENTR23": -7.65, "layer": "Ruta 53", "path": "D:/Atlas de Riesgos 2024/SHAPE/Secciones Electorares Distrito 15/Rutas/Ruta 53.gpkg|layername=Ruta 53" }, "geometry": { "type": "MultiPolygon", "coordinates": [ [ [ [ -99.063942918128205, 19.398689388068163 ], [ -99.063639413400196, 19.398632369605203 ], [ -99.063445096619347, 19.398599995607654 ], [ -99.06402687271671, 19.395918025067449 ], [ -99.063525468055801, 19.395832131321566 ], [ -99.062945424551131, 19.398521791720377 ], [ -99.062549006864785, 19.3984536600911 ], [ -99.062144586237793, 19.398387234673713 ], [ -99.061821428683999, 19.39833441158471 ], [ -99.062394384693079, 19.395642886371121 ], [ -99.062574115414236, 19.395672995595795 ], [ -99.062729834327783, 19.395699082111605 ], [ -99.062835607520881, 19.395189245255736 ], [ -99.063285912292642, 19.395272135112027 ], [ -99.063752433982813, 19.395358008831501 ], [ -99.064218956158712, 19.39544388135187 ], [ -99.064652151647493, 19.395523618290621 ], [ -99.065139740183852, 19.395613365858502 ], [ -99.065037052551091, 19.396081586111144 ], [ -99.064519563746188, 19.395999720058249 ], [ -99.063942918128205, 19.398689388068163 ] ] ] ] } },
{ "type": "Feature", "properties": { "fid": 5, "ID": 1896, "ENTIDAD": 9, "DISTRITO_F": 13, "DISTRITO_L": 11, "MUNICIPIO": 6, "SECCION": 1901, "TIPO": 2, "CONTROL": 40055, "GEOMETRY1_": null, "CONCENTRAD": 11, "CONCENTR_1": "Iztacalco", "CONCENTR_2": 80, "CONCENTR_3": 33, "CONCENTR_4": 5, "CONCENTR_5": 0, "CONCENTR_6": 0, "CONCENTR_7": 40, "CONCENTR_8": 0, "CONCENTR_9": 23, "CONCENTR10": 261, "CONCENTR11": 10, "CONCENTR12": 2, "CONCENTR13": 3, "CONCENTR14": 1, "CONCENTR15": 6, "CONCENTR16": 465, "CONCENTR17": 628, "CONCENTR18": 133, "CONCENTR19": 261, "CONCENTR20": -128, "CONCENTR21": 28.6, "CONCENTR22": 56.13, "CONCENTR23": -27.53, "layer": "Ruta 53", "path": "D:/Atlas de Riesgos 2024/SHAPE/Secciones Electorares Distrito 15/Rutas/Ruta 53.gpkg|layername=Ruta 53" }, "geometry": { "type": "MultiPolygon", "coordinates": [ [ [ [ -99.068542519465666, 19.403475684840807 ], [ -99.067385112437563, 19.402797361653402 ], [ -99.067174294039717, 19.402678439619145 ], [ -99.067134081019617, 19.402650970246032 ], [ -99.066893510391822, 19.402510067515479 ], [ -99.066327754230727, 19.402178700700485 ], [ -99.066401344021656, 19.401865205451301 ], [ -99.066488216648963, 19.401495123237957 ], [ -99.066587210804343, 19.401073400548157 ], [ -99.067125368753011, 19.401193755927704 ], [ -99.067618497947393, 19.401304039374729 ], [ -99.067728742548141, 19.401328694281155 ], [ -99.068081505439537, 19.401407585047043 ], [ -99.069004809801413, 19.401614066277656 ], [ -99.068939983763244, 19.401886253682992 ], [ -99.068822831398691, 19.402378143148237 ], [ -99.068756449453076, 19.402638058367494 ], [ -99.068542519465666, 19.403475684840807 ] ] ] ] } },
{ "type": "Feature", "properties": { "fid": 1, "ID": 1937, "ENTIDAD": 9, "DISTRITO_F": 13, "DISTRITO_L": 11, "MUNICIPIO": 6, "SECCION": 1942, "TIPO": 2, "CONTROL": 40357, "GEOMETRY1_": null, "CONCENTRAD": 11, "CONCENTR_1": "Iztacalco", "CONCENTR_2": 277, "CONCENTR_3": 73, "CONCENTR_4": 37, "CONCENTR_5": 0, "CONCENTR_6": 0, "CONCENTR_7": 99, "CONCENTR_8": 0, "CONCENTR_9": 56, "CONCENTR10": 638, "CONCENTR11": 36, "CONCENTR12": 4, "CONCENTR13": 1, "CONCENTR14": 0, "CONCENTR15": 22, "CONCENTR16": 1243, "CONCENTR17": 1845, "CONCENTR18": 428, "CONCENTR19": 638, "CONCENTR20": -210, "CONCENTR21": 34.43, "CONCENTR22": 51.33, "CONCENTR23": -16.89, "layer": "Ruta 54", "path": "D:/Atlas de Riesgos 2024/SHAPE/Secciones Electorares Distrito 15/Rutas/Ruta 54.gpkg|layername=Ruta 54" }, "geometry": { "type": "MultiPolygon", "coordinates": [ [ [ [ -99.057960106978939, 19.402834125708303 ], [ -99.057960112828567, 19.402834072947631 ], [ -99.057961788542102, 19.402818958918157 ], [ -99.057977974788329, 19.40267296758941 ], [ -99.058137510642538, 19.40123401777986 ], [ -99.058176632889499, 19.400881146838785 ], [ -99.058282680636566, 19.399936753493385 ], [ -99.058347254484787, 19.398492655668974 ], [ -99.058356994760004, 19.398329239614021 ], [ -99.058366160587369, 19.398174428070501 ], [ -99.058370931573975, 19.398103720234378 ], [ -99.058377542992574, 19.398005736396165 ], [ -99.059527255448486, 19.398665316302754 ], [ -99.059553331036113, 19.398681732676479 ], [ -99.060880554238963, 19.399441675686123 ], [ -99.060913023452244, 19.399460869805409 ], [ -99.061671373932469, 19.399909164433588 ], [ -99.063632478166397, 19.401043647987674 ], [ -99.06366726237205, 19.401064370389722 ], [ -99.063771543256109, 19.401122748725601 ], [ -99.06376659355648, 19.401169448323866 ], [ -99.063758176620325, 19.401265997981003 ], [ -99.063746570970878, 19.401358357839023 ], [ -99.063738927522948, 19.401430472288691 ], [ -99.063732852708682, 19.40148885151282 ], [ -99.063725985781147, 19.401531469229901 ], [ -99.063717665977904, 19.401634796461082 ], [ -99.063626590597366, 19.402484073626336 ], [ -99.063582187611885, 19.402922363890841 ], [ -99.06311861632858, 19.402660250045123 ], [ -99.062737962606334, 19.402445018172514 ], [ -99.062346426390732, 19.402223631615232 ], [ -99.061862627160153, 19.401951222644087 ], [ -99.060575041524885, 19.401222018292543 ], [ -99.060122991815561, 19.40096640617903 ], [ -99.060057916661279, 19.401550780950725 ], [ -99.059998250117062, 19.402076678717368 ], [ -99.059945387704047, 19.402545783058279 ], [ -99.059061259059419, 19.402481410795819 ], [ -99.059019393969322, 19.402959175511473 ], [ -99.058958420604739, 19.403492374274876 ], [ -99.057898134989784, 19.403393080175846 ], [ -99.057960106978939, 19.402834125708303 ] ] ] ] } },
{ "type": "Feature", "properties": { "fid": 2, "ID": 1938, "ENTIDAD": 9, "DISTRITO_F": 13, "DISTRITO_L": 11, "MUNICIPIO": 6, "SECCION": 1943, "TIPO": 2, "CONTROL": 40622, "GEOMETRY1_": null, "CONCENTRAD": 11, "CONCENTR_1": "Iztacalco", "CONCENTR_2": 533, "CONCENTR_3": 130, "CONCENTR_4": 46, "CONCENTR_5": 0, "CONCENTR_6": 0, "CONCENTR_7": 126, "CONCENTR_8": 0, "CONCENTR_9": 96, "CONCENTR10": 1043, "CONCENTR11": 64, "CONCENTR12": 5, "CONCENTR13": 4, "CONCENTR14": 1, "CONCENTR15": 39, "CONCENTR16": 2087, "CONCENTR17": 3311, "CONCENTR18": 782, "CONCENTR19": 1043, "CONCENTR20": -261, "CONCENTR21": 37.47, "CONCENTR22": 49.98, "CONCENTR23": -12.51, "layer": "Ruta 54", "path": "D:/Atlas de Riesgos 2024/SHAPE/Secciones Electorares Distrito 15/Rutas/Ruta 54.gpkg|layername=Ruta 54" }, "geometry": { "type": "MultiPolygon", "coordinates": [ [ [ [ -99.061370883267216, 19.406203294324381 ], [ -99.060473424557557, 19.406102161286729 ], [ -99.059962475139656, 19.406036587570835 ], [ -99.059950658539407, 19.406170672449161 ], [ -99.059542151581468, 19.40612217794952 ], [ -99.059552831356669, 19.406020199011756 ], [ -99.059674632262286, 19.404942678845224 ], [ -99.059762980912666, 19.404161087483192 ], [ -99.059775767098884, 19.40404797169279 ], [ -99.059829244568434, 19.403574869875253 ], [ -99.059854510036573, 19.403351351635358 ], [ -99.059886894170234, 19.403064855176762 ], [ -99.059945387704047, 19.402545783058279 ], [ -99.059998250117062, 19.402076678717368 ], [ -99.060057916661279, 19.401550780950725 ], [ -99.060122991815561, 19.40096640617903 ], [ -99.060575041524885, 19.401222018292543 ], [ -99.061862627160153, 19.401951222644087 ], [ -99.061792746508431, 19.402510599538118 ], [ -99.061759636131441, 19.402800430579266 ], [ -99.06153910324646, 19.40473083467376 ], [ -99.061508075916663, 19.405002424452682 ], [ -99.061452862626808, 19.405485717600914 ], [ -99.061422711494245, 19.405749635385707 ], [ -99.06141336410532, 19.40583145443367 ], [ -99.061370883267216, 19.406203294324381 ] ] ] ] } },
{ "type": "Feature", "properties": { "fid": 3, "ID": 1939, "ENTIDAD": 9, "DISTRITO_F": 13, "DISTRITO_L": 11, "MUNICIPIO": 6, "SECCION": 1944, "TIPO": 2, "CONTROL": 40624, "GEOMETRY1_": null, "CONCENTRAD": 11, "CONCENTR_1": "Iztacalco", "CONCENTR_2": 136, "CONCENTR_3": 55, "CONCENTR_4": 11, "CONCENTR_5": 0, "CONCENTR_6": 0, "CONCENTR_7": 43, "CONCENTR_8": 0, "CONCENTR_9": 24, "CONCENTR10": 392, "CONCENTR11": 19, "CONCENTR12": 8, "CONCENTR13": 1, "CONCENTR14": 0, "CONCENTR15": 17, "CONCENTR16": 707, "CONCENTR17": 1144, "CONCENTR18": 230, "CONCENTR19": 392, "CONCENTR20": -162, "CONCENTR21": 32.53, "CONCENTR22": 55.45, "CONCENTR23": -22.91, "layer": "Ruta 54", "path": "D:/Atlas de Riesgos 2024/SHAPE/Secciones Electorares Distrito 15/Rutas/Ruta 54.gpkg|layername=Ruta 54" }, "geometry": { "type": "MultiPolygon", "coordinates": [ [ [ [ -99.057628559242161, 19.405810616554561 ], [ -99.0576879127198, 19.40536342210612 ], [ -99.057717939363414, 19.405090455207201 ], [ -99.057741576968468, 19.40487556928467 ], [ -99.057796032090948, 19.404359922444549 ], [ -99.057802959421778, 19.40428671765806 ], [ -99.057843210648485, 19.403861360260461 ], [ -99.057898134984853, 19.403393080220209 ], [ -99.058958420604739, 19.403492374274876 ], [ -99.059019393969322, 19.402959175511473 ], [ -99.059061259059419, 19.402481410795819 ], [ -99.059945387704047, 19.402545783058279 ], [ -99.059886894170234, 19.403064855176762 ], [ -99.059854510036573, 19.403351351635358 ], [ -99.059829244568434, 19.403574869875253 ], [ -99.059775767098884, 19.40404797169279 ], [ -99.059762980912666, 19.404161087483192 ], [ -99.059674632262286, 19.404942678845224 ], [ -99.059552831356669, 19.406020199011756 ], [ -99.058641247767284, 19.405917393042156 ], [ -99.058544855325607, 19.405904531464504 ], [ -99.058310460233727, 19.405869152979317 ], [ -99.058160257686936, 19.405846481951087 ], [ -99.058102869342704, 19.405842610930694 ], [ -99.057628559242161, 19.405810616554565 ], [ -99.057628559242161, 19.405810616554561 ] ] ] ] } },
{ "type": "Feature", "properties": { "fid": 1, "ID": 1922, "ENTIDAD": 9, "DISTRITO_F": 13, "DISTRITO_L": 11, "MUNICIPIO": 6, "SECCION": 1927, "TIPO": 2, "CONTROL": 40606, "GEOMETRY1_": null, "CONCENTRAD": 11, "CONCENTR_1": "Iztacalco", "CONCENTR_2": 177, "CONCENTR_3": 57, "CONCENTR_4": 18, "CONCENTR_5": 0, "CONCENTR_6": 0, "CONCENTR_7": 78, "CONCENTR_8": 0, "CONCENTR_9": 41, "CONCENTR10": 371, "CONCENTR11": 31, "CONCENTR12": 3, "CONCENTR13": 1, "CONCENTR14": 0, "CONCENTR15": 17, "CONCENTR16": 795, "CONCENTR17": 1119, "CONCENTR18": 287, "CONCENTR19": 371, "CONCENTR20": -84, "CONCENTR21": 36.1, "CONCENTR22": 46.67, "CONCENTR23": -10.57, "layer": "Ruta 55", "path": "D:/Atlas de Riesgos 2024/SHAPE/Secciones Electorares Distrito 15/Rutas/Ruta 55.gpkg|layername=Ruta 55" }, "geometry": { "type": "MultiPolygon", "coordinates": [ [ [ [ -99.057358324581344, 19.408403450728425 ], [ -99.057380705951132, 19.408209202160606 ], [ -99.057386385171029, 19.408152222034182 ], [ -99.057407592793808, 19.407939443687777 ], [ -99.057450101071581, 19.407544186769812 ], [ -99.057504120352817, 19.407041893735148 ], [ -99.057552750085094, 19.406592421104985 ], [ -99.057554537287857, 19.406575902383235 ], [ -99.057628559242161, 19.405810616554565 ], [ -99.058102869342704, 19.405842610930694 ], [ -99.058160257686936, 19.405846481951087 ], [ -99.058310460233727, 19.405869152979317 ], [ -99.058544855325607, 19.405904531464504 ], [ -99.058641247767284, 19.405917393042156 ], [ -99.059552831356669, 19.406020199011756 ], [ -99.059542151581468, 19.40612217794952 ], [ -99.05952647201832, 19.406269684958488 ], [ -99.059502457538997, 19.4064969766141 ], [ -99.059472271048222, 19.406768211182374 ], [ -99.059434368651822, 19.40714141921238 ], [ -99.059287565303492, 19.408530855273487 ], [ -99.059261490196093, 19.408777643460741 ], [ -99.059237778667196, 19.409015552945814 ], [ -99.059218270063809, 19.409211291884525 ], [ -99.058325378522568, 19.409133308992352 ], [ -99.058375605787504, 19.408670123735057 ], [ -99.057342052604739, 19.408544675402286 ], [ -99.057358324581344, 19.408403450728425 ] ] ] ] } },
{ "type": "Feature", "properties": { "fid": 2, "ID": 1923, "ENTIDAD": 9, "DISTRITO_F": 13, "DISTRITO_L": 11, "MUNICIPIO": 6, "SECCION": 1928, "TIPO": 2, "CONTROL": 40603, "GEOMETRY1_": null, "CONCENTRAD": 11, "CONCENTR_1": "Iztacalco", "CONCENTR_2": 157, "CONCENTR_3": 48, "CONCENTR_4": 25, "CONCENTR_5": 0, "CONCENTR_6": 0, "CONCENTR_7": 83, "CONCENTR_8": 0, "CONCENTR_9": 40, "CONCENTR10": 538, "CONCENTR11": 26, "CONCENTR12": 5, "CONCENTR13": 1, "CONCENTR14": 1, "CONCENTR15": 17, "CONCENTR16": 941, "CONCENTR17": 1403, "CONCENTR18": 262, "CONCENTR19": 538, "CONCENTR20": -276, "CONCENTR21": 27.84, "CONCENTR22": 57.17, "CONCENTR23": -29.33, "layer": "Ruta 55", "path": "D:/Atlas de Riesgos 2024/SHAPE/Secciones Electorares Distrito 15/Rutas/Ruta 55.gpkg|layername=Ruta 55" }, "geometry": { "type": "MultiPolygon", "coordinates": [ [ [ [ -99.057342052604739, 19.408544675402286 ], [ -99.058375605787504, 19.408670123735057 ], [ -99.058325378522568, 19.409133308992352 ], [ -99.059218270063809, 19.409211291884525 ], [ -99.059237778667196, 19.409015552945814 ], [ -99.059261490196093, 19.408777643460741 ], [ -99.059287565303492, 19.408530855273487 ], [ -99.059434368651822, 19.40714141921238 ], [ -99.059472271048222, 19.406768211182374 ], [ -99.059502457538997, 19.4064969766141 ], [ -99.05952647201832, 19.406269684958488 ], [ -99.059542151581468, 19.40612217794952 ], [ -99.059950658539407, 19.406170672449161 ], [ -99.059962475139656, 19.406036587570835 ], [ -99.060473424557557, 19.406102161286729 ], [ -99.061370883267216, 19.406203294324381 ], [ -99.061250621602809, 19.407198404317104 ], [ -99.061178565739269, 19.407794627650937 ], [ -99.061133710821039, 19.408165775660077 ], [ -99.061083121848341, 19.408671742626016 ], [ -99.061037241350419, 19.409130614953686 ], [ -99.060961560527318, 19.409887528662281 ], [ -99.059766125056498, 19.409718272737724 ], [ -99.059170997523623, 19.409634106739837 ], [ -99.058337988240694, 19.409526625750718 ], [ -99.057245451286832, 19.409385652584586 ], [ -99.057313429427452, 19.408793859645186 ], [ -99.057342052604739, 19.408544675402286 ] ] ] ] } },
{ "type": "Feature", "properties": { "fid": 3, "ID": 1924, "ENTIDAD": 9, "DISTRITO_F": 13, "DISTRITO_L": 11, "MUNICIPIO": 6, "SECCION": 1929, "TIPO": 2, "CONTROL": 40610, "GEOMETRY1_": null, "CONCENTRAD": 11, "CONCENTR_1": "Iztacalco", "CONCENTR_2": 413, "CONCENTR_3": 112, "CONCENTR_4": 44, "CONCENTR_5": 0, "CONCENTR_6": 0, "CONCENTR_7": 112, "CONCENTR_8": 0, "CONCENTR_9": 127, "CONCENTR10": 809, "CONCENTR11": 39, "CONCENTR12": 5, "CONCENTR13": 1, "CONCENTR14": 0, "CONCENTR15": 33, "CONCENTR16": 1697, "CONCENTR17": 2392, "CONCENTR18": 614, "CONCENTR19": 809, "CONCENTR20": -195, "CONCENTR21": 36.18, "CONCENTR22": 47.67, "CONCENTR23": -11.49, "layer": "Ruta 55", "path": "D:/Atlas de Riesgos 2024/SHAPE/Secciones Electorares Distrito 15/Rutas/Ruta 55.gpkg|layername=Ruta 55" }, "geometry": { "type": "MultiPolygon", "coordinates": [ [ [ [ -99.06299329711112, 19.408356761797695 ], [ -99.062085715767054, 19.408263552394224 ], [ -99.061133710821039, 19.408165775660077 ], [ -99.061178565739269, 19.407794627650937 ], [ -99.061250621602809, 19.407198404317104 ], [ -99.061370883267216, 19.406203294324381 ], [ -99.06141336410532, 19.40583145443367 ], [ -99.061422711494245, 19.405749635385707 ], [ -99.061452862626808, 19.405485717600914 ], [ -99.061508075916663, 19.405002424452682 ], [ -99.06153910324646, 19.40473083467376 ], [ -99.061759636131441, 19.402800430579266 ], [ -99.061792746508431, 19.402510599538118 ], [ -99.061862627160153, 19.401951222644087 ], [ -99.062346426390732, 19.402223631615232 ], [ -99.062737962606334, 19.402445018172514 ], [ -99.06311861632858, 19.402660250045123 ], [ -99.063582187611885, 19.402922363890841 ], [ -99.063451518847444, 19.404128232220035 ], [ -99.06324646181065, 19.40602055214498 ], [ -99.063219717123914, 19.406267355878121 ], [ -99.063145663534968, 19.406943794298655 ], [ -99.063132878931455, 19.407068705807877 ], [ -99.06309733409509, 19.407396714196462 ], [ -99.063035497808414, 19.407967337427667 ], [ -99.06299329711112, 19.408356761797695 ] ] ] ] } },
{ "type": "Feature", "properties": { "fid": 4, "ID": 1935, "ENTIDAD": 9, "DISTRITO_F": 13, "DISTRITO_L": 11, "MUNICIPIO": 6, "SECCION": 1940, "TIPO": 2, "CONTROL": 40629, "GEOMETRY1_": null, "CONCENTRAD": 11, "CONCENTR_1": "Iztacalco", "CONCENTR_2": 217, "CONCENTR_3": 37, "CONCENTR_4": 25, "CONCENTR_5": 0, "CONCENTR_6": 0, "CONCENTR_7": 56, "CONCENTR_8": 0, "CONCENTR_9": 46, "CONCENTR10": 347, "CONCENTR11": 10, "CONCENTR12": 6, "CONCENTR13": 0, "CONCENTR14": 0, "CONCENTR15": 7, "CONCENTR16": 751, "CONCENTR17": 1066, "CONCENTR18": 295, "CONCENTR19": 347, "CONCENTR20": -52, "CONCENTR21": 39.28, "CONCENTR22": 46.21, "CONCENTR23": -6.92, "layer": "Ruta 55", "path": "D:/Atlas de Riesgos 2024/SHAPE/Secciones Electorares Distrito 15/Rutas/Ruta 55.gpkg|layername=Ruta 55" }, "geometry": { "type": "MultiPolygon", "coordinates": [ [ [ [ -99.065178173478756, 19.407620391595316 ], [ -99.06309733409509, 19.407396714196462 ], [ -99.063132878931455, 19.407068705807877 ], [ -99.063145663534968, 19.406943794298655 ], [ -99.063219717123914, 19.406267355878121 ], [ -99.06324646181065, 19.40602055214498 ], [ -99.063451518847444, 19.404128232220035 ], [ -99.06541707088499, 19.405240646281719 ], [ -99.065320358231418, 19.406204045066819 ], [ -99.065297623036642, 19.406430519053188 ], [ -99.065274952757164, 19.406656345770884 ], [ -99.065237852850416, 19.407025909797124 ], [ -99.065178173478756, 19.407620391595316 ] ] ] ] } },
{ "type": "Feature", "properties": { "fid": 5, "ID": 1936, "ENTIDAD": 9, "DISTRITO_F": 13, "DISTRITO_L": 11, "MUNICIPIO": 6, "SECCION": 1941, "TIPO": 2, "CONTROL": 40630, "GEOMETRY1_": null, "CONCENTRAD": 11, "CONCENTR_1": "Iztacalco", "CONCENTR_2": 162, "CONCENTR_3": 35, "CONCENTR_4": 20, "CONCENTR_5": 0, "CONCENTR_6": 0, "CONCENTR_7": 48, "CONCENTR_8": 0, "CONCENTR_9": 25, "CONCENTR10": 379, "CONCENTR11": 14, "CONCENTR12": 4, "CONCENTR13": 1, "CONCENTR14": 0, "CONCENTR15": 12, "CONCENTR16": 701, "CONCENTR17": 975, "CONCENTR18": 236, "CONCENTR19": 379, "CONCENTR20": -143, "CONCENTR21": 33.67, "CONCENTR22": 54.07, "CONCENTR23": -20.4, "layer": "Ruta 55", "path": "D:/Atlas de Riesgos 2024/SHAPE/Secciones Electorares Distrito 15/Rutas/Ruta 55.gpkg|layername=Ruta 55" }, "geometry": { "type": "MultiPolygon", "coordinates": [ [ [ [ -99.06541707088499, 19.405240646281719 ], [ -99.063451518847444, 19.404128232220035 ], [ -99.063582187611885, 19.402922363890841 ], [ -99.063626590597366, 19.402484073626336 ], [ -99.063717665977904, 19.401634796461082 ], [ -99.063725985781147, 19.401531469229901 ], [ -99.063732852708682, 19.40148885151282 ], [ -99.063738927522948, 19.401430472288691 ], [ -99.063746570970878, 19.401358357839023 ], [ -99.063758176620325, 19.401265997981003 ], [ -99.06376659355648, 19.401169448323866 ], [ -99.063771543256109, 19.401122748725601 ], [ -99.065754692538519, 19.402264153918178 ], [ -99.065750118644374, 19.402313264309356 ], [ -99.065736622092786, 19.402458035782782 ], [ -99.065732530364954, 19.402501925867167 ], [ -99.065726405137553, 19.402567587952124 ], [ -99.065715995354793, 19.402637981312942 ], [ -99.065709422016695, 19.402682456828341 ], [ -99.065700073596403, 19.402745685069188 ], [ -99.065673538235117, 19.402979624920363 ], [ -99.065663567591045, 19.403068458735952 ], [ -99.065653327964583, 19.403157801343749 ], [ -99.065647689822413, 19.403205869900749 ], [ -99.065634745753499, 19.403321624237087 ], [ -99.06561942859345, 19.403452475212298 ], [ -99.065612330275343, 19.403517147909799 ], [ -99.065605231951736, 19.403581820606497 ], [ -99.065588560233792, 19.40371851083318 ], [ -99.065549783185304, 19.404070659752914 ], [ -99.06541707088499, 19.405240646281719 ] ] ] ] } },
{ "type": "Feature", "properties": { "fid": 1, "ID": 1925, "ENTIDAD": 9, "DISTRITO_F": 13, "DISTRITO_L": 11, "MUNICIPIO": 6, "SECCION": 1930, "TIPO": 2, "CONTROL": 40614, "GEOMETRY1_": null, "CONCENTRAD": 11, "CONCENTR_1": "Iztacalco", "CONCENTR_2": 188, "CONCENTR_3": 53, "CONCENTR_4": 25, "CONCENTR_5": 0, "CONCENTR_6": 0, "CONCENTR_7": 39, "CONCENTR_8": 0, "CONCENTR_9": 39, "CONCENTR10": 393, "CONCENTR11": 24, "CONCENTR12": 1, "CONCENTR13": 1, "CONCENTR14": 0, "CONCENTR15": 21, "CONCENTR16": 784, "CONCENTR17": 1202, "CONCENTR18": 292, "CONCENTR19": 393, "CONCENTR20": -101, "CONCENTR21": 37.24, "CONCENTR22": 50.13, "CONCENTR23": -12.88, "layer": "Ruta 56", "path": "D:/Atlas de Riesgos 2024/SHAPE/Secciones Electorares Distrito 15/Rutas/Ruta 56.gpkg|layername=Ruta 56" }, "geometry": { "type": "MultiPolygon", "coordinates": [ [ [ [ -99.064857637743629, 19.41042573771713 ], [ -99.062815879467948, 19.410149954648258 ], [ -99.062942752136777, 19.408867633172523 ], [ -99.06299329711112, 19.408356761797695 ], [ -99.063035497808414, 19.407967337427667 ], [ -99.06309733409509, 19.407396714196462 ], [ -99.065178173478756, 19.407620391595316 ], [ -99.065117923800244, 19.408147707393109 ], [ -99.065069684724378, 19.408569901829729 ], [ -99.065066802175863, 19.408595130186431 ], [ -99.065019900932882, 19.409005613524563 ], [ -99.064938769685511, 19.409715675665741 ], [ -99.064857637743629, 19.41042573771713 ] ] ] ] } },
{ "type": "Feature", "properties": { "fid": 2, "ID": 1926, "ENTIDAD": 9, "DISTRITO_F": 13, "DISTRITO_L": 11, "MUNICIPIO": 6, "SECCION": 1931, "TIPO": 2, "CONTROL": 40641, "GEOMETRY1_": null, "CONCENTRAD": 11, "CONCENTR_1": "Iztacalco", "CONCENTR_2": 525, "CONCENTR_3": 148, "CONCENTR_4": 42, "CONCENTR_5": 0, "CONCENTR_6": 0, "CONCENTR_7": 183, "CONCENTR_8": 0, "CONCENTR_9": 107, "CONCENTR10": 1222, "CONCENTR11": 85, "CONCENTR12": 4, "CONCENTR13": 0, "CONCENTR14": 1, "CONCENTR15": 51, "CONCENTR16": 2370, "CONCENTR17": 3589, "CONCENTR18": 804, "CONCENTR19": 1222, "CONCENTR20": -418, "CONCENTR21": 33.92, "CONCENTR22": 51.56, "CONCENTR23": -17.64, "layer": "Ruta 56", "path": "D:/Atlas de Riesgos 2024/SHAPE/Secciones Electorares Distrito 15/Rutas/Ruta 56.gpkg|layername=Ruta 56" }, "geometry": { "type": "MultiPolygon", "coordinates": [ [ [ [ -99.068939231155696, 19.410952365805088 ], [ -99.06689110286149, 19.410695060514804 ], [ -99.064857637743629, 19.41042573771713 ], [ -99.064938769685511, 19.409715675665741 ], [ -99.065019900932882, 19.409005613524563 ], [ -99.065066802175863, 19.408595130186431 ], [ -99.065069684724378, 19.408569901829729 ], [ -99.065117923800244, 19.408147707393109 ], [ -99.065178173478756, 19.407620391595316 ], [ -99.067227507479387, 19.407806369507348 ], [ -99.069251482981372, 19.407990023016886 ], [ -99.069221339789834, 19.408275997080363 ], [ -99.068939231155696, 19.410952365805088 ] ] ] ] } },
{ "type": "Feature", "properties": { "fid": 3, "ID": 1933, "ENTIDAD": 9, "DISTRITO_F": 13, "DISTRITO_L": 11, "MUNICIPIO": 6, "SECCION": 1938, "TIPO": 2, "CONTROL": 40519, "GEOMETRY1_": null, "CONCENTRAD": 11, "CONCENTR_1": "Iztacalco", "CONCENTR_2": 277, "CONCENTR_3": 84, "CONCENTR_4": 45, "CONCENTR_5": 0, "CONCENTR_6": 0, "CONCENTR_7": 91, "CONCENTR_8": 0, "CONCENTR_9": 39, "CONCENTR10": 663, "CONCENTR11": 23, "CONCENTR12": 4, "CONCENTR13": 3, "CONCENTR14": 2, "CONCENTR15": 31, "CONCENTR16": 1275, "CONCENTR17": 1832, "CONCENTR18": 436, "CONCENTR19": 663, "CONCENTR20": -227, "CONCENTR21": 34.2, "CONCENTR22": 52.0, "CONCENTR23": -17.8, "layer": "Ruta 56", "path": "D:/Atlas de Riesgos 2024/SHAPE/Secciones Electorares Distrito 15/Rutas/Ruta 56.gpkg|layername=Ruta 56" }, "geometry": { "type": "MultiPolygon", "coordinates": [ [ [ [ -99.069251482981372, 19.407990023016886 ], [ -99.067227507479387, 19.407806369507348 ], [ -99.065178173478756, 19.407620391595316 ], [ -99.065237852850416, 19.407025909797124 ], [ -99.065274952757164, 19.406656345770884 ], [ -99.065297623036642, 19.406430519053188 ], [ -99.065320358231418, 19.406204045066819 ], [ -99.06541707088499, 19.405240646281719 ], [ -99.067367563696649, 19.40632339624937 ], [ -99.069310341708473, 19.407431616453032 ], [ -99.069251482981372, 19.407990023016886 ] ] ] ] } },
{ "type": "Feature", "properties": { "fid": 1, "ID": 1927, "ENTIDAD": 9, "DISTRITO_F": 13, "DISTRITO_L": 11, "MUNICIPIO": 6, "SECCION": 1932, "TIPO": 2, "CONTROL": 40516, "GEOMETRY1_": null, "CONCENTRAD": 11, "CONCENTR_1": "Iztacalco", "CONCENTR_2": 185, "CONCENTR_3": 66, "CONCENTR_4": 23, "CONCENTR_5": 0, "CONCENTR_6": 0, "CONCENTR_7": 46, "CONCENTR_8": 0, "CONCENTR_9": 47, "CONCENTR10": 431, "CONCENTR11": 22, "CONCENTR12": 3, "CONCENTR13": 0, "CONCENTR14": 1, "CONCENTR15": 24, "CONCENTR16": 848, "CONCENTR17": 1276, "CONCENTR18": 299, "CONCENTR19": 431, "CONCENTR20": -132, "CONCENTR21": 35.26, "CONCENTR22": 50.83, "CONCENTR23": -15.57, "layer": "Ruta 57", "path": "D:/Atlas de Riesgos 2024/SHAPE/Secciones Electorares Distrito 15/Rutas/Ruta 57.gpkg|layername=Ruta 57" }, "geometry": { "type": "MultiPolygon", "coordinates": [ [ [ [ -99.070039084457292, 19.411105748441326 ], [ -99.0698167151549, 19.411073376527195 ], [ -99.06937095051056, 19.411008482471939 ], [ -99.068939231155696, 19.410952365805088 ], [ -99.069221339789834, 19.408275997080363 ], [ -99.069251482981372, 19.407990023016886 ], [ -99.069310341708473, 19.407431616453032 ], [ -99.069456343945973, 19.406046442530897 ], [ -99.069507551635155, 19.405560611861581 ], [ -99.069567484124718, 19.404992001382393 ], [ -99.069574608217735, 19.404924443743958 ], [ -99.06957913730399, 19.404881513952031 ], [ -99.069587273167443, 19.404804375202762 ], [ -99.0695959366615, 19.404726469034099 ], [ -99.069605097482679, 19.404644111336076 ], [ -99.069616381274543, 19.404542667573651 ], [ -99.069622460921465, 19.404488031447269 ], [ -99.070783467665834, 19.405149071935742 ], [ -99.070853360404044, 19.405198528200717 ], [ -99.070839798584714, 19.405270605579993 ], [ -99.0708137071462, 19.405409274294218 ], [ -99.070798498595394, 19.405490103387468 ], [ -99.07076180734559, 19.405687520491416 ], [ -99.070663551187465, 19.406212311278949 ], [ -99.070720598487028, 19.406244102219613 ], [ -99.071536738166643, 19.406698911795313 ], [ -99.07153276563939, 19.406738667235363 ], [ -99.071406181833538, 19.408005456499748 ], [ -99.071402849181865, 19.40803880779562 ], [ -99.07045402748048, 19.407951518923522 ], [ -99.070298520406311, 19.409249785168047 ], [ -99.070260056459261, 19.409374254740829 ], [ -99.070180076838525, 19.409633068658671 ], [ -99.070155680367449, 19.409887894171291 ], [ -99.070116633404439, 19.41029574505389 ], [ -99.0700948627277, 19.410523141879281 ], [ -99.070039084457292, 19.411105748441326 ] ] ] ] } },
{ "type": "Feature", "properties": { "fid": 2, "ID": 1928, "ENTIDAD": 9, "DISTRITO_F": 13, "DISTRITO_L": 11, "MUNICIPIO": 6, "SECCION": 1933, "TIPO": 2, "CONTROL": 40504, "GEOMETRY1_": null, "CONCENTRAD": 11, "CONCENTR_1": "Iztacalco", "CONCENTR_2": 158, "CONCENTR_3": 54, "CONCENTR_4": 24, "CONCENTR_5": 0, "CONCENTR_6": 0, "CONCENTR_7": 47, "CONCENTR_8": 0, "CONCENTR_9": 21, "CONCENTR10": 359, "CONCENTR11": 31, "CONCENTR12": 3, "CONCENTR13": 0, "CONCENTR14": 0, "CONCENTR15": 13, "CONCENTR16": 710, "CONCENTR17": 955, "CONCENTR18": 270, "CONCENTR19": 359, "CONCENTR20": -89, "CONCENTR21": 38.03, "CONCENTR22": 50.56, "CONCENTR23": -12.54, "layer": "Ruta 57", "path": "D:/Atlas de Riesgos 2024/SHAPE/Secciones Electorares Distrito 15/Rutas/Ruta 57.gpkg|layername=Ruta 57" }, "geometry": { "type": "MultiPolygon", "coordinates": [ [ [ [ -99.070658566711302, 19.411195929467567 ], [ -99.070039084457292, 19.411105748441326 ], [ -99.0700948627277, 19.410523141879281 ], [ -99.070116633404439, 19.41029574505389 ], [ -99.070155680367449, 19.409887894171291 ], [ -99.070180076838525, 19.409633068658671 ], [ -99.070260056459261, 19.409374254740829 ], [ -99.070298520406311, 19.409249785168047 ], [ -99.07045402748048, 19.407951518923522 ], [ -99.071402849181865, 19.40803880779562 ], [ -99.071399927553074, 19.408068284943312 ], [ -99.071125728882194, 19.410834706603772 ], [ -99.071121047741869, 19.410929571483553 ], [ -99.070658566711302, 19.411195929467567 ] ] ] ] } },
{ "type": "Feature", "properties": { "fid": 3, "ID": 1932, "ENTIDAD": 9, "DISTRITO_F": 13, "DISTRITO_L": 11, "MUNICIPIO": 6, "SECCION": 1937, "TIPO": 2, "CONTROL": 40518, "GEOMETRY1_": null, "CONCENTRAD": 11, "CONCENTR_1": "Iztacalco", "CONCENTR_2": 221, "CONCENTR_3": 90, "CONCENTR_4": 17, "CONCENTR_5": 0, "CONCENTR_6": 0, "CONCENTR_7": 63, "CONCENTR_8": 0, "CONCENTR_9": 40, "CONCENTR10": 519, "CONCENTR11": 28, "CONCENTR12": 1, "CONCENTR13": 0, "CONCENTR14": 0, "CONCENTR15": 18, "CONCENTR16": 997, "CONCENTR17": 1460, "CONCENTR18": 357, "CONCENTR19": 519, "CONCENTR20": -162, "CONCENTR21": 35.81, "CONCENTR22": 52.06, "CONCENTR23": -16.25, "layer": "Ruta 57", "path": "D:/Atlas de Riesgos 2024/SHAPE/Secciones Electorares Distrito 15/Rutas/Ruta 57.gpkg|layername=Ruta 57" }, "geometry": { "type": "MultiPolygon", "coordinates": [ [ [ [ -99.069310341708473, 19.407431616453032 ], [ -99.067367563696649, 19.40632339624937 ], [ -99.067634769554573, 19.403830637591913 ], [ -99.067646935688984, 19.403775390641279 ], [ -99.067657171453476, 19.403715688269315 ], [ -99.067661909397899, 19.403688053140232 ], [ -99.067666917754465, 19.403615760952523 ], [ -99.067673486568111, 19.403520951384973 ], [ -99.067680055374353, 19.403426141816226 ], [ -99.067683713630217, 19.403373314450576 ], [ -99.069576393668669, 19.404461544684864 ], [ -99.069622460921465, 19.404488031447269 ], [ -99.069616381274543, 19.404542667573651 ], [ -99.069605097482679, 19.404644111336076 ], [ -99.0695959366615, 19.404726469034099 ], [ -99.069587273167443, 19.404804375202762 ], [ -99.06957913730399, 19.404881513952031 ], [ -99.069574608217735, 19.404924443743958 ], [ -99.069567484124718, 19.404992001382393 ], [ -99.069507551635155, 19.405560611861581 ], [ -99.069456343945973, 19.406046442530897 ], [ -99.069310341708473, 19.407431616453032 ] ] ] ] } },
{ "type": "Feature", "properties": { "fid": 4, "ID": 1934, "ENTIDAD": 9, "DISTRITO_F": 13, "DISTRITO_L": 11, "MUNICIPIO": 6, "SECCION": 1939, "TIPO": 2, "CONTROL": 40521, "GEOMETRY1_": null, "CONCENTRAD": 11, "CONCENTR_1": "Iztacalco", "CONCENTR_2": 205, "CONCENTR_3": 75, "CONCENTR_4": 23, "CONCENTR_5": 0, "CONCENTR_6": 0, "CONCENTR_7": 58, "CONCENTR_8": 0, "CONCENTR_9": 51, "CONCENTR10": 500, "CONCENTR11": 32, "CONCENTR12": 1, "CONCENTR13": 0, "CONCENTR14": 0, "CONCENTR15": 16, "CONCENTR16": 962, "CONCENTR17": 1492, "CONCENTR18": 336, "CONCENTR19": 500, "CONCENTR20": -164, "CONCENTR21": 34.93, "CONCENTR22": 51.98, "CONCENTR23": -17.05, "layer": "Ruta 57", "path": "D:/Atlas de Riesgos 2024/SHAPE/Secciones Electorares Distrito 15/Rutas/Ruta 57.gpkg|layername=Ruta 57" }, "geometry": { "type": "MultiPolygon", "coordinates": [ [ [ [ -99.067367563696649, 19.40632339624937 ], [ -99.06541707088499, 19.405240646281719 ], [ -99.065549783185304, 19.404070659752914 ], [ -99.065588560233792, 19.40371851083318 ], [ -99.065605231951736, 19.403581820606497 ], [ -99.065612330275343, 19.403517147909799 ], [ -99.06561942859345, 19.403452475212298 ], [ -99.065634745753499, 19.403321624237087 ], [ -99.065647689822413, 19.403205869900749 ], [ -99.065653327964583, 19.403157801343749 ], [ -99.065663567591045, 19.403068458735952 ], [ -99.065673538235117, 19.402979624920363 ], [ -99.065700073596403, 19.402745685069188 ], [ -99.065709422016695, 19.402682456828341 ], [ -99.065715995354793, 19.402637981312942 ], [ -99.065726405137553, 19.402567587952124 ], [ -99.065732530364954, 19.402501925867167 ], [ -99.065736622092786, 19.402458035782782 ], [ -99.065750118644374, 19.402313264309356 ], [ -99.065754692538519, 19.402264153918178 ], [ -99.066888506105457, 19.402916085411814 ], [ -99.066938147755664, 19.402944628583807 ], [ -99.067683713630217, 19.403373314450576 ], [ -99.067680055374353, 19.403426141816226 ], [ -99.067673486568111, 19.403520951384973 ], [ -99.067666917754465, 19.403615760952523 ], [ -99.067661909397899, 19.403688053140232 ], [ -99.067657171453476, 19.403715688269315 ], [ -99.067646935688984, 19.403775390641279 ], [ -99.067634769554573, 19.403830637591913 ], [ -99.067367563696649, 19.40632339624937 ] ] ] ] } },
{ "type": "Feature", "properties": { "fid": 1, "ID": 1915, "ENTIDAD": 9, "DISTRITO_F": 13, "DISTRITO_L": 11, "MUNICIPIO": 6, "SECCION": 1920, "TIPO": 2, "CONTROL": 39783, "GEOMETRY1_": null, "CONCENTRAD": 11, "CONCENTR_1": "Iztacalco", "CONCENTR_2": 112, "CONCENTR_3": 35, "CONCENTR_4": 19, "CONCENTR_5": 0, "CONCENTR_6": 0, "CONCENTR_7": 35, "CONCENTR_8": 0, "CONCENTR_9": 17, "CONCENTR10": 268, "CONCENTR11": 7, "CONCENTR12": 1, "CONCENTR13": 0, "CONCENTR14": 0, "CONCENTR15": 17, "CONCENTR16": 511, "CONCENTR17": 756, "CONCENTR18": 174, "CONCENTR19": 268, "CONCENTR20": -94, "CONCENTR21": 34.05, "CONCENTR22": 52.45, "CONCENTR23": -18.4, "layer": "Ruta 58", "path": "D:/Atlas de Riesgos 2024/SHAPE/Secciones Electorares Distrito 15/Rutas/Ruta 58.gpkg|layername=Ruta 58" }, "geometry": { "type": "MultiPolygon", "coordinates": [ [ [ [ -99.073968844442874, 19.413551112777053 ], [ -99.073968844442874, 19.413551112777057 ], [ -99.073853474325887, 19.41352691878982 ], [ -99.073460144185447, 19.413438543506945 ], [ -99.073229479929026, 19.413395286586546 ], [ -99.072798219784389, 19.413342011130936 ], [ -99.072198421893162, 19.413267913707973 ], [ -99.072331302220661, 19.412511027205291 ], [ -99.071805850156721, 19.412436247085004 ], [ -99.071629734367932, 19.412411182673491 ], [ -99.072052820087748, 19.412160831029535 ], [ -99.072475904510256, 19.411910478397751 ], [ -99.073086245339411, 19.411549317047221 ], [ -99.074017884700297, 19.411665583360598 ], [ -99.074542494352741, 19.411753410661422 ], [ -99.074936131824984, 19.411819120158039 ], [ -99.07505430980909, 19.411838879915106 ], [ -99.074973059463787, 19.411967422858872 ], [ -99.074577599507151, 19.412593060929421 ], [ -99.07453969637379, 19.412652712841648 ], [ -99.073968844442874, 19.413551112777053 ] ] ] ] } },
{ "type": "Feature", "properties": { "fid": 2, "ID": 1929, "ENTIDAD": 9, "DISTRITO_F": 13, "DISTRITO_L": 11, "MUNICIPIO": 6, "SECCION": 1934, "TIPO": 2, "CONTROL": 40462, "GEOMETRY1_": null, "CONCENTRAD": 11, "CONCENTR_1": "Iztacalco", "CONCENTR_2": 181, "CONCENTR_3": 50, "CONCENTR_4": 19, "CONCENTR_5": 0, "CONCENTR_6": 0, "CONCENTR_7": 45, "CONCENTR_8": 0, "CONCENTR_9": 25, "CONCENTR10": 356, "CONCENTR11": 20, "CONCENTR12": 5, "CONCENTR13": 2, "CONCENTR14": 0, "CONCENTR15": 18, "CONCENTR16": 722, "CONCENTR17": 957, "CONCENTR18": 277, "CONCENTR19": 356, "CONCENTR20": -79, "CONCENTR21": 38.37, "CONCENTR22": 49.31, "CONCENTR23": -10.94, "layer": "Ruta 58", "path": "D:/Atlas de Riesgos 2024/SHAPE/Secciones Electorares Distrito 15/Rutas/Ruta 58.gpkg|layername=Ruta 58" }, "geometry": { "type": "MultiPolygon", "coordinates": [ [ [ [ -99.073086245339411, 19.411549317047221 ], [ -99.070658566711302, 19.411195929467567 ], [ -99.071121047741869, 19.410929571483553 ], [ -99.073384806968861, 19.409625768785023 ], [ -99.0741041720933, 19.410930549942019 ], [ -99.073086245339411, 19.411549317047221 ] ] ] ] } },
{ "type": "Feature", "properties": { "fid": 3, "ID": 1930, "ENTIDAD": 9, "DISTRITO_F": 13, "DISTRITO_L": 11, "MUNICIPIO": 6, "SECCION": 1935, "TIPO": 2, "CONTROL": 40500, "GEOMETRY1_": null, "CONCENTRAD": 11, "CONCENTR_1": "Iztacalco", "CONCENTR_2": 101, "CONCENTR_3": 27, "CONCENTR_4": 12, "CONCENTR_5": 0, "CONCENTR_6": 0, "CONCENTR_7": 16, "CONCENTR_8": 0, "CONCENTR_9": 23, "CONCENTR10": 217, "CONCENTR11": 13, "CONCENTR12": 1, "CONCENTR13": 0, "CONCENTR14": 0, "CONCENTR15": 12, "CONCENTR16": 422, "CONCENTR17": 618, "CONCENTR18": 154, "CONCENTR19": 217, "CONCENTR20": -63, "CONCENTR21": 36.49, "CONCENTR22": 51.42, "CONCENTR23": -14.93, "layer": "Ruta 58", "path": "D:/Atlas de Riesgos 2024/SHAPE/Secciones Electorares Distrito 15/Rutas/Ruta 58.gpkg|layername=Ruta 58" }, "geometry": { "type": "MultiPolygon", "coordinates": [ [ [ [ -99.077077043223412, 19.408570259252041 ], [ -99.077037001724406, 19.408645227699843 ], [ -99.076984947720973, 19.408742686668063 ], [ -99.076895515254336, 19.408916059274038 ], [ -99.076866610241552, 19.408968852503996 ], [ -99.076840473593677, 19.409012823786906 ], [ -99.076807330277134, 19.409074826695814 ], [ -99.076788278508559, 19.409110537271594 ], [ -99.076769297615542, 19.40914597628872 ], [ -99.076713867548833, 19.409256475231533 ], [ -99.076670473014488, 19.409330852060332 ], [ -99.07559860319526, 19.410989346754786 ], [ -99.075403101537376, 19.411288919929753 ], [ -99.075383724280556, 19.4113194732805 ], [ -99.07505430980909, 19.411838879915106 ], [ -99.074936131824984, 19.411819120158039 ], [ -99.074542494352741, 19.411753410661422 ], [ -99.074017884700297, 19.411665583360598 ], [ -99.073086245339411, 19.411549317047221 ], [ -99.0741041720933, 19.410930549942019 ], [ -99.073384806968861, 19.409625768785023 ], [ -99.073574938379821, 19.409514753456822 ], [ -99.074247735484462, 19.409121912915626 ], [ -99.07469005215826, 19.408863379841208 ], [ -99.074745985686533, 19.408487266489338 ], [ -99.071536738166643, 19.406698911795313 ], [ -99.070720598487028, 19.406244102219613 ], [ -99.070663551187465, 19.406212311278949 ], [ -99.07076180734559, 19.405687520491416 ], [ -99.070798498595394, 19.405490103387468 ], [ -99.0708137071462, 19.405409274294218 ], [ -99.070839798584714, 19.405270605579993 ], [ -99.070853360404044, 19.405198528200717 ], [ -99.072658328783874, 19.40621416390411 ], [ -99.075593840081396, 19.407863604650039 ], [ -99.076829734141285, 19.408417586591376 ], [ -99.076996641264202, 19.408492400751026 ], [ -99.0770950765679, 19.408536523116684 ], [ -99.077084274494297, 19.40855673125122 ], [ -99.077077043223412, 19.408570259252041 ] ] ] ] } },
{ "type": "Feature", "properties": { "fid": 4, "ID": 1931, "ENTIDAD": 9, "DISTRITO_F": 13, "DISTRITO_L": 11, "MUNICIPIO": 6, "SECCION": 1936, "TIPO": 2, "CONTROL": 40502, "GEOMETRY1_": null, "CONCENTRAD": 11, "CONCENTR_1": "Iztacalco", "CONCENTR_2": 269, "CONCENTR_3": 68, "CONCENTR_4": 27, "CONCENTR_5": 0, "CONCENTR_6": 0, "CONCENTR_7": 82, "CONCENTR_8": 0, "CONCENTR_9": 43, "CONCENTR10": 438, "CONCENTR11": 30, "CONCENTR12": 3, "CONCENTR13": 0, "CONCENTR14": 0, "CONCENTR15": 13, "CONCENTR16": 973, "CONCENTR17": 1421, "CONCENTR18": 397, "CONCENTR19": 438, "CONCENTR20": -41, "CONCENTR21": 40.8, "CONCENTR22": 45.02, "CONCENTR23": -4.21, "layer": "Ruta 58", "path": "D:/Atlas de Riesgos 2024/SHAPE/Secciones Electorares Distrito 15/Rutas/Ruta 58.gpkg|layername=Ruta 58" }, "geometry": { "type": "MultiPolygon", "coordinates": [ [ [ [ -99.071121047741869, 19.410929571483553 ], [ -99.071125728882194, 19.410834706603772 ], [ -99.071399927553074, 19.408068284943312 ], [ -99.071402849181865, 19.40803880779562 ], [ -99.071406181833538, 19.408005456499748 ], [ -99.07153276563939, 19.406738667235363 ], [ -99.071536738166643, 19.406698911795313 ], [ -99.074745985686533, 19.408487266489338 ], [ -99.07469005215826, 19.408863379841208 ], [ -99.074247735484462, 19.409121912915626 ], [ -99.073574938379821, 19.409514753456822 ], [ -99.073384806968861, 19.409625768785023 ], [ -99.071121047741869, 19.410929571483553 ] ] ] ] } },
{ "type": "Feature", "properties": { "fid": 1, "ID": 1913, "ENTIDAD": 9, "DISTRITO_F": 13, "DISTRITO_L": 11, "MUNICIPIO": 6, "SECCION": 1918, "TIPO": 2, "CONTROL": 40643, "GEOMETRY1_": null, "CONCENTRAD": 11, "CONCENTR_1": "Iztacalco", "CONCENTR_2": 258, "CONCENTR_3": 62, "CONCENTR_4": 33, "CONCENTR_5": 0, "CONCENTR_6": 0, "CONCENTR_7": 91, "CONCENTR_8": 0, "CONCENTR_9": 34, "CONCENTR10": 655, "CONCENTR11": 24, "CONCENTR12": 4, "CONCENTR13": 0, "CONCENTR14": 0, "CONCENTR15": 14, "CONCENTR16": 1191, "CONCENTR17": 1887, "CONCENTR18": 381, "CONCENTR19": 655, "CONCENTR20": -274, "CONCENTR21": 31.99, "CONCENTR22": 55.0, "CONCENTR23": -23.01, "layer": "Ruta 59", "path": "D:/Atlas de Riesgos 2024/SHAPE/Secciones Electorares Distrito 15/Rutas/Ruta 59.gpkg|layername=Ruta 59" }, "geometry": { "type": "MultiPolygon", "coordinates": [ [ [ [ -99.068423516978328, 19.415656277572399 ], [ -99.06640394204959, 19.415359115327757 ], [ -99.06572960378989, 19.415275024953022 ], [ -99.065854321753761, 19.414255595561091 ], [ -99.066576170442815, 19.413829956891924 ], [ -99.066590697215872, 19.413679600741752 ], [ -99.066595335342797, 19.413601960196953 ], [ -99.066601723631138, 19.413525961296916 ], [ -99.066669827919696, 19.412859728483042 ], [ -99.066715695255951, 19.412421793701803 ], [ -99.066729477570206, 19.412282900169853 ], [ -99.066752191283896, 19.412053998482829 ], [ -99.066787196902311, 19.411708577211428 ], [ -99.06681578616022, 19.411289138017686 ], [ -99.06689110286149, 19.410695060514804 ], [ -99.068939231155696, 19.410952365805088 ], [ -99.068838996894414, 19.411885920215198 ], [ -99.068674146936431, 19.413545307182641 ], [ -99.068664827974274, 19.413639111266097 ], [ -99.068626933430096, 19.414020430899676 ], [ -99.06862138218014, 19.414076432466914 ], [ -99.068423516978328, 19.415656277572399 ] ] ] ] } },
{ "type": "Feature", "properties": { "fid": 2, "ID": 1914, "ENTIDAD": 9, "DISTRITO_F": 13, "DISTRITO_L": 11, "MUNICIPIO": 6, "SECCION": 1919, "TIPO": 2, "CONTROL": 39779, "GEOMETRY1_": null, "CONCENTRAD": 11, "CONCENTR_1": "Iztacalco", "CONCENTR_2": 152, "CONCENTR_3": 50, "CONCENTR_4": 11, "CONCENTR_5": 0, "CONCENTR_6": 0, "CONCENTR_7": 51, "CONCENTR_8": 0, "CONCENTR_9": 21, "CONCENTR10": 348, "CONCENTR11": 18, "CONCENTR12": 2, "CONCENTR13": 0, "CONCENTR14": 0, "CONCENTR15": 13, "CONCENTR16": 666, "CONCENTR17": 925, "CONCENTR18": 233, "CONCENTR19": 348, "CONCENTR20": -115, "CONCENTR21": 34.98, "CONCENTR22": 52.25, "CONCENTR23": -17.27, "layer": "Ruta 59", "path": "D:/Atlas de Riesgos 2024/SHAPE/Secciones Electorares Distrito 15/Rutas/Ruta 59.gpkg|layername=Ruta 59" }, "geometry": { "type": "MultiPolygon", "coordinates": [ [ [ [ -99.07327433019708, 19.414644115189173 ], [ -99.073258517443975, 19.414670035824628 ], [ -99.073167594016454, 19.414819079450677 ], [ -99.073124737056602, 19.414874194800813 ], [ -99.073119147016243, 19.414881383758765 ], [ -99.07311635822488, 19.414884970226996 ], [ -99.073107062252788, 19.414896925120768 ], [ -99.072965681291507, 19.415078744923679 ], [ -99.072697931884207, 19.415486394734977 ], [ -99.072621431808798, 19.41560286603459 ], [ -99.072514008685047, 19.415781403122153 ], [ -99.072214757322982, 19.416278756083582 ], [ -99.072039052057193, 19.416553785306345 ], [ -99.071949003343633, 19.416694736988617 ], [ -99.071851712881028, 19.41664611161297 ], [ -99.071499972175545, 19.416453633291574 ], [ -99.071313263851707, 19.416293773661881 ], [ -99.071272541152581, 19.416077801184773 ], [ -99.071222399887404, 19.416067106956067 ], [ -99.071186317188406, 19.41605941115688 ], [ -99.071124842983636, 19.416046299782099 ], [ -99.070977144871222, 19.416014798259056 ], [ -99.069996577729455, 19.415875471813017 ], [ -99.069386893352402, 19.415788849564958 ], [ -99.068638964502341, 19.415683008929108 ], [ -99.068423516978328, 19.415656277572399 ], [ -99.06862138218014, 19.414076432466914 ], [ -99.068900831170083, 19.414111800661022 ], [ -99.069662075920704, 19.414208144614861 ], [ -99.07109840877574, 19.414389952022599 ], [ -99.071587522700156, 19.414429855415946 ], [ -99.072742343340181, 19.414526883861377 ], [ -99.072939356589529, 19.414556817741623 ], [ -99.072961941839466, 19.414560249294293 ], [ -99.073004311810038, 19.414566686885358 ], [ -99.073158334579361, 19.414615010006973 ], [ -99.07321917701745, 19.414630276372225 ], [ -99.07327433019708, 19.414644115189173 ], [ -99.07327433019708, 19.414644115189173 ] ] ] ] } },
{ "type": "Feature", "properties": { "fid": 3, "ID": 1917, "ENTIDAD": 9, "DISTRITO_F": 13, "DISTRITO_L": 11, "MUNICIPIO": 6, "SECCION": 1922, "TIPO": 2, "CONTROL": 40530, "GEOMETRY1_": null, "CONCENTRAD": 11, "CONCENTR_1": "Iztacalco", "CONCENTR_2": 326, "CONCENTR_3": 76, "CONCENTR_4": 28, "CONCENTR_5": 0, "CONCENTR_6": 0, "CONCENTR_7": 86, "CONCENTR_8": 0, "CONCENTR_9": 41, "CONCENTR10": 665, "CONCENTR11": 31, "CONCENTR12": 2, "CONCENTR13": 4, "CONCENTR14": 0, "CONCENTR15": 29, "CONCENTR16": 1288, "CONCENTR17": 1865, "CONCENTR18": 467, "CONCENTR19": 665, "CONCENTR20": -198, "CONCENTR21": 36.26, "CONCENTR22": 51.63, "CONCENTR23": -15.37, "layer": "Ruta 59", "path": "D:/Atlas de Riesgos 2024/SHAPE/Secciones Electorares Distrito 15/Rutas/Ruta 59.gpkg|layername=Ruta 59" }, "geometry": { "type": "MultiPolygon", "coordinates": [ [ [ [ -99.065389192028263, 19.413658769610315 ], [ -99.064500239860052, 19.413644961201609 ], [ -99.064552160967665, 19.41317729520517 ], [ -99.064557322147323, 19.4131308070633 ], [ -99.064603586959436, 19.412713710934813 ], [ -99.064618663276406, 19.412577609493034 ], [ -99.064635190476437, 19.412429652110657 ], [ -99.064669856381684, 19.412118161816586 ], [ -99.064710759954195, 19.411748739144944 ], [ -99.064732065091931, 19.411556834481523 ], [ -99.064755787355139, 19.411343157185492 ], [ -99.064857637743629, 19.41042573771713 ], [ -99.06689110286149, 19.410695060514804 ], [ -99.06681578616022, 19.411289138017686 ], [ -99.066787196902311, 19.411708577211428 ], [ -99.066752191283896, 19.412053998482829 ], [ -99.066729477570206, 19.412282900169853 ], [ -99.066715695255951, 19.412421793701803 ], [ -99.066669827919696, 19.412859728483042 ], [ -99.066601723631138, 19.413525961296916 ], [ -99.065389192028263, 19.413658769610315 ] ] ] ] } },
{ "type": "Feature", "properties": { "fid": 4, "ID": 1918, "ENTIDAD": 9, "DISTRITO_F": 13, "DISTRITO_L": 11, "MUNICIPIO": 6, "SECCION": 1923, "TIPO": 2, "CONTROL": 40546, "GEOMETRY1_": null, "CONCENTRAD": 11, "CONCENTR_1": "Iztacalco", "CONCENTR_2": 151, "CONCENTR_3": 45, "CONCENTR_4": 23, "CONCENTR_5": 0, "CONCENTR_6": 0, "CONCENTR_7": 62, "CONCENTR_8": 0, "CONCENTR_9": 39, "CONCENTR10": 403, "CONCENTR11": 17, "CONCENTR12": 5, "CONCENTR13": 1, "CONCENTR14": 1, "CONCENTR15": 25, "CONCENTR16": 772, "CONCENTR17": 1248, "CONCENTR18": 242, "CONCENTR19": 403, "CONCENTR20": -161, "CONCENTR21": 31.35, "CONCENTR22": 52.2, "CONCENTR23": -20.85, "layer": "Ruta 59", "path": "D:/Atlas de Riesgos 2024/SHAPE/Secciones Electorares Distrito 15/Rutas/Ruta 59.gpkg|layername=Ruta 59" }, "geometry": { "type": "MultiPolygon", "coordinates": [ [ [ [ -99.064500239860052, 19.413644961201609 ], [ -99.062450320347409, 19.413439133132755 ], [ -99.062481098432329, 19.413155523368676 ], [ -99.062500454925512, 19.413000371508382 ], [ -99.062538651486221, 19.412666085972251 ], [ -99.062580328389714, 19.412287046699898 ], [ -99.062632125299331, 19.411830215865834 ], [ -99.062639696251367, 19.41177627195561 ], [ -99.06267206626103, 19.411455218250005 ], [ -99.062707927649171, 19.411129738516824 ], [ -99.062815879467948, 19.410149954648258 ], [ -99.064857637743629, 19.41042573771713 ], [ -99.064755787355139, 19.411343157185492 ], [ -99.064732065091931, 19.411556834481523 ], [ -99.064710759954195, 19.411748739144944 ], [ -99.064669856381684, 19.412118161816586 ], [ -99.064635190476437, 19.412429652110657 ], [ -99.064618663276406, 19.412577609493034 ], [ -99.064603586959436, 19.412713710934813 ], [ -99.064557322147323, 19.4131308070633 ], [ -99.064552160967665, 19.41317729520517 ], [ -99.064500239860052, 19.413644961201609 ] ] ] ] } },
{ "type": "Feature", "properties": { "fid": 1, "ID": 1911, "ENTIDAD": 9, "DISTRITO_F": 13, "DISTRITO_L": 11, "MUNICIPIO": 6, "SECCION": 1916, "TIPO": 2, "CONTROL": 39746, "GEOMETRY1_": null, "CONCENTRAD": 11, "CONCENTR_1": "Iztacalco", "CONCENTR_2": 256, "CONCENTR_3": 94, "CONCENTR_4": 24, "CONCENTR_5": 0, "CONCENTR_6": 0, "CONCENTR_7": 95, "CONCENTR_8": 0, "CONCENTR_9": 58, "CONCENTR10": 604, "CONCENTR11": 23, "CONCENTR12": 2, "CONCENTR13": 2, "CONCENTR14": 0, "CONCENTR15": 12, "CONCENTR16": 1189, "CONCENTR17": 1791, "CONCENTR18": 401, "CONCENTR19": 604, "CONCENTR20": -203, "CONCENTR21": 33.73, "CONCENTR22": 50.8, "CONCENTR23": -17.07, "layer": "Ruta 60", "path": "D:/Atlas de Riesgos 2024/SHAPE/Secciones Electorares Distrito 15/Rutas/Ruta 60.gpkg|layername=Ruta 60" }, "geometry": { "type": "MultiPolygon", "coordinates": [ [ [ [ -99.05685258819905, 19.413057627995638 ], [ -99.056853906284289, 19.413045475439269 ], [ -99.056899809713414, 19.412622251296192 ], [ -99.056907665293323, 19.412551828613587 ], [ -99.056918120695173, 19.412462436343382 ], [ -99.056918978809804, 19.412453920221466 ], [ -99.056927065150248, 19.412373669521951 ], [ -99.056929577887828, 19.412350593702417 ], [ -99.056930979536773, 19.412337721604256 ], [ -99.057686695956605, 19.412675201107248 ], [ -99.058842336222114, 19.412772458932437 ], [ -99.058803404051361, 19.413087639380297 ], [ -99.060607581173926, 19.413275846699769 ], [ -99.060619520667274, 19.413173395202161 ], [ -99.060671445109762, 19.412727067176331 ], [ -99.060702272381789, 19.412463942075092 ], [ -99.062538651486221, 19.412666085972251 ], [ -99.062500454925512, 19.413000371508382 ], [ -99.062481098432329, 19.413155523368676 ], [ -99.062450320347409, 19.413439133132755 ], [ -99.062444088405996, 19.413493672905169 ], [ -99.062439354120684, 19.413535084424982 ], [ -99.062434622072828, 19.413576499242328 ], [ -99.06237530052924, 19.414095677933446 ], [ -99.06235572942893, 19.414266955861773 ], [ -99.062294460467896, 19.414803153372532 ], [ -99.061389176945795, 19.414694804590031 ], [ -99.060939013958588, 19.41464092513673 ], [ -99.060479402941041, 19.41458591367218 ], [ -99.05989534009521, 19.414516004667824 ], [ -99.059393537041899, 19.414455831970653 ], [ -99.058659944087793, 19.414368128397545 ], [ -99.058704399648093, 19.414017390365267 ], [ -99.057752467213291, 19.413899106365516 ], [ -99.056772157984597, 19.413797123217346 ], [ -99.056794984085599, 19.413589054168433 ], [ -99.056847351476733, 19.41310593946789 ], [ -99.05685258819905, 19.413057627995638 ] ] ] ] } },
{ "type": "Feature", "properties": { "fid": 2, "ID": 1919, "ENTIDAD": 9, "DISTRITO_F": 13, "DISTRITO_L": 11, "MUNICIPIO": 6, "SECCION": 1924, "TIPO": 2, "CONTROL": 40559, "GEOMETRY1_": null, "CONCENTRAD": 11, "CONCENTR_1": "Iztacalco", "CONCENTR_2": 312, "CONCENTR_3": 102, "CONCENTR_4": 47, "CONCENTR_5": 0, "CONCENTR_6": 0, "CONCENTR_7": 88, "CONCENTR_8": 0, "CONCENTR_9": 74, "CONCENTR10": 560, "CONCENTR11": 26, "CONCENTR12": 8, "CONCENTR13": 1, "CONCENTR14": 2, "CONCENTR15": 23, "CONCENTR16": 1270, "CONCENTR17": 1825, "CONCENTR18": 496, "CONCENTR19": 560, "CONCENTR20": -64, "CONCENTR21": 39.06, "CONCENTR22": 44.09, "CONCENTR23": -5.04, "layer": "Ruta 60", "path": "D:/Atlas de Riesgos 2024/SHAPE/Secciones Electorares Distrito 15/Rutas/Ruta 60.gpkg|layername=Ruta 60" }, "geometry": { "type": "MultiPolygon", "coordinates": [ [ [ [ -99.062538651486221, 19.412666085972251 ], [ -99.060702272381789, 19.412463942075092 ], [ -99.060725955235981, 19.412227472047931 ], [ -99.060751566410161, 19.411974229723324 ], [ -99.060799567722725, 19.411497357064704 ], [ -99.0608308492519, 19.411186586860723 ], [ -99.060875624581058, 19.410741758787271 ], [ -99.060898495723777, 19.410514540623275 ], [ -99.060905379694731, 19.410446150246791 ], [ -99.060961560527318, 19.409887528662281 ], [ -99.061037241350419, 19.409130614953686 ], [ -99.061083121848341, 19.408671742626016 ], [ -99.061133710821039, 19.408165775660077 ], [ -99.062085715767054, 19.408263552394224 ], [ -99.06299329711112, 19.408356761797695 ], [ -99.062942752136777, 19.408867633172523 ], [ -99.062815879467948, 19.410149954648258 ], [ -99.062707927649171, 19.411129738516824 ], [ -99.06267206626103, 19.411455218250005 ], [ -99.062639696251367, 19.41177627195561 ], [ -99.062632125299331, 19.411830215865834 ], [ -99.062580328389714, 19.412287046699898 ], [ -99.062538651486221, 19.412666085972251 ] ] ] ] } },
{ "type": "Feature", "properties": { "fid": 3, "ID": 1920, "ENTIDAD": 9, "DISTRITO_F": 13, "DISTRITO_L": 11, "MUNICIPIO": 6, "SECCION": 1925, "TIPO": 2, "CONTROL": 40572, "GEOMETRY1_": null, "CONCENTRAD": 11, "CONCENTR_1": "Iztacalco", "CONCENTR_2": 192, "CONCENTR_3": 65, "CONCENTR_4": 19, "CONCENTR_5": 0, "CONCENTR_6": 0, "CONCENTR_7": 60, "CONCENTR_8": 0, "CONCENTR_9": 33, "CONCENTR10": 407, "CONCENTR11": 28, "CONCENTR12": 4, "CONCENTR13": 0, "CONCENTR14": 0, "CONCENTR15": 22, "CONCENTR16": 830, "CONCENTR17": 1201, "CONCENTR18": 308, "CONCENTR19": 407, "CONCENTR20": -99, "CONCENTR21": 37.11, "CONCENTR22": 49.04, "CONCENTR23": -11.93, "layer": "Ruta 60", "path": "D:/Atlas de Riesgos 2024/SHAPE/Secciones Electorares Distrito 15/Rutas/Ruta 60.gpkg|layername=Ruta 60" }, "geometry": { "type": "MultiPolygon", "coordinates": [ [ [ [ -99.060607581173926, 19.413275846699769 ], [ -99.058803404051361, 19.413087639380297 ], [ -99.058842336222114, 19.412772458932437 ], [ -99.058916903675538, 19.412021328456667 ], [ -99.058968468189008, 19.411536566937144 ], [ -99.059019705174265, 19.411055512718821 ], [ -99.059049925711179, 19.410771589881534 ], [ -99.059099529328506, 19.410305560293772 ], [ -99.059112017516142, 19.410188232445325 ], [ -99.059126715756705, 19.410050140699443 ], [ -99.059170997523623, 19.409634106739837 ], [ -99.059766125056498, 19.409718272737724 ], [ -99.060961560527318, 19.409887528662281 ], [ -99.060905379694731, 19.410446150246791 ], [ -99.060898495723777, 19.410514540623275 ], [ -99.060875624581058, 19.410741758787271 ], [ -99.0608308492519, 19.411186586860723 ], [ -99.060799567722725, 19.411497357064704 ], [ -99.060751566410161, 19.411974229723324 ], [ -99.060725955235981, 19.412227472047931 ], [ -99.060702272381789, 19.412463942075092 ], [ -99.060671445109762, 19.412727067176331 ], [ -99.060619520667274, 19.413173395202161 ], [ -99.060607581173926, 19.413275846699769 ] ] ] ] } },
{ "type": "Feature", "properties": { "fid": 4, "ID": 1921, "ENTIDAD": 9, "DISTRITO_F": 13, "DISTRITO_L": 11, "MUNICIPIO": 6, "SECCION": 1926, "TIPO": 2, "CONTROL": 40578, "GEOMETRY1_": null, "CONCENTRAD": 11, "CONCENTR_1": "Iztacalco", "CONCENTR_2": 230, "CONCENTR_3": 78, "CONCENTR_4": 28, "CONCENTR_5": 0, "CONCENTR_6": 0, "CONCENTR_7": 108, "CONCENTR_8": 0, "CONCENTR_9": 45, "CONCENTR10": 614, "CONCENTR11": 25, "CONCENTR12": 2, "CONCENTR13": 0, "CONCENTR14": 0, "CONCENTR15": 29, "CONCENTR16": 1160, "CONCENTR17": 1667, "CONCENTR18": 363, "CONCENTR19": 614, "CONCENTR20": -251, "CONCENTR21": 31.29, "CONCENTR22": 52.93, "CONCENTR23": -21.64, "layer": "Ruta 60", "path": "D:/Atlas de Riesgos 2024/SHAPE/Secciones Electorares Distrito 15/Rutas/Ruta 60.gpkg|layername=Ruta 60" }, "geometry": { "type": "MultiPolygon", "coordinates": [ [ [ [ -99.057086250385666, 19.410882564961611 ], [ -99.057164371199562, 19.410146793201314 ], [ -99.057215884423684, 19.409663212806681 ], [ -99.057224908828275, 19.409578495913557 ], [ -99.057245451286832, 19.409385652584586 ], [ -99.058337988240694, 19.409526625750718 ], [ -99.059170997523623, 19.409634106739837 ], [ -99.059126715756705, 19.410050140699443 ], [ -99.059112017516142, 19.410188232445325 ], [ -99.059099529328506, 19.410305560293772 ], [ -99.059049925711179, 19.410771589881534 ], [ -99.059019705174265, 19.411055512718821 ], [ -99.058968468189008, 19.411536566937144 ], [ -99.058916903675538, 19.412021328456667 ], [ -99.058842336222114, 19.412772458932437 ], [ -99.057686695956605, 19.412675201107248 ], [ -99.056930979536773, 19.412337721604256 ], [ -99.056978076574538, 19.411896343568539 ], [ -99.057086250385666, 19.410882564961611 ] ] ] ] } },
{ "type": "Feature", "properties": { "fid": 1, "ID": 1909, "ENTIDAD": 9, "DISTRITO_F": 13, "DISTRITO_L": 11, "MUNICIPIO": 6, "SECCION": 1914, "TIPO": 2, "CONTROL": 39624, "GEOMETRY1_": null, "CONCENTRAD": 11, "CONCENTR_1": "Iztacalco", "CONCENTR_2": 101, "CONCENTR_3": 35, "CONCENTR_4": 19, "CONCENTR_5": 0, "CONCENTR_6": 0, "CONCENTR_7": 49, "CONCENTR_8": 0, "CONCENTR_9": 19, "CONCENTR10": 360, "CONCENTR11": 13, "CONCENTR12": 0, "CONCENTR13": 0, "CONCENTR14": 0, "CONCENTR15": 15, "CONCENTR16": 611, "CONCENTR17": 946, "CONCENTR18": 168, "CONCENTR19": 360, "CONCENTR20": -192, "CONCENTR21": 27.5, "CONCENTR22": 58.92, "CONCENTR23": -31.42, "layer": "Ruta 61", "path": "D:/Atlas de Riesgos 2024/SHAPE/Secciones Electorares Distrito 15/Rutas/Ruta 61.gpkg|layername=Ruta 61" }, "geometry": { "type": "MultiPolygon", "coordinates": [ [ [ [ -99.060281148012464, 19.416431140957457 ], [ -99.059720723349045, 19.416356157084895 ], [ -99.059184028476238, 19.41628434653186 ], [ -99.058448139027689, 19.416182920426426 ], [ -99.058659944087793, 19.414368128397545 ], [ -99.059393537041899, 19.414455831970653 ], [ -99.05989534009521, 19.414516004667824 ], [ -99.060479402941041, 19.41458591367218 ], [ -99.060281148012464, 19.416431140957457 ] ] ] ] } },
{ "type": "Feature", "properties": { "fid": 2, "ID": 1910, "ENTIDAD": 9, "DISTRITO_F": 13, "DISTRITO_L": 11, "MUNICIPIO": 6, "SECCION": 1915, "TIPO": 2, "CONTROL": 39629, "GEOMETRY1_": null, "CONCENTRAD": 11, "CONCENTR_1": "Iztacalco", "CONCENTR_2": 115, "CONCENTR_3": 44, "CONCENTR_4": 18, "CONCENTR_5": 0, "CONCENTR_6": 0, "CONCENTR_7": 24, "CONCENTR_8": 0, "CONCENTR_9": 13, "CONCENTR10": 298, "CONCENTR11": 21, "CONCENTR12": 4, "CONCENTR13": 0, "CONCENTR14": 0, "CONCENTR15": 8, "CONCENTR16": 545, "CONCENTR17": 776, "CONCENTR18": 202, "CONCENTR19": 298, "CONCENTR20": -96, "CONCENTR21": 37.06, "CONCENTR22": 54.68, "CONCENTR23": -17.61, "layer": "Ruta 61", "path": "D:/Atlas de Riesgos 2024/SHAPE/Secciones Electorares Distrito 15/Rutas/Ruta 61.gpkg|layername=Ruta 61" }, "geometry": { "type": "MultiPolygon", "coordinates": [ [ [ [ -99.056586673082421, 19.41557974355581 ], [ -99.056648535145385, 19.414985215843156 ], [ -99.056678102036472, 19.414701061140857 ], [ -99.056682919937543, 19.414654758267503 ], [ -99.056733403716024, 19.414169577779045 ], [ -99.056772157984597, 19.413797123217346 ], [ -99.057752467213291, 19.413899106365516 ], [ -99.058704399648093, 19.414017390365267 ], [ -99.058659944087793, 19.414368128397545 ], [ -99.058448139027689, 19.416182920426426 ], [ -99.057829963184062, 19.416103912372588 ], [ -99.05720701569399, 19.416021332318074 ], [ -99.056548983813471, 19.415934098944209 ], [ -99.056566193194243, 19.415772296134165 ], [ -99.056586673082421, 19.41557974355581 ] ] ] ] } },
{ "type": "Feature", "properties": { "fid": 3, "ID": 1906, "ENTIDAD": 9, "DISTRITO_F": 13, "DISTRITO_L": 11, "MUNICIPIO": 6, "SECCION": 1911, "TIPO": 2, "CONTROL": 39591, "GEOMETRY1_": null, "CONCENTRAD": 11, "CONCENTR_1": "Iztacalco", "CONCENTR_2": 106, "CONCENTR_3": 63, "CONCENTR_4": 13, "CONCENTR_5": 0, "CONCENTR_6": 0, "CONCENTR_7": 45, "CONCENTR_8": 0, "CONCENTR_9": 3, "CONCENTR10": 409, "CONCENTR11": 19, "CONCENTR12": 2, "CONCENTR13": 0, "CONCENTR14": 0, "CONCENTR15": 22, "CONCENTR16": 692, "CONCENTR17": 1020, "CONCENTR18": 203, "CONCENTR19": 409, "CONCENTR20": -206, "CONCENTR21": 29.34, "CONCENTR22": 59.1, "CONCENTR23": -29.77, "layer": "Ruta 61", "path": "D:/Atlas de Riesgos 2024/SHAPE/Secciones Electorares Distrito 15/Rutas/Ruta 61.gpkg|layername=Ruta 61" }, "geometry": { "type": "MultiPolygon", "coordinates": [ [ [ [ -99.064145108850823, 19.416907315417426 ], [ -99.063131723523796, 19.416783032931875 ], [ -99.062617694735536, 19.41671995583361 ], [ -99.062071584068107, 19.416655638063595 ], [ -99.062168414467067, 19.415849983489139 ], [ -99.062294460467896, 19.414803153372532 ], [ -99.063344252658169, 19.414927573816129 ], [ -99.064353561144614, 19.415047190264989 ], [ -99.06427015633021, 19.415735778386495 ], [ -99.06422645266656, 19.416096592451385 ], [ -99.064145108850823, 19.416907315417426 ] ] ] ] } },
{ "type": "Feature", "properties": { "fid": 4, "ID": 1907, "ENTIDAD": 9, "DISTRITO_F": 13, "DISTRITO_L": 11, "MUNICIPIO": 6, "SECCION": 1912, "TIPO": 2, "CONTROL": 39621, "GEOMETRY1_": null, "CONCENTRAD": 11, "CONCENTR_1": "Iztacalco", "CONCENTR_2": 110, "CONCENTR_3": 51, "CONCENTR_4": 15, "CONCENTR_5": 0, "CONCENTR_6": 0, "CONCENTR_7": 35, "CONCENTR_8": 0, "CONCENTR_9": 20, "CONCENTR10": 306, "CONCENTR11": 7, "CONCENTR12": 1, "CONCENTR13": 2, "CONCENTR14": 0, "CONCENTR15": 8, "CONCENTR16": 555, "CONCENTR17": 831, "CONCENTR18": 186, "CONCENTR19": 306, "CONCENTR20": -120, "CONCENTR21": 33.51, "CONCENTR22": 55.14, "CONCENTR23": -21.62, "layer": "Ruta 61", "path": "D:/Atlas de Riesgos 2024/SHAPE/Secciones Electorares Distrito 15/Rutas/Ruta 61.gpkg|layername=Ruta 61" }, "geometry": { "type": "MultiPolygon", "coordinates": [ [ [ [ -99.062071584068107, 19.416655638063595 ], [ -99.061148987710126, 19.41653946890721 ], [ -99.060281148012464, 19.416431140957457 ], [ -99.060479402941041, 19.41458591367218 ], [ -99.060939013958588, 19.41464092513673 ], [ -99.061389176945795, 19.414694804590031 ], [ -99.062294460467896, 19.414803153372532 ], [ -99.062168414467067, 19.415849983489139 ], [ -99.062071584068107, 19.416655638063595 ] ] ] ] } },
{ "type": "Feature", "properties": { "fid": 5, "ID": 1912, "ENTIDAD": 9, "DISTRITO_F": 13, "DISTRITO_L": 11, "MUNICIPIO": 6, "SECCION": 1917, "TIPO": 2, "CONTROL": 39747, "GEOMETRY1_": null, "CONCENTRAD": 11, "CONCENTR_1": "Iztacalco", "CONCENTR_2": 151, "CONCENTR_3": 58, "CONCENTR_4": 29, "CONCENTR_5": 0, "CONCENTR_6": 0, "CONCENTR_7": 47, "CONCENTR_8": 0, "CONCENTR_9": 24, "CONCENTR10": 214, "CONCENTR11": 8, "CONCENTR12": 0, "CONCENTR13": 0, "CONCENTR14": 0, "CONCENTR15": 21, "CONCENTR16": 569, "CONCENTR17": 1211, "CONCENTR18": 246, "CONCENTR19": 214, "CONCENTR20": 32, "CONCENTR21": 43.23, "CONCENTR22": 37.61, "CONCENTR23": 5.62, "layer": "Ruta 61", "path": "D:/Atlas de Riesgos 2024/SHAPE/Secciones Electorares Distrito 15/Rutas/Ruta 61.gpkg|layername=Ruta 61" }, "geometry": { "type": "MultiPolygon", "coordinates": [ [ [ [ -99.06572960378989, 19.415275024953022 ], [ -99.065001758261658, 19.415161492198713 ], [ -99.064353561144614, 19.415047190264989 ], [ -99.063344252658169, 19.414927573816129 ], [ -99.062294460467896, 19.414803153372532 ], [ -99.06235572942893, 19.414266955861773 ], [ -99.06237530052924, 19.414095677933446 ], [ -99.062434622072828, 19.413576499242328 ], [ -99.062439354120684, 19.413535084424982 ], [ -99.062444088405996, 19.413493672905169 ], [ -99.062450320347409, 19.413439133132755 ], [ -99.064500239860052, 19.413644961201609 ], [ -99.065389192028263, 19.413658769610315 ], [ -99.066601723631138, 19.413525961296916 ], [ -99.066595335342797, 19.413601960196953 ], [ -99.066590697215872, 19.413679600741752 ], [ -99.066576170442815, 19.413829956891924 ], [ -99.065854321753761, 19.414255595561091 ], [ -99.06572960378989, 19.415275024953022 ] ] ] ] } },
{ "type": "Feature", "properties": { "fid": 1, "ID": 1900, "ENTIDAD": 9, "DISTRITO_F": 13, "DISTRITO_L": 11, "MUNICIPIO": 6, "SECCION": 1905, "TIPO": 2, "CONTROL": 39582, "GEOMETRY1_": null, "CONCENTRAD": 11, "CONCENTR_1": "Iztacalco", "CONCENTR_2": 109, "CONCENTR_3": 26, "CONCENTR_4": 16, "CONCENTR_5": 0, "CONCENTR_6": 0, "CONCENTR_7": 70, "CONCENTR_8": 0, "CONCENTR_9": 24, "CONCENTR10": 457, "CONCENTR11": 159, "CONCENTR12": 0, "CONCENTR13": 0, "CONCENTR14": 0, "CONCENTR15": 22, "CONCENTR16": 904, "CONCENTR17": 1391, "CONCENTR18": 310, "CONCENTR19": 457, "CONCENTR20": -147, "CONCENTR21": 34.29, "CONCENTR22": 50.55, "CONCENTR23": -16.26, "layer": "Ruta 62", "path": "D:/Atlas de Riesgos 2024/SHAPE/Secciones Electorares Distrito 15/Rutas/Ruta 62.gpkg|layername=Ruta 62" }, "geometry": { "type": "MultiPolygon", "coordinates": [ [ [ [ -99.067928258470502, 19.42080876946719 ], [ -99.067884275231094, 19.420809286607753 ], [ -99.067875478583161, 19.420809390034588 ], [ -99.06786900670339, 19.420809540291046 ], [ -99.065757416879222, 19.420858552362802 ], [ -99.064874934759729, 19.420873244307355 ], [ -99.064871097627318, 19.42087330818023 ], [ -99.064870967736212, 19.420873310342394 ], [ -99.064840640136865, 19.420873815172527 ], [ -99.064152348699594, 19.420885271038397 ], [ -99.063696441751517, 19.420889254542573 ], [ -99.063691883357649, 19.420889294365931 ], [ -99.061619377278532, 19.420900945349967 ], [ -99.061397335306978, 19.420905008940188 ], [ -99.060703454069454, 19.420917705910171 ], [ -99.060301483291155, 19.420924114774134 ], [ -99.060221089131389, 19.420925396440186 ], [ -99.060025914852048, 19.420928507695912 ], [ -99.059936294398014, 19.420927737185337 ], [ -99.059916523360599, 19.420927567198227 ], [ -99.059916523360599, 19.420927567198227 ], [ -99.059916523360599, 19.420927567198227 ], [ -99.059881010030722, 19.420929902651547 ], [ -99.059863088159702, 19.420929082982777 ], [ -99.059843910939961, 19.420928205897827 ], [ -99.059850646822838, 19.420802401774136 ], [ -99.059927199616439, 19.419831994868304 ], [ -99.059942758635643, 19.419654950563579 ], [ -99.061733748536923, 19.419817973978329 ], [ -99.061781908049085, 19.419371546496091 ], [ -99.061832374472345, 19.418903731868518 ], [ -99.06389843782722, 19.419093911040196 ], [ -99.06596996243313, 19.41928386467039 ], [ -99.068061165169738, 19.419497950417792 ], [ -99.068002201098352, 19.419972406288998 ], [ -99.067989892478479, 19.420098929493388 ], [ -99.06797416829049, 19.420260561843833 ], [ -99.067972015037796, 19.420282695572034 ], [ -99.067970153076871, 19.420301835047479 ], [ -99.067965866147901, 19.420357197807078 ], [ -99.067942219907323, 19.420660098491741 ], [ -99.067939380313007, 19.420699243451352 ], [ -99.067928258470502, 19.42080876946719 ], [ -99.067928258470502, 19.42080876946719 ] ] ] ] } },
{ "type": "Feature", "properties": { "fid": 2, "ID": 1901, "ENTIDAD": 9, "DISTRITO_F": 13, "DISTRITO_L": 11, "MUNICIPIO": 6, "SECCION": 1906, "TIPO": 2, "CONTROL": 39462, "GEOMETRY1_": null, "CONCENTRAD": 11, "CONCENTR_1": "Iztacalco", "CONCENTR_2": 392, "CONCENTR_3": 158, "CONCENTR_4": 44, "CONCENTR_5": 0, "CONCENTR_6": 0, "CONCENTR_7": 115, "CONCENTR_8": 0, "CONCENTR_9": 52, "CONCENTR10": 902, "CONCENTR11": 39, "CONCENTR12": 10, "CONCENTR13": 1, "CONCENTR14": 0, "CONCENTR15": 40, "CONCENTR16": 1753, "CONCENTR17": 2691, "CONCENTR18": 644, "CONCENTR19": 902, "CONCENTR20": -258, "CONCENTR21": 36.74, "CONCENTR22": 51.45, "CONCENTR23": -14.72, "layer": "Ruta 62", "path": "D:/Atlas de Riesgos 2024/SHAPE/Secciones Electorares Distrito 15/Rutas/Ruta 62.gpkg|layername=Ruta 62" }, "geometry": { "type": "MultiPolygon", "coordinates": [ [ [ [ -99.071191353240408, 19.417884420866791 ], [ -99.070668266247722, 19.418686536520493 ], [ -99.07063997648207, 19.418750748457757 ], [ -99.070598482721238, 19.418810899765159 ], [ -99.070391013459783, 19.419111656155462 ], [ -99.070309192430059, 19.419230267078365 ], [ -99.070266313775463, 19.419292425547329 ], [ -99.069976712552332, 19.419780204653442 ], [ -99.06990021420475, 19.419909932856356 ], [ -99.069856486877356, 19.419951453276504 ], [ -99.069725304756204, 19.420076014478489 ], [ -99.069594115811682, 19.420185011736649 ], [ -99.069233310710899, 19.420403043510571 ], [ -99.068943564429574, 19.420558792211747 ], [ -99.068555386368587, 19.420704201729784 ], [ -99.068238263435916, 19.420776952443077 ], [ -99.067961760586002, 19.420805331039887 ], [ -99.067928258470502, 19.42080876946719 ], [ -99.067939380313007, 19.420699243451352 ], [ -99.067942219907323, 19.420660098491741 ], [ -99.067965866147901, 19.420357197807078 ], [ -99.067970153076871, 19.420301835047479 ], [ -99.067972015037796, 19.420282695572034 ], [ -99.06797416829049, 19.420260561843833 ], [ -99.067989892478479, 19.420098929493388 ], [ -99.068002201098352, 19.419972406288998 ], [ -99.068061165169738, 19.419497950417792 ], [ -99.06596996243313, 19.41928386467039 ], [ -99.066001698666767, 19.418998258108736 ], [ -99.066081111743387, 19.418283791977284 ], [ -99.066208706424632, 19.417160581797688 ], [ -99.068267514262061, 19.41740928292452 ], [ -99.069014454139136, 19.417498195596021 ], [ -99.069551851177692, 19.417546454409518 ], [ -99.069722978585361, 19.417560820407243 ], [ -99.070453857334314, 19.417614559795858 ], [ -99.070537345542121, 19.41764474953855 ], [ -99.071105989139312, 19.417850372512486 ], [ -99.071191353240408, 19.417884420866788 ], [ -99.071191353240408, 19.417884420866791 ] ] ] ] } },
{ "type": "Feature", "properties": { "fid": 3, "ID": 1902, "ENTIDAD": 9, "DISTRITO_F": 13, "DISTRITO_L": 11, "MUNICIPIO": 6, "SECCION": 1907, "TIPO": 2, "CONTROL": 39745, "GEOMETRY1_": null, "CONCENTRAD": 11, "CONCENTR_1": "Iztacalco", "CONCENTR_2": 307, "CONCENTR_3": 107, "CONCENTR_4": 27, "CONCENTR_5": 0, "CONCENTR_6": 0, "CONCENTR_7": 86, "CONCENTR_8": 0, "CONCENTR_9": 37, "CONCENTR10": 615, "CONCENTR11": 29, "CONCENTR12": 4, "CONCENTR13": 0, "CONCENTR14": 1, "CONCENTR15": 31, "CONCENTR16": 1244, "CONCENTR17": 1821, "CONCENTR18": 474, "CONCENTR19": 615, "CONCENTR20": -141, "CONCENTR21": 38.1, "CONCENTR22": 49.44, "CONCENTR23": -11.33, "layer": "Ruta 62", "path": "D:/Atlas de Riesgos 2024/SHAPE/Secciones Electorares Distrito 15/Rutas/Ruta 62.gpkg|layername=Ruta 62" }, "geometry": { "type": "MultiPolygon", "coordinates": [ [ [ [ -99.071949003343633, 19.416694736988617 ], [ -99.071202706381541, 19.417866593991377 ], [ -99.071191353240408, 19.417884420866788 ], [ -99.071105989139312, 19.417850372512486 ], [ -99.070537345542121, 19.41764474953855 ], [ -99.070453857334314, 19.417614559795858 ], [ -99.069722978585361, 19.417560820407243 ], [ -99.069551851177692, 19.417546454409518 ], [ -99.069014454139136, 19.417498195596021 ], [ -99.068267514262061, 19.41740928292452 ], [ -99.066208706424632, 19.417160581797688 ], [ -99.065537276479944, 19.417074720392009 ], [ -99.064812304306784, 19.416986497344663 ], [ -99.065001758261658, 19.415161492198713 ], [ -99.06572960378989, 19.415275024953022 ], [ -99.06640394204959, 19.415359115327757 ], [ -99.068423516978328, 19.415656277572399 ], [ -99.068638964502341, 19.415683008929108 ], [ -99.069386893352402, 19.415788849564958 ], [ -99.069996577729455, 19.415875471813017 ], [ -99.070977144871222, 19.416014798259056 ], [ -99.071124842983636, 19.416046299782099 ], [ -99.071186317188406, 19.41605941115688 ], [ -99.071222399887404, 19.416067106956067 ], [ -99.071272541152581, 19.416077801184773 ], [ -99.071313263851707, 19.416293773661881 ], [ -99.071499972175545, 19.416453633291574 ], [ -99.071851712881028, 19.41664611161297 ], [ -99.071949003343633, 19.416694736988617 ], [ -99.071949003343633, 19.416694736988617 ] ] ] ] } },
{ "type": "Feature", "properties": { "fid": 4, "ID": 1903, "ENTIDAD": 9, "DISTRITO_F": 13, "DISTRITO_L": 11, "MUNICIPIO": 6, "SECCION": 1908, "TIPO": 2, "CONTROL": 39590, "GEOMETRY1_": null, "CONCENTRAD": 11, "CONCENTR_1": "Iztacalco", "CONCENTR_2": 126, "CONCENTR_3": 30, "CONCENTR_4": 17, "CONCENTR_5": 0, "CONCENTR_6": 0, "CONCENTR_7": 52, "CONCENTR_8": 0, "CONCENTR_9": 20, "CONCENTR10": 391, "CONCENTR11": 6, "CONCENTR12": 1, "CONCENTR13": 0, "CONCENTR14": 0, "CONCENTR15": 9, "CONCENTR16": 660, "CONCENTR17": 968, "CONCENTR18": 180, "CONCENTR19": 391, "CONCENTR20": -211, "CONCENTR21": 27.27, "CONCENTR22": 59.24, "CONCENTR23": -31.97, "layer": "Ruta 62", "path": "D:/Atlas de Riesgos 2024/SHAPE/Secciones Electorares Distrito 15/Rutas/Ruta 62.gpkg|layername=Ruta 62" }, "geometry": { "type": "MultiPolygon", "coordinates": [ [ [ [ -99.06596996243313, 19.41928386467039 ], [ -99.06389843782722, 19.419093911040196 ], [ -99.063948516219341, 19.418605529134894 ], [ -99.064012214799504, 19.418025521823228 ], [ -99.06406466079271, 19.417570633406221 ], [ -99.064145108850823, 19.416907315417426 ], [ -99.06422645266656, 19.416096592451385 ], [ -99.06427015633021, 19.415735778386495 ], [ -99.064353561144614, 19.415047190264989 ], [ -99.065001758261658, 19.415161492198713 ], [ -99.064812304306784, 19.416986497344663 ], [ -99.065537276479944, 19.417074720392009 ], [ -99.066208706424632, 19.417160581797688 ], [ -99.066081111743387, 19.418283791977284 ], [ -99.066001698666767, 19.418998258108736 ], [ -99.06596996243313, 19.41928386467039 ] ] ] ] } },
{ "type": "Feature", "properties": { "fid": 1, "ID": 1899, "ENTIDAD": 9, "DISTRITO_F": 13, "DISTRITO_L": 11, "MUNICIPIO": 6, "SECCION": 1904, "TIPO": 2, "CONTROL": 39603, "GEOMETRY1_": null, "CONCENTRAD": 11, "CONCENTR_1": "Iztacalco", "CONCENTR_2": 172, "CONCENTR_3": 72, "CONCENTR_4": 22, "CONCENTR_5": 0, "CONCENTR_6": 0, "CONCENTR_7": 70, "CONCENTR_8": 0, "CONCENTR_9": 36, "CONCENTR10": 525, "CONCENTR11": 14, "CONCENTR12": 2, "CONCENTR13": 0, "CONCENTR14": 0, "CONCENTR15": 21, "CONCENTR16": 934, "CONCENTR17": 1436, "CONCENTR18": 282, "CONCENTR19": 525, "CONCENTR20": -243, "CONCENTR21": 30.19, "CONCENTR22": 56.21, "CONCENTR23": -26.02, "layer": "Ruta 63", "path": "D:/Atlas de Riesgos 2024/SHAPE/Secciones Electorares Distrito 15/Rutas/Ruta 63.gpkg|layername=Ruta 63" }, "geometry": { "type": "MultiPolygon", "coordinates": [ [ [ [ -99.055968501744189, 19.421778193476325 ], [ -99.056015970498734, 19.420570720838814 ], [ -99.056101343494461, 19.419832731713921 ], [ -99.056165082102083, 19.419281752951211 ], [ -99.056286509803016, 19.418232077897905 ], [ -99.056345697711834, 19.417720426389955 ], [ -99.056369620968283, 19.417513621109638 ], [ -99.057325622948156, 19.417598050704918 ], [ -99.05827483091403, 19.417708141562493 ], [ -99.058232462310642, 19.41806238137497 ], [ -99.058221802006955, 19.418151954122866 ], [ -99.058159450796424, 19.418675855543132 ], [ -99.058064083823467, 19.419477162942705 ], [ -99.059942758635643, 19.419654950563579 ], [ -99.059927199616439, 19.419831994868304 ], [ -99.059850646822838, 19.420802401774136 ], [ -99.059843910939961, 19.420928205897827 ], [ -99.058669034966826, 19.420935934037725 ], [ -99.057980377358533, 19.42092945951693 ], [ -99.057883581967332, 19.420928549270773 ], [ -99.057575069498014, 19.420964534123701 ], [ -99.057225142980585, 19.421068403716152 ], [ -99.056951783135702, 19.421208564292865 ], [ -99.056755318331739, 19.421346390185512 ], [ -99.056476525275173, 19.421590310742005 ], [ -99.056263337270281, 19.421797894905346 ], [ -99.05608844217322, 19.422052158540854 ], [ -99.056066444533215, 19.42209915772785 ], [ -99.056044446880605, 19.42214615691206 ], [ -99.055968501744189, 19.421778193476325 ] ] ] ] } },
{ "type": "Feature", "properties": { "fid": 2, "ID": 1904, "ENTIDAD": 9, "DISTRITO_F": 13, "DISTRITO_L": 11, "MUNICIPIO": 6, "SECCION": 1909, "TIPO": 2, "CONTROL": 39612, "GEOMETRY1_": null, "CONCENTRAD": 11, "CONCENTR_1": "Iztacalco", "CONCENTR_2": 230, "CONCENTR_3": 89, "CONCENTR_4": 38, "CONCENTR_5": 0, "CONCENTR_6": 0, "CONCENTR_7": 106, "CONCENTR_8": 0, "CONCENTR_9": 47, "CONCENTR10": 694, "CONCENTR11": 29, "CONCENTR12": 1, "CONCENTR13": 1, "CONCENTR14": 12, "CONCENTR15": 35, "CONCENTR16": 1290, "CONCENTR17": 2010, "CONCENTR18": 388, "CONCENTR19": 694, "CONCENTR20": -306, "CONCENTR21": 30.08, "CONCENTR22": 53.8, "CONCENTR23": -23.72, "layer": "Ruta 63", "path": "D:/Atlas de Riesgos 2024/SHAPE/Secciones Electorares Distrito 15/Rutas/Ruta 63.gpkg|layername=Ruta 63" }, "geometry": { "type": "MultiPolygon", "coordinates": [ [ [ [ -99.061733748536923, 19.419817973978329 ], [ -99.059942758635643, 19.419654950563579 ], [ -99.059993680363647, 19.419122800878231 ], [ -99.060038993285787, 19.418649262250316 ], [ -99.060056693879844, 19.418464283036837 ], [ -99.060077044038948, 19.418251614154446 ], [ -99.060110657885616, 19.417898957084297 ], [ -99.060139273553332, 19.417601206871307 ], [ -99.061942568395153, 19.417789333957806 ], [ -99.062511672435249, 19.417854236597446 ], [ -99.064012214799504, 19.418025521823228 ], [ -99.063948516219341, 19.418605529134894 ], [ -99.06389843782722, 19.419093911040196 ], [ -99.061832374472345, 19.418903731868518 ], [ -99.061781908049085, 19.419371546496091 ], [ -99.061733748536923, 19.419817973978329 ] ] ] ] } },
{ "type": "Feature", "properties": { "fid": 3, "ID": 1905, "ENTIDAD": 9, "DISTRITO_F": 13, "DISTRITO_L": 11, "MUNICIPIO": 6, "SECCION": 1910, "TIPO": 2, "CONTROL": 39606, "GEOMETRY1_": null, "CONCENTRAD": 11, "CONCENTR_1": "Iztacalco", "CONCENTR_2": 120, "CONCENTR_3": 46, "CONCENTR_4": 14, "CONCENTR_5": 0, "CONCENTR_6": 0, "CONCENTR_7": 41, "CONCENTR_8": 0, "CONCENTR_9": 19, "CONCENTR10": 393, "CONCENTR11": 13, "CONCENTR12": 6, "CONCENTR13": 0, "CONCENTR14": 0, "CONCENTR15": 14, "CONCENTR16": 667, "CONCENTR17": 1030, "CONCENTR18": 199, "CONCENTR19": 393, "CONCENTR20": -194, "CONCENTR21": 29.84, "CONCENTR22": 58.92, "CONCENTR23": -29.09, "layer": "Ruta 63", "path": "D:/Atlas de Riesgos 2024/SHAPE/Secciones Electorares Distrito 15/Rutas/Ruta 63.gpkg|layername=Ruta 63" }, "geometry": { "type": "MultiPolygon", "coordinates": [ [ [ [ -99.064012214799504, 19.418025521823228 ], [ -99.062511672435249, 19.417854236597446 ], [ -99.061942568395153, 19.417789333957806 ], [ -99.060139273553332, 19.417601206871307 ], [ -99.060192080416698, 19.417163414704834 ], [ -99.060209818766211, 19.417017578491119 ], [ -99.06022911947565, 19.416858897005838 ], [ -99.060281148012464, 19.416431140957457 ], [ -99.061148987710126, 19.41653946890721 ], [ -99.062071584068107, 19.416655638063595 ], [ -99.062617694735536, 19.41671995583361 ], [ -99.063131723523796, 19.416783032931875 ], [ -99.064145108850823, 19.416907315417426 ], [ -99.06406466079271, 19.417570633406221 ], [ -99.064012214799504, 19.418025521823228 ] ] ] ] } },
{ "type": "Feature", "properties": { "fid": 4, "ID": 1908, "ENTIDAD": 9, "DISTRITO_F": 13, "DISTRITO_L": 11, "MUNICIPIO": 6, "SECCION": 1913, "TIPO": 2, "CONTROL": 39628, "GEOMETRY1_": null, "CONCENTRAD": 11, "CONCENTR_1": "Iztacalco", "CONCENTR_2": 248, "CONCENTR_3": 83, "CONCENTR_4": 34, "CONCENTR_5": 0, "CONCENTR_6": 0, "CONCENTR_7": 84, "CONCENTR_8": 0, "CONCENTR_9": 40, "CONCENTR10": 871, "CONCENTR11": 14, "CONCENTR12": 4, "CONCENTR13": 6, "CONCENTR14": 2, "CONCENTR15": 32, "CONCENTR16": 1418, "CONCENTR17": 2061, "CONCENTR18": 389, "CONCENTR19": 871, "CONCENTR20": -482, "CONCENTR21": 27.43, "CONCENTR22": 61.42, "CONCENTR23": -33.99, "layer": "Ruta 63", "path": "D:/Atlas de Riesgos 2024/SHAPE/Secciones Electorares Distrito 15/Rutas/Ruta 63.gpkg|layername=Ruta 63" }, "geometry": { "type": "MultiPolygon", "coordinates": [ [ [ [ -99.056455589287893, 19.416756562524519 ], [ -99.056539644402662, 19.416016345307636 ], [ -99.056548983813471, 19.415934098944209 ], [ -99.05720701569399, 19.416021332318074 ], [ -99.057829963184062, 19.416103912372588 ], [ -99.058448139027689, 19.416182920426426 ], [ -99.059184028476238, 19.41628434653186 ], [ -99.059720723349045, 19.416356157084895 ], [ -99.060281148012464, 19.416431140957457 ], [ -99.06022911947565, 19.416858897005838 ], [ -99.060209818766211, 19.417017578491119 ], [ -99.060192080416698, 19.417163414704834 ], [ -99.060139273553332, 19.417601206871307 ], [ -99.060110657885616, 19.417898957084297 ], [ -99.060077044038948, 19.418251614154446 ], [ -99.060056693879844, 19.418464283036837 ], [ -99.060038993285787, 19.418649262250316 ], [ -99.059993680363647, 19.419122800878231 ], [ -99.059942758635643, 19.419654950563579 ], [ -99.058064083823467, 19.419477162942705 ], [ -99.058159450796424, 19.418675855543132 ], [ -99.058221802006955, 19.418151954122866 ], [ -99.058232462310642, 19.41806238137497 ], [ -99.05827483091403, 19.417708141562493 ], [ -99.057325622948156, 19.417598050704918 ], [ -99.056369620968283, 19.417513621109638 ], [ -99.056455589287893, 19.416756562524519 ] ] ] ] } }
]
}
